Exchange Date,Close,Open,Low,High,Volume,data_adicional,ibov_status
2020-01-02,21.773935,21.344526,21.178487,21.773935,22732707.726729,0,1
2020-01-03,21.544917,21.470486,21.441859,21.89417,27380537.261946,0,1
2020-01-06,21.224291,21.499113,21.132684,21.51629,24524167.547583,0,1
2020-01-07,20.731901,21.224291,20.731901,21.321624,22000987.799901,0,1
2020-01-08,20.394099,20.869312,20.394099,21.075429,28578987.142101,0,1
2020-01-09,19.987591,20.491432,19.764298,20.571588,53266174.673383,0,1
2020-01-10,19.810102,20.084924,19.792925,20.296766,28073757.192624,0,1
2020-01-13,20.073473,20.050571,19.890258,20.268139,32120766.787923,0,1
2020-01-14,20.073473,19.993316,19.827278,20.073473,20276627.972337,0,1
2020-01-15,19.827278,19.97614,19.695592,20.004767,36033246.396675,0,1
2020-01-16,19.867356,19.981866,19.707043,20.079198,25143247.485675,0,1
2020-01-17,20.004767,19.981866,19.884533,20.210884,21695187.830481,0,1
2020-01-20,19.59826,19.924611,19.558181,20.03912,20154417.984558,0,1
2020-01-21,19.180301,19.472299,19.145948,19.741396,29565907.043409,0,1
2020-01-22,19.29481,19.380692,19.180301,19.506652,19187848.081215,0,1
2020-01-23,19.752847,19.180301,19.123046,19.930336,36385356.361464,0,1
2020-01-24,19.603985,19.815827,19.437947,19.821553,16231708.376829,0,1
2020-01-27,19.180301,19.317712,19.128772,19.518103,15825808.417419,0,1
2020-01-28,19.174575,19.334888,19.065792,19.449398,18903938.109606,0,1
2020-01-29,18.876851,19.289085,18.848224,19.346339,22078537.792146,0,1
2020-01-30,19.151673,18.693636,18.653558,19.151673,45968775.403122,0,1
2020-01-31,18.790969,18.888302,18.630656,19.117321,28005777.199422,0,1
2020-02-03,18.845385,18.902666,18.782376,19.080237,19344598.06554,0,1
2020-02-04,18.994315,19.108877,18.845385,19.166158,17303328.269667,0,1
2020-02-05,19.108877,19.30936,19.108877,19.544211,38271086.172891,0,1
2020-02-06,19.063052,19.303632,18.965675,19.326544,29136577.086342,0,1
2020-02-07,19.30936,18.931307,18.902666,19.561395,40828695.91713,0,1
2020-02-10,19.63586,19.320816,19.292176,19.801975,50615174.938483,0,1
2020-02-11,20.088379,20.139932,19.842071,20.306046,105065279.493472,0,1
2020-02-12,20.008186,20.14566,19.910808,20.32323,72906012.709399,0,1
2020-02-13,19.698869,19.882168,19.590036,19.927993,22312947.768705,0,1
2020-02-14,19.366641,19.630132,19.286448,19.704597,34655936.534406,0,1
2020-02-17,19.18907,19.469746,19.108877,19.469746,35458496.45415,0,1
2020-02-18,19.269263,19.120333,18.885482,19.326544,26344997.3655,0,1
2020-02-19,19.544211,19.303632,19.200526,19.716054,21751617.824838,0,1
2020-02-20,19.475474,19.60722,19.378097,19.630132,52809564.719044,0,1
2020-02-21,19.290542,19.34957,19.154776,19.420405,21451317.854868,0,1
2020-02-26,18.328376,18.35789,18.163096,18.653033,38754316.124568,0,1
2020-02-27,18.340181,18.121776,18.045038,19.083942,67110443.288956,0,1
2020-02-28,18.889147,18.35789,18.180804,18.93637,61673143.832686,0,1
2020-03-02,18.827143,18.838954,18.4669,19.069274,56402934.359707,0,1
2020-03-03,18.484616,18.691313,18.283825,18.880294,48060095.19399,0,1
2020-03-04,18.661785,18.785803,18.266108,18.797615,34352886.564711,0,1
2020-03-05,18.023977,18.460994,17.823186,18.596823,33448026.655197,0,1
2020-03-06,17.640112,17.48066,17.315302,17.923582,35671126.432887,0,1
2020-03-09,16.417647,16.535759,16.163705,16.801512,52008984.799102,0,1
2020-03-10,16.825135,17.421603,16.281817,17.539716,48876955.112304,0,1
2020-03-11,15.455029,16.417647,14.781788,16.618438,52362634.763737,0,1
2020-03-12,13.937283,13.701058,13.234513,14.504223,64112833.588717,0,1
2020-03-13,15.478652,15.909763,13.966811,16.051498,98438000.1562,0,1
2020-03-16,14.055395,13.878226,13.417587,15.153842,68368513.163149,0,1
2020-03-17,14.882183,14.474695,13.878226,15.773933,77186772.281323,0,1
2020-03-18,13.848698,14.155791,12.720723,14.321149,91951630.804837,0,1
2020-03-19,13.494361,13.447116,12.478593,14.014056,80756161.924384,0,1
2020-03-20,13.02191,13.813264,12.756157,14.155791,80471371.952863,0,1
2020-03-23,12.118349,13.145929,11.811257,13.281758,58634174.136583,0,1
2020-03-24,13.287664,12.815213,12.697101,13.748303,56468604.35314,0,1
2020-03-25,13.937283,13.128212,12.998288,14.604619,48037985.196201,0,1
2020-03-26,14.321149,14.309337,14.00815,14.657769,55708614.429139,0,1
2020-03-27,13.565228,13.594756,13.293569,14.185319,46000675.399932,0,1
2020-03-30,14.23847,13.647907,13.482549,14.403827,33160816.683918,0,1
2020-03-31,13.636096,14.14398,13.470738,14.321149,44266525.573347,0,1
2020-04-01,12.646265,13.130841,12.522166,13.225393,48427605.157239,0,1
2020-04-02,12.705359,12.634446,12.498528,13.000833,42925955.707404,0,1
2020-04-03,12.208964,12.658083,11.824848,12.69354,40952995.9047,0,1
2020-04-06,13.107203,13.083565,12.935829,13.402677,43081825.691817,0,1
2020-04-07,13.59178,13.887253,13.544504,14.111813,41757315.824268,0,1
2020-04-08,14.289097,13.597689,13.556323,14.413196,44879335.512066,0,1
2020-04-09,13.887253,14.454562,13.887253,14.596389,40801525.919847,0,1
2020-04-13,14.182727,13.857706,13.603599,14.182727,23550997.6449,0,1
2020-04-14,14.360011,14.454562,14.360011,14.862316,37066036.293396,0,1
2020-04-15,13.828158,14.094085,13.81043,14.466381,38030846.196915,0,1
2020-04-16,13.4795,14.005443,13.47359,14.076356,33909476.609052,0,1
2020-04-17,13.721788,13.851796,13.36131,13.952257,27607247.239275,0,1
2020-04-20,13.379039,13.426315,13.296306,13.574051,31218436.878156,0,1
2020-04-22,13.219483,13.237211,13.124932,13.668603,52588904.74111,0,1
2020-04-23,13.03038,13.390858,12.906281,13.438133,45107035.489296,0,1
2020-04-24,12.338972,12.847187,12.037589,12.894462,75336132.466387,0,1
2020-04-27,12.746726,12.728997,12.46898,13.083565,42121965.787803,0,1
2020-04-28,13.798611,13.579961,13.349491,13.952257,63669643.633036,0,1
2020-04-29,13.981805,14.182727,13.686331,14.25364,34417236.558276,0,1
2020-04-30,13.455862,13.349491,13.272668,13.786792,50697454.930255,0,1
2020-05-04,12.944359,12.979839,12.879312,13.062626,34923566.507643,0,1
2020-05-05,13.423342,13.127673,12.956186,13.819537,56793874.320613,0,1
2020-05-06,13.151327,13.364208,13.009406,13.470648,31833446.816655,0,1
2020-05-07,12.678257,13.234114,12.494943,13.293247,57243004.2757,0,1
2020-05-08,13.198634,13.021233,12.950272,13.464735,39131946.086805,0,1
2020-05-11,13.234114,13.109933,13.109933,13.618483,41694065.830593,0,1
2020-05-12,12.778785,13.310988,12.766958,13.399688,47184605.281539,0,1
2020-05-13,12.772871,12.855658,12.536337,12.973926,37981346.201865,0,1
2020-05-14,13.334641,12.601384,12.258408,13.358295,67697733.230227,0,1
2020-05-15,12.790611,13.305074,12.790611,13.464735,41384305.861569,0,1
2020-05-18,13.405601,13.275507,13.015319,13.565262,54278614.572139,0,1
2020-05-19,12.826092,13.381948,12.778785,13.435168,44426245.557375,0,1
2020-05-20,12.772871,12.968012,12.63095,12.979839,45283695.47163,0,1
2020-05-21,13.506129,12.843832,12.837918,13.506129,66692993.330701,0,1
2020-05-22,13.577089,13.364208,13.133587,13.80771,55395664.460434,0,1
2020-05-25,14.168426,14.138859,13.831364,14.304433,30637416.936258,0,1
2020-05-26,13.606656,14.38722,13.517955,14.440441,57980004.202,0,1
2020-05-27,14.032418,13.979198,13.695356,14.032418,39922186.007781,0,1
2020-05-28,13.784057,13.890497,13.784057,14.221646,26169437.383056,0,1
2020-05-29,13.624396,13.707183,13.429255,13.778144,59132804.08672,0,1
2020-06-01,14.000139,13.50901,13.432086,14.112566,42878105.712189,0,1
2020-06-02,14.940977,14.201324,14.100732,14.970563,63205443.679456,0,1
2020-06-03,15.33743,15.562284,15.266424,15.840394,64167723.583228,0,1
2020-06-04,15.781222,15.248672,15.077073,15.875897,48523855.147614,0,1
2020-06-05,16.130337,16.662887,16.083,16.982417,70828992.917101,0,1
2020-06-08,16.781231,16.33744,16.278268,16.852238,34767256.523274,0,1
2020-06-09,16.449867,16.313771,16.130337,16.710225,56663084.333692,0,1
2020-06-10,15.733884,16.633301,15.668794,16.668804,53949164.605084,0,1
2020-06-12,15.420271,15.331513,15.159914,15.603705,59466324.053368,0,1
2020-06-15,15.059321,14.852218,14.810798,15.378851,40931105.906889,0,1
2020-06-16,15.491278,15.680629,15.207251,15.722049,41629165.837083,0,1
2020-06-17,15.686546,15.491278,15.473526,15.940986,39279346.072065,0,1
2020-06-18,16.301937,15.680629,15.574119,16.514957,59216624.078338,0,1
2020-06-19,16.621467,16.627384,16.319688,16.710225,67774733.222527,0,1
2020-06-22,16.106669,16.59188,15.923235,16.710225,32015606.798439,0,1
2020-06-23,15.893649,16.390695,15.716132,16.420281,65380693.461931,0,1
2020-06-24,15.290092,15.852228,15.148079,15.929152,62844643.715536,0,1
2020-06-25,15.473526,15.40252,15.094824,15.580036,50727924.927208,0,1
2020-06-26,15.213169,15.213169,15.112576,15.514947,43389385.661061,0,1
2020-06-29,15.668794,15.325596,15.236837,15.692463,33595756.640424,0,1
2020-06-30,15.059321,15.514947,15.059321,15.568202,49893465.010653,0,1
2020-07-01,15.453042,15.157007,15.121482,15.51817,42963465.703653,0,1
2020-07-02,15.719474,15.68987,15.636584,16.133923,45562215.443778,0,1
2020-07-03,15.68987,15.624742,15.512249,15.802364,10885818.911418,0,1
2020-07-06,16.418117,16.056954,15.897095,16.489165,32260686.773931,0,1
2020-07-07,15.612901,16.240496,15.583297,16.406276,70760132.923987,0,1
2020-07-08,15.950381,15.778681,15.68987,16.02735,37330806.266919,0,1
2020-07-09,15.956302,15.997747,15.737236,16.086557,47661125.233887,0,1
2020-07-10,16.10432,15.956302,15.760919,16.169447,26320907.367909,0,1
2020-07-13,15.867491,16.252337,15.867491,16.311544,26969357.303064,0,1
2020-07-14,16.133923,15.837888,15.654346,16.234575,31131866.886813,0,1
2020-07-15,16.246417,16.305624,16.02735,16.459562,35026636.497336,0,1
2020-07-16,15.974064,16.086557,15.93854,16.175368,21276747.872325,0,1
2020-07-17,16.116161,16.051033,15.985905,16.222734,35525816.447418,0,1
2020-07-20,16.163527,16.133923,15.962223,16.299703,31393446.860655,0,1
2020-07-21,16.400355,16.341148,16.199051,16.601659,40543135.945686,0,1
2020-07-22,16.02735,16.489165,15.849729,16.489165,49890385.010961,0,1
2020-07-23,15.68987,16.045113,15.666187,16.068795,32087436.791256,0,1
2020-07-24,15.672108,15.60106,15.458963,15.914857,33031676.696832,0,1
2020-07-27,16.459562,15.766839,15.713553,16.53061,54241434.575857,0,1
2020-07-28,16.364831,16.412196,16.293782,16.731914,25929087.407091,0,1
2020-07-29,16.749677,16.666787,16.506928,16.868091,29735967.026403,0,1
2020-07-30,16.465483,16.501007,16.234575,16.714152,31736976.826302,0,1
2020-07-31,15.920778,16.542452,15.861571,16.566135,33846226.615377,0,1
2020-08-03,16.160703,16.054071,15.69863,16.415435,36306046.369395,0,1
2020-08-04,15.218785,15.55053,15.052913,15.811186,86983481.301652,0,1
2020-08-05,15.206937,15.49129,15.023293,15.58015,54706514.529349,0,1
2020-08-06,15.420201,15.224709,15.052913,15.58015,32540526.745947,0,1
2020-08-07,15.094381,15.183241,15.046989,15.66901,72643662.735634,0,1
2020-08-10,15.289873,15.118077,15.052913,15.449822,32983936.701606,0,1
2020-08-11,15.112153,15.473518,15.112153,15.574226,28676557.132344,0,1
2020-08-12,14.940357,15.218785,14.756712,15.319493,54143204.58568,0,1
2020-08-13,14.513828,15.082533,14.513828,15.135849,44640745.535925,0,1
2020-08-14,14.65008,14.555296,14.436816,14.934433,33487406.651259,0,1
2020-08-17,14.300563,14.644156,14.128767,14.661928,41288495.87115,0,1
2020-08-18,14.391335,14.616942,14.278532,14.628816,45921695.40783,0,1
2020-08-19,14.320091,14.438831,14.26072,14.498201,29930887.006911,0,1
2020-08-20,14.320091,14.070736,13.975744,14.391335,36344106.365589,0,1
2020-08-21,14.296343,14.195413,14.136043,14.391335,25988707.401129,0,1
2020-08-24,14.533823,14.397272,14.385398,14.741619,36413736.358626,0,1
2020-08-25,14.426957,14.628816,14.320091,14.664438,35056116.494388,0,1
2020-08-26,14.124169,14.426957,13.957932,14.462579,33440986.655901,0,1
2020-08-27,14.355713,14.183539,14.130106,14.545697,38581946.141805,0,1
2020-08-28,14.504138,14.426957,14.337902,14.581319,61557533.844247,0,1
2020-08-31,13.981681,14.349776,13.981681,14.42102,49097835.090216,0,1
2020-09-01,14.459916,14.180698,14.097527,14.459916,61577553.842245,0,1
2020-09-02,14.430212,14.465857,14.198521,14.525265,27460067.253993,0,1
2020-09-03,14.780719,14.376745,14.352982,15.149049,88939281.106072,0,1
2020-09-04,14.828246,14.947062,14.584673,15.024292,45704775.429522,0,1
2020-09-08,14.495561,14.590614,14.41833,14.715371,32027046.797295,0,1
2020-09-09,14.513383,14.614377,14.352982,14.739134,32542066.745793,0,1
2020-09-10,14.204461,14.495561,14.198521,14.650022,39414316.058568,0,1
2020-09-11,14.038119,14.228225,13.919303,14.299514,25423307.457669,0,1
2020-09-14,14.287633,14.133172,13.853954,14.388626,47530665.246933,0,1
2020-09-15,14.097527,14.358922,14.020297,14.394567,31973256.802674,0,1
2020-09-16,14.055941,14.115349,14.04406,14.388626,27954187.204581,0,1
2020-09-17,14.073764,13.960889,13.89554,14.156935,27467767.253223,0,1
2020-09-18,13.723256,13.960889,13.681671,14.032178,42358245.764175,0,1
2020-09-21,13.60444,13.515328,13.337104,13.67573,40130965.986903,0,1
2020-09-22,13.723256,13.574736,13.521269,13.848013,29798007.020199,0,1
2020-09-23,13.354927,13.616322,13.348986,13.741079,26887187.311281,0,1
2020-09-24,13.681671,13.366808,13.319282,13.865836,43720045.627995,0,1
2020-09-25,13.610381,13.550973,13.438098,13.651967,23837327.616267,0,1
2020-09-28,13.60444,13.812368,13.414335,14.198521,63923853.607615,0,1
2020-09-29,13.3074,13.60444,13.247992,13.610381,29658197.03418,0,1
2020-09-30,13.366808,13.414335,13.289578,13.479683,24365107.563489,0,1
2020-10-01,13.387619,13.405454,13.185497,13.435177,22304257.769574,0,1
2020-10-02,13.429233,13.292503,13.280613,13.863201,38645526.135447,0,1
2020-10-05,13.571907,13.506515,13.280613,13.678913,24960867.503913,0,1
2020-10-06,13.595686,13.726471,13.50057,13.898869,23103517.689648,0,1
2020-10-07,13.494625,13.631355,13.417343,13.672968,24951627.504837,0,1
2020-10-08,14.309058,13.506515,13.435177,14.433899,69169423.083058,0,1
2020-10-09,14.267445,14.207997,14.02371,14.630076,53705624.629438,0,1
2020-10-13,14.130715,14.255556,14.041544,14.344727,33787046.621295,0,1
2020-10-14,14.089102,14.202053,14.065323,14.249611,23931377.606862,0,1
2020-10-15,13.964262,13.946428,13.827532,14.106936,23839967.616003,0,1
2020-10-16,13.738361,13.916704,13.726471,13.940483,23269617.673038,0,1
2020-10-19,13.88698,13.821587,13.6373,14.237721,41988535.801146,0,1
2020-10-20,14.439843,13.982096,13.970207,14.505236,50087174.991283,0,1
2020-10-21,14.570628,14.422009,14.309058,14.826253,41736745.826325,0,1
2020-10-22,15.319669,14.606297,14.594407,15.408841,72728802.72712,0,1
2020-10-23,15.123492,15.396951,15.105657,15.634742,55366184.463382,0,1
2020-10-26,15.230498,15.040265,14.957038,15.373172,35211986.478801,0,1
2020-10-27,14.79653,15.515847,14.677634,15.55746,51481534.851847,0,1
2020-10-28,14.13666,14.416064,14.106936,14.517125,42244615.775538,0,1
2020-10-29,14.207997,14.017765,13.696747,14.291224,47026975.297302,0,1
2020-10-30,13.958317,14.059378,13.809698,14.225832,42890645.710935,0,1
2020-11-03,14.300362,14.217082,14.104059,14.466922,41184325.881567,0,1
2020-11-04,14.871425,15.168853,14.794093,15.311619,106693499.33065,0,1
2020-11-05,15.22239,15.174802,15.115316,15.43059,48548275.145172,0,1
2020-11-06,15.204545,15.079625,15.026088,15.359208,35009696.49903,0,1
2020-11-09,16.435899,15.906476,15.906476,16.667893,110123298.98767,0,1
2020-11-10,17.17947,16.447796,16.447796,17.340081,93661580.633842,0,1
2020-11-11,17.036704,17.108087,16.780916,17.250853,67672213.232779,0,1
2020-11-12,16.620304,16.905836,16.412104,17.161624,50679854.932015,0,1
2020-11-13,16.935579,16.757121,16.650047,17.01291,40532575.946742,0,1
2020-11-16,17.530436,17.26275,17.191367,17.601818,59407914.059209,0,1
2020-11-17,17.542333,17.47095,17.191367,17.613716,44658125.534187,0,1
2020-11-18,17.114036,17.506641,17.078344,17.589921,45480375.451962,0,1
2020-11-19,17.13783,17.191367,17.05455,17.488796,29286287.071371,0,1
2020-11-20,16.983167,17.084293,16.88799,17.238956,20063007.993699,0,1
2020-11-23,17.191367,17.161624,17.090241,17.375773,30333376.966662,0,1
2020-11-24,17.673201,17.310338,17.310338,17.952784,52425994.757401,0,1
2020-11-25,17.465001,17.619664,17.209213,17.72079,46455415.354458,0,1
2020-11-26,17.09619,17.423361,17.024807,17.453104,33750306.624969,0,1
2020-11-27,17.227059,17.280596,17.191367,17.72079,48559495.14405,0,1
2020-11-30,16.989116,17.233007,16.989116,17.369824,65878223.412178,0,1
2020-12-01,17.706291,17.289673,17.224204,18.134813,56501164.349884,0,1
2020-12-02,17.84318,17.80747,17.521789,17.997924,35364226.463577,0,1
2020-12-03,17.831277,17.938407,17.795567,18.378833,43876575.612342,0,1
2020-12-04,18.009828,17.986021,17.646774,18.099103,38606256.139374,0,1
2020-12-07,18.116958,18.003876,17.872939,18.485963,33729406.627059,0,1
2020-12-08,18.069345,18.116958,17.968166,18.527625,30617616.938238,0,1
2020-12-09,18.176475,18.0872,18.027683,18.295509,34741956.525804,0,1
2020-12-10,18.777596,18.307412,18.307412,18.878775,55520184.447982,0,1
2020-12-11,18.666641,18.589112,18.374416,18.773989,26405497.35945,0,1
2020-12-14,18.416162,18.768026,18.416162,18.863446,29425327.057467,0,1
2020-12-15,18.583148,18.469836,18.445981,18.726279,27559177.244082,0,1
2020-12-16,18.935012,18.630859,18.499655,19.191454,45328685.467131,0,1
2020-12-17,18.911156,19.018504,18.827663,19.173563,19647648.035235,0,1
2020-12-18,18.881337,18.91712,18.791881,19.155671,34885506.511449,0,1
2020-12-21,18.547366,18.517547,18.434054,18.785917,28616057.138394,0,1
2020-12-22,18.636822,18.589112,18.577185,18.875374,21624897.83751,0,1
2020-12-23,19.048323,18.678569,18.64875,19.113925,21955117.804488,0,1
2020-12-28,19.18549,19.215309,19.09007,19.340549,16989058.301094,0,1
2020-12-29,19.143744,19.245128,19.04236,19.316694,18022618.197738,0,1
2020-12-30,18.863446,19.203382,18.863446,19.280911,28208837.179116,0,1
2021-01-04,18.436829,19.081223,18.401029,19.08719,34482576.551742,0,1
2021-01-05,18.317497,18.335397,18.001266,18.532295,31074776.892522,0,1
2021-01-06,18.824659,18.484562,18.371196,19.128956,47368085.263191,0,1
2021-01-07,19.588385,18.884325,18.794826,19.725617,50740024.925998,0,1
2021-01-08,19.582418,19.648051,19.349721,19.952348,57781234.221877,0,1
2021-01-11,19.140889,19.373587,18.926091,19.510819,34720176.527982,0,1
2021-01-12,19.200555,19.200555,19.105089,19.361654,36398226.360177,0,1
2021-01-13,18.884325,19.200555,18.651627,19.409387,46994195.30058,0,1
2021-01-14,19.445186,19.105089,18.896258,19.654018,31044746.895525,0,1
2021-01-15,18.711293,19.122989,18.705327,19.325854,41532805.846719,0,1
2021-01-18,18.615827,18.890291,18.580028,19.05139,20815077.918492,0,1
2021-01-19,18.395063,18.788859,18.227998,18.860458,29926597.00734,0,1
2021-01-20,18.090766,18.526328,17.965467,18.556161,31891746.810825,0,1
2021-01-21,17.846134,18.090766,17.691003,18.174298,38138756.186124,0,1
2021-01-22,17.464271,17.452338,17.29124,17.583604,40481755.951824,0,1
2021-01-26,16.884617,17.326905,16.818872,17.840914,56092074.390793,0,1
2021-01-27,16.872664,16.800941,16.65152,17.326905,47267765.273223,0,1
2021-01-28,17.565979,16.908525,16.872664,17.709423,57231014.276899,0,1
2021-01-29,16.938409,17.464372,16.908525,17.661608,50940664.905934,0,1
2021-02-01,17.389896,17.342055,17.186575,17.593216,51004794.899521,0,1
2021-02-02,17.019134,17.389896,16.744053,17.521456,110360568.963943,0,1
2021-02-03,16.935414,17.198535,16.869634,17.282255,45582455.441754,0,1
2021-02-04,16.863654,17.060994,16.672293,17.078935,72000052.799995,0,1
2021-02-05,16.791894,16.929434,16.678273,17.013154,43223285.677671,0,1
2021-02-08,16.480933,16.744053,16.451033,16.863654,31831246.816875,0,1
2021-02-09,16.678273,16.439072,16.283592,16.989234,41532365.846763,0,1
2021-02-10,16.558673,16.684253,16.373292,16.857674,31528306.847169,0,1
2021-02-11,16.558673,16.738073,16.445052,16.821794,24641757.535824,0,1
2021-02-12,16.600533,16.462993,16.385252,16.803854,27352817.264718,0,1
2021-02-17,16.809834,16.624453,16.528773,16.911494,27102567.289743,0,1
2021-02-18,16.690233,16.696213,16.630433,17.043054,54255074.574493,0,1
2021-02-19,16.516813,16.678273,16.349372,16.863654,29616617.038338,0,1
2021-02-22,15.314829,15.876951,15.266989,15.912831,95136570.486343,0,1
2021-02-23,16.295552,15.494229,15.458349,16.403192,84110611.588939,0,1
2021-02-24,16.056351,16.403192,15.912831,16.457013,39210266.078973,0,1
2021-02-25,15.59589,16.086251,15.53609,16.181932,45070955.492904,0,1
2021-02-26,15.365546,15.75645,15.341491,15.870715,53127464.687254,0,1
2021-03-01,14.90521,15.585182,14.90521,15.627304,49640245.035975,0,1
2021-03-02,15.506955,14.640443,14.393728,15.837914,73130962.686904,0,1
2021-03-03,15.54306,15.506955,14.935298,15.819862,67705433.229457,0,1
2021-03-04,16.030473,15.657391,15.603234,16.307275,72309922.769008,0,1
2021-03-05,16.6262,16.08463,15.958263,16.740531,85427091.457291,0,1
2021-03-08,16.096664,16.186926,15.982333,16.83681,62856523.714348,0,1
2021-03-09,16.31931,16.018438,15.855967,16.584077,41239875.876012,0,1
2021-03-10,16.439659,16.313292,16.01242,16.541955,41088075.891192,0,1
2021-03-11,16.463729,16.608147,16.235066,16.776636,37994326.200567,0,1
2021-03-12,16.355415,16.337362,16.283205,16.55399,27023917.297608,0,1
2021-03-15,16.547973,16.337362,16.235066,16.60213,30767106.923289,0,1
2021-03-16,16.210996,16.55399,16.01242,16.572043,23932257.606774,0,1
2021-03-17,16.842828,16.162856,16.108699,16.878932,39452156.054784,0,1
2021-03-18,16.939107,16.806723,16.752566,17.282101,50214444.978556,0,1
2021-03-19,16.975211,16.993264,16.698409,17.197857,51754774.824523,0,1
2021-03-22,17.07149,16.842828,16.547973,17.077508,39251186.074881,0,1
2021-03-23,16.638234,16.848845,16.632217,17.161752,34770226.522977,0,1
2021-03-24,16.349397,16.632217,16.349397,16.728496,43953905.604609,0,1
2021-03-25,16.638234,16.247101,16.168874,16.656287,57167434.283257,0,1
2021-03-26,16.921951,16.590385,16.572299,16.946065,35893986.410601,0,1
2021-03-29,16.915923,16.952094,16.638613,17.00635,25098367.490163,0,1
2021-03-30,17.193233,16.783296,16.777268,17.211318,25850547.414945,0,1
2021-03-31,16.861666,17.066635,16.68684,17.169119,32262886.773711,0,1
2021-04-01,16.34595,16.967217,16.34595,16.967217,34696306.530369,0,1
2021-04-05,16.55706,16.502774,16.358013,16.641504,26281527.371847,0,1
2021-04-06,16.364045,16.587218,16.255474,16.665631,25337067.466293,0,1
2021-04-07,16.219284,16.297696,16.074523,16.496743,34287436.571256,0,1
2021-04-08,16.092618,16.291664,16.086586,16.34595,29189267.081073,0,1
2021-04-09,16.068491,16.002142,15.984047,16.279601,22486527.751347,0,1
2021-04-12,16.466584,16.164998,16.146903,16.466584,27209047.279095,0,1
2021-04-13,16.460552,16.388172,16.213252,16.551028,29600667.039933,0,1
2021-04-14,16.671662,16.502774,16.315791,16.94309,44605985.539401,0,1
2021-04-15,16.671662,16.683726,16.52087,16.937058,32807386.719261,0,1
2021-04-16,16.858646,16.581187,16.581187,16.949121,22136507.786349,0,1
2021-04-19,16.605314,16.816424,16.55706,16.864677,29604187.039581,0,1
2021-04-20,16.52087,16.532933,16.448489,16.756106,21680667.831933,0,1
2021-04-22,16.526901,16.605314,16.424362,16.719916,26492947.350705,0,1
2021-04-23,16.605314,16.55706,16.526901,16.828487,18812858.118714,0,1
2021-04-26,16.59325,16.689758,16.454521,16.798328,22386097.76139,0,1
2021-04-27,16.339918,16.569123,16.297696,16.738011,32472986.752701,0,1
2021-04-28,17.051022,16.633964,16.585609,17.10542,40949805.905019,0,1
2021-04-29,16.513077,17.032889,16.482856,17.135642,36718766.328123,0,1
2021-04-30,16.640008,16.428457,16.289438,16.676274,46493365.350663,0,1
2021-05-03,16.872843,16.751891,16.67932,17.048224,45434725.456527,0,1
2021-05-04,16.153177,16.993796,16.116892,17.144986,86567461.343254,0,1
2021-05-05,16.612796,16.268082,16.038273,16.721653,55098004.4902,0,1
2021-05-06,16.509987,16.546272,16.382987,16.70351,26153487.384651,0,1
2021-05-07,16.709558,16.57651,16.473701,16.751891,29253287.074671,0,1
2021-05-10,16.95751,16.733748,16.643034,17.078462,31522916.847708,0,1
2021-05-11,16.921224,16.776082,16.763986,17.030081,27761797.22382,0,1
2021-05-12,16.673272,16.751891,16.558368,16.812367,25232237.476776,0,1
2021-05-13,17.157081,16.697463,16.673272,17.278034,46881665.311833,0,1
2021-05-14,17.538081,17.332462,17.138938,17.646938,49010715.098928,0,1
2021-05-17,17.525986,17.459462,17.157081,17.556224,40828915.917108,0,1
2021-05-18,17.4897,17.417129,17.344557,17.689271,28890947.110905,0,1
2021-05-19,17.6167,17.253843,17.054272,17.683224,29058367.094163,0,1
2021-05-20,17.713462,17.652986,17.574367,17.973509,35273036.472696,0,1
2021-05-21,17.798128,17.737652,17.501795,17.828367,30475936.952406,0,1
2021-05-24,17.749748,17.852557,17.659033,17.900938,27531017.246898,0,1
2021-05-25,17.56726,17.761106,17.433991,17.797452,36852856.314714,0,1
2021-05-26,17.809567,17.615722,17.615722,17.912548,23088227.691177,0,1
2021-05-27,17.658125,17.809567,17.48851,17.870144,65651843.434816,0,1
2021-05-28,17.948894,17.603606,17.56726,18.015528,28926697.10733,0,1
2021-05-31,17.894375,17.973125,17.80351,18.130624,16958148.304185,0,1
2021-06-01,18.54591,18.085292,18.061049,18.54591,47385465.261453,0,1
2021-06-02,19.164107,18.576213,18.564092,19.26714,62193113.780689,0,1
2021-06-04,19.564117,19.133803,19.055013,19.624724,40446775.955322,0,1
2021-06-07,20.024734,19.564117,19.315626,20.109584,65280923.471908,0,1
2021-06-08,19.885337,19.891397,19.551995,20.091402,79336612.066339,0,1
2021-06-09,20.15807,19.800486,19.648967,20.721721,98498390.150161,0,1
2021-06-10,20.085341,20.364136,19.952005,20.533837,54839724.516028,0,1
2021-06-11,19.848972,20.024734,19.612603,20.091402,25389867.461013,0,1
2021-06-14,19.782304,19.964126,19.612603,20.036855,26013897.39861,0,1
2021-06-15,19.782304,19.855033,19.570177,19.897458,19351528.064847,0,1
2021-06-16,20.176253,19.806547,19.667149,20.370197,73583282.641672,0,1
2021-06-17,19.939883,20.400501,19.91564,20.812632,54329324.567068,0,1
2021-06-18,19.576238,19.848972,19.442901,19.982309,45086355.491364,0,1
2021-06-21,19.667149,19.527752,19.43078,19.842911,30036596.99634,0,1
2021-06-22,19.412598,19.533813,19.279261,19.67321,44542845.545715,0,1
2021-06-23,19.2732,19.424719,19.182289,19.770182,31361436.863856,0,1
2021-06-24,19.279261,19.497448,19.079256,19.51563,26109267.389073,0,1
2021-06-25,18.667125,19.382294,18.55197,19.473205,42723885.727611,0,1
2021-06-28,18.454998,18.691368,18.212568,18.727732,39582286.041771,0,1
2021-06-29,18.273176,18.339844,18.079232,18.448938,33501926.649807,0,1
2021-06-30,18.061049,18.182264,18.042867,18.345905,24549357.545064,0,1
2021-07-01,18.003437,18.064075,17.779076,18.179287,22223847.777615,0,1
2021-07-02,18.197479,18.118649,17.930671,18.252053,27690517.230948,0,1
2021-07-05,17.948863,18.021628,17.918543,18.106521,13286348.671365,0,1
2021-07-06,17.748757,17.876097,17.724502,18.027692,27037447.296255,0,1
2021-07-07,17.997373,17.936735,17.675991,18.155032,43019455.698054,0,1
2021-07-08,17.760885,17.675991,17.560779,17.991309,53772394.622761,0,1
2021-07-12,18.003437,17.827586,17.779076,18.191415,29537417.046258,0,1
2021-07-13,18.112585,17.888224,17.682055,18.209606,34573656.542634,0,1
2021-07-14,18.13684,18.312691,18.082266,18.706838,46753735.324626,0,1
2021-07-15,17.918543,18.106521,17.815459,18.233861,24764407.523559,0,1
2021-07-16,17.627481,18.051947,17.597162,18.064075,20044087.995591,0,1
2021-07-19,17.524396,17.40312,17.348546,17.639608,37834056.216594,0,1
2021-07-20,17.754821,17.445567,17.35461,17.870033,28946937.105306,0,1
2021-07-21,17.827586,17.742693,17.724502,17.985245,14717888.528211,0,1
2021-07-22,17.645672,17.839714,17.554715,17.900352,18897558.110244,0,1
2021-07-23,17.597162,17.712374,17.463758,17.78514,18395958.160404,0,1
2021-07-26,17.906416,17.633545,17.633545,18.033756,26542667.345733,0,1
2021-07-27,18.082266,17.888224,17.78514,18.203542,40020525.997947,0,1
2021-07-28,18.670455,18.282372,18.252053,18.931199,76586722.341328,0,1
2021-07-29,18.573434,18.72503,18.373329,18.785668,25410657.458934,0,1
2021-07-30,18.373329,18.433967,18.227798,18.852369,46599405.340059,0,1
2021-08-02,18.485564,18.685769,18.485564,19.116512,40928135.907186,0,1
2021-08-03,18.667568,19.049777,18.297493,19.067977,60416173.958383,0,1
2021-08-04,18.145823,18.552299,18.097288,18.643301,55461114.453889,0,1
2021-08-05,18.200424,18.32176,18.01842,18.546232,54167184.583282,0,1
2021-08-06,18.710036,18.273226,18.17009,18.831372,36587206.341279,0,1
2021-08-09,18.928441,18.667568,18.667568,19.067977,37111026.288897,0,1
2021-08-10,18.570499,18.904174,18.546232,18.91024,34785296.52147,0,1
2021-08-11,18.776771,18.443096,18.285359,18.983042,38280876.171912,0,1
2021-08-12,18.424896,18.710036,18.424896,18.861706,29939357.006064,0,1
2021-08-13,18.673635,18.45523,18.273226,18.770704,33194256.680574,0,1
2021-08-16,18.46901,18.663805,18.426398,18.968172,39082116.091788,0,1
2021-08-17,18.402049,18.450748,18.103769,18.615106,42428865.757113,0,1
2021-08-18,18.438573,18.335088,18.268127,18.943823,51977194.802281,0,1
2021-08-19,18.201167,18.201167,18.048983,18.76729,43569235.643076,0,1
2021-08-20,18.134206,18.018546,17.775052,18.219429,38005876.199412,0,1
2021-08-23,18.329001,18.176817,18.128118,18.402049,23610507.638949,0,1
2021-08-24,18.840338,18.414224,18.408136,18.876862,33072596.69274,0,1
2021-08-25,18.864687,18.718591,18.578582,18.901211,19186528.081347,0,1
2021-08-26,18.408136,18.809901,18.365525,18.834251,38515836.148416,0,1
2021-08-27,18.724678,18.517709,18.322914,18.785552,24370497.56295,0,1
2021-08-30,18.590757,18.682067,18.46901,18.749028,20623787.937621,0,1
2021-08-31,18.834251,18.645543,18.584669,19.035133,47774425.222557,0,1
2021-09-01,18.916473,18.916473,18.879931,19.26362,31437556.856244,0,1
2021-09-02,18.23436,18.812938,18.136915,18.819028,35639006.436099,0,1
2021-09-03,18.130825,18.350075,17.826309,18.368346,54169714.583029,0,1
2021-09-06,18.362256,18.069922,18.03947,18.43534,29867417.013258,0,1
2021-09-08,17.491343,18.295263,17.399988,18.331804,52594844.740516,0,1
2021-09-09,17.722774,17.63751,17.272092,17.972477,60850013.914999,0,1
2021-09-10,17.546156,17.966386,17.412169,18.063831,39524426.047557,0,1
2021-09-13,17.765406,17.862851,17.63142,17.917664,34066776.593322,0,1
2021-09-14,17.655781,17.722774,17.600968,17.881122,26546517.345348,0,1
2021-09-15,17.369537,17.692323,17.369537,17.704503,28846067.115393,0,1
2021-09-16,17.357356,17.247731,17.150286,17.454801,50930434.906957,0,1
2021-09-17,16.943216,17.339085,16.943216,17.357356,47715795.22842,0,1
2021-09-20,16.559527,16.62652,16.358547,16.8275,48192535.180746,0,1
2021-09-21,16.516895,16.638701,16.486443,16.778778,36584456.341554,0,1
2021-09-22,16.900584,16.644791,16.62652,17.046751,42551625.744837,0,1
2021-09-23,17.485253,17.010209,16.937126,17.63142,55179184.482082,0,1
2021-09-24,17.241641,17.357356,17.217279,17.466982,45483345.451665,0,1
2021-09-27,17.692323,17.314724,17.071112,17.862851,64186093.581391,0,1
2021-09-28,17.290363,17.613149,17.278182,18.03338,67269173.273083,0,1
2021-09-29,17.600968,17.448711,17.290363,17.6436,57669584.233042,0,1
2021-09-30,17.619239,17.716684,17.479162,17.801948,45703125.429687,0,1
2021-10-01,18.079287,17.744146,17.634464,18.201156,46909055.309094,0,1
2021-10-04,17.77979,18.079285,17.414552,18.123114,64462523.553748,0,1
2021-10-05,18.210771,17.969714,17.77979,18.539485,53964454.603555,0,1
2021-10-06,18.269209,17.93319,17.794399,18.356866,42924195.70758,0,1
2021-10-07,17.882057,18.356866,17.823619,18.444523,42138245.786175,0,1
2021-10-08,18.013542,18.013542,17.991628,18.517571,53286744.671326,0,1
2021-10-11,17.699438,17.955104,17.692133,18.123114,46635595.33644,0,1
2021-10-13,17.721352,17.750571,17.370723,17.860142,46204725.379527,0,1
2021-10-14,17.633695,17.845533,17.414552,17.977019,40309385.969061,0,1
2021-10-15,18.08659,17.692133,17.589866,18.166942,57452444.254756,0,1
2021-10-18,18.210771,17.955104,17.801704,18.298428,31529406.847059,0,1
2021-10-19,17.77979,18.042761,17.655609,18.108504,46116615.388338,0,1
2021-10-20,18.188857,17.93319,17.757876,18.298428,40914715.908528,0,1
2021-10-21,17.882057,17.809009,17.619085,18.371476,77608842.239116,0,1
2021-10-22,17.195409,17.619085,16.735209,17.728657,102418019.758198,0,1
2021-10-25,17.531428,17.290371,17.290371,17.750571,43646345.635365,0,1
2021-10-26,17.341504,17.30498,17.15158,17.524123,31598046.840195,0,1
2021-10-27,17.47299,17.443771,17.370723,17.852838,32330756.766924,0,1
2021-10-28,17.436466,17.290371,17.078533,17.516819,40243055.975694,0,1
2021-10-29,17.0274,17.487599,17.020095,17.633695,38606036.139396,0,1
2021-11-01,17.705536,17.332711,17.288849,17.81519,38789736.121026,0,1
2021-11-03,17.873673,17.55202,17.55202,18.180705,67631183.236882,0,1
2021-11-04,16.930645,17.895604,16.8283,18.078361,78420532.157947,0,1
2021-11-05,16.725956,17.179195,16.477406,17.215746,122433947.756605,0,1
2021-11-08,16.638233,16.667474,16.543199,16.945265,36525936.347406,0,1
2021-11-09,16.470096,16.711336,16.360442,16.952575,47803905.219609,0,1
2021-11-10,16.886783,16.470096,16.389683,17.201126,52711224.728878,0,1
2021-11-11,16.850231,17.128023,16.682095,17.157264,43634135.636586,0,1
2021-11-12,16.81368,16.835611,16.638233,17.106092,40437095.95629,0,1
2021-11-16,16.638233,16.872162,16.492027,17.113402,27198047.280195,0,1
2021-11-17,16.704025,16.762508,16.56513,16.945265,32825646.717435,0,1
2021-11-18,16.426234,16.674784,16.221546,16.791749,36571146.342885,0,1
2021-11-19,16.287339,16.375062,16.148443,16.433544,31653706.834629,0,1
2021-11-22,16.327697,16.283309,16.187133,16.631021,30748846.925115,0,1
2021-11-23,16.601429,16.460864,16.209327,16.601429,42492005.750799,0,1
2021-11-24,17.045317,16.431271,16.379484,17.141493,50744644.925536,0,1
2021-11-25,17.200678,17.089706,17.052715,17.378233,19544468.045553,0,1
2021-11-26,16.87516,16.838169,16.631021,16.986132,35512396.44876,0,1
2021-11-29,16.764188,17.067512,16.719799,17.156289,37084626.291537,0,1
2021-11-30,16.55704,16.778984,16.312901,16.830771,67146963.285304,0,1
2021-12-01,16.45165,16.703385,16.436842,16.969929,26234227.376577,0,1
2021-12-02,17.073584,16.614538,16.540498,17.147624,34489396.55106,0,1
2021-12-03,17.014353,17.006949,16.895889,17.4734,39054946.094505,0,1
2021-12-06,17.21426,17.1032,17.029161,17.599267,40975655.902434,0,1
2021-12-07,16.999545,17.488208,16.881081,17.503015,33764166.623583,0,1
2021-12-08,16.836657,17.095796,16.621942,17.132816,41727725.827227,0,1
2021-12-09,16.385014,16.866273,16.251742,16.873677,30760286.923971,0,1
2021-12-10,16.407226,16.496074,16.192511,16.607134,22765377.723462,0,1
2021-12-13,15.970391,16.436842,15.970391,16.59973,53385304.66147,0,1
2021-12-14,16.125875,16.111067,16.051835,16.407226,34625246.537475,0,1
2021-12-15,16.074047,16.222126,15.829715,16.26655,34892986.510701,0,1
2021-12-16,16.236934,16.214722,15.970391,16.259146,27673687.232631,0,1
2021-12-17,15.881543,16.014815,15.785291,16.177703,38509896.14901,0,1
2021-12-20,15.637212,15.903755,15.481728,15.911159,24576637.542336,0,1
2021-12-21,15.659424,15.68904,15.570576,15.777887,27380977.261902,0,1
2021-12-22,15.718656,15.718656,15.526152,15.777887,19900428.009957,0,1
2021-12-23,15.800099,15.792695,15.674232,15.970391,24614697.53853,0,1
2021-12-27,15.962987,15.903755,15.777887,16.066643,15428378.457162,0,1
2021-12-28,15.903755,16.014815,15.844523,16.066643,16823618.317638,0,1
2021-12-29,15.770483,15.940775,15.718656,15.977795,14141708.585829,0,1
2021-12-30,15.511344,15.874139,15.511344,15.874139,43997025.600297,0,1
2022-01-03,15.939388,15.687441,15.628159,16.161695,36138186.386181,0,1
2022-01-04,16.391412,16.020901,15.880106,16.435873,48343455.165654,0,1
2022-01-05,16.080182,16.369181,15.954209,16.465514,34807186.519281,0,1
2022-01-06,16.406232,16.035721,15.946798,16.480334,39441486.055851,0,1
2022-01-07,16.769333,16.369181,16.213566,16.784153,47174925.282507,0,1
2022-01-10,16.924948,16.724872,16.532206,16.954589,45753285.424671,0,1
2022-01-11,17.302869,16.887897,16.821205,17.302869,61516173.848383,0,1
2022-01-12,17.228767,17.236177,16.99164,17.414022,45849535.415046,0,1
2022-01-13,17.547406,17.110203,17.080562,17.651149,47756055.224394,0,1
2022-01-14,17.414022,17.465894,17.34733,17.67338,32915406.708459,0,1
2022-01-17,17.414022,17.384381,17.154665,17.599278,19367918.063208,0,1
2022-01-18,17.517765,17.33251,17.243587,17.754893,47950535.204946,0,1
2022-01-19,17.399202,17.651149,17.33992,17.843815,34017826.598217,0,1
2022-01-20,17.258408,17.443663,17.176895,17.539996,28535867.146413,0,1
2022-01-21,17.265818,17.176895,17.132434,17.525176,41332495.86675,0,1
2022-01-24,17.243587,17.302869,16.947178,17.451073,43612905.638709,0,1
2022-01-25,17.866046,17.087973,17.043511,17.895687,43286755.671324,0,1
2022-01-26,18.058712,18.029071,17.643739,18.155045,61470523.852948,0,1
2022-01-27,18.125404,18.147634,17.932738,18.466274,45699165.430083,0,1
2022-01-28,18.369941,17.903097,17.880866,18.384761,32389166.761083,0,1
2022-01-31,18.770093,18.281018,18.169865,18.903477,48669275.133072,0,1
2022-02-01,18.901831,18.753523,18.671954,19.050139,31649416.835058,0,1
2022-02-02,18.605215,18.887,18.479154,18.916662,37956706.204329,0,1
2022-02-03,18.820262,18.686785,18.323431,18.931493,45885175.411482,0,1
2022-02-04,18.879585,18.716446,18.686785,19.102047,38053286.194671,0,1
2022-02-07,18.775769,18.87217,18.709031,18.946323,25404827.459517,0,1
2022-02-08,18.9834,18.746108,18.560723,19.072385,41067285.893271,0,1
2022-02-09,18.227031,18.5014,18.219615,18.842508,97982930.201707,0,1
2022-02-10,18.575554,18.204784,18.138046,18.768354,66343303.36567,0,1
2022-02-11,19.673032,19.539555,19.406078,20.021555,176736872.326313,0,1
2022-02-14,19.628539,19.724939,19.480232,19.791678,41789435.821056,0,1
2022-02-15,19.813924,19.873247,19.650786,19.947401,32365076.763492,0,1
2022-02-16,19.606293,19.858417,19.561801,19.925155,43114605.688539,0,1
2022-02-17,19.331924,19.576632,19.250354,19.635955,37081656.291834,0,1
2022-02-18,19.406078,19.443155,19.324508,19.687863,29002377.099762,0,1
2022-02-21,18.931493,19.45057,18.709031,19.487647,24661447.533855,0,1
2022-02-22,19.104852,19.104852,18.911949,19.394207,33318996.6681,0,1
2022-02-23,18.837755,19.119691,18.793239,19.349691,24763197.52368,0,1
2022-02-24,18.518723,18.362916,18.058723,18.644852,48436515.156348,0,1
2022-02-25,18.89711,18.451949,18.407433,18.919368,42786805.721319,0,1
2022-03-02,18.583537,18.68748,18.494443,18.865668,35717766.428223,0,1
2022-03-03,18.598386,18.590961,18.338528,19.192346,48997185.100281,0,1
2022-03-04,18.316255,18.613235,18.026699,18.657782,33368826.663117,0,1
2022-03-07,17.922756,18.019274,17.833662,18.152916,58147644.185236,0,1
2022-03-08,17.751992,17.989576,17.662898,18.16034,47830745.216925,0,1
2022-03-09,18.635508,17.974727,17.937605,18.791423,56756474.324353,0,1
2022-03-10,18.650357,18.368226,18.175189,18.650357,32575836.742416,0,1
2022-03-11,18.442471,18.732027,18.397924,18.999309,47232235.276776,0,1
2022-03-14,18.702329,18.576112,18.568688,18.962187,35117276.488272,0,1
2022-03-15,18.635508,18.642933,18.338528,18.887942,40420815.957918,0,1
2022-03-16,18.999309,18.821121,18.665206,19.051281,44276865.572313,0,1
2022-03-17,19.415081,19.036432,18.902791,19.444779,47123445.287655,0,1
2022-03-18,19.556147,19.370534,19.355685,19.749184,70745392.925461,0,1
2022-03-21,20.03874,19.630392,19.570996,20.112985,39323236.067676,0,1
2022-03-22,20.313447,20.194654,20.120409,20.439663,40442045.955795,0,1
2022-03-23,20.224353,20.33572,20.172381,20.521333,29659187.034081,0,1
2022-03-24,20.357994,20.291173,20.216928,20.588153,52102704.78973,0,1
2022-03-25,20.395116,20.432239,20.142683,20.432239,35218586.478141,0,1
2022-03-28,20.380267,20.447088,20.135258,20.573304,23623267.637673,0,1
2022-03-29,20.617851,20.573304,20.33572,20.848011,32830706.716929,0,1
2022-03-30,20.662398,20.669823,20.432239,20.758917,36211446.378855,0,1
2022-03-31,20.402541,20.699521,20.261475,20.788615,44898695.51013,0,1
2022-04-01,20.460223,20.579092,20.304208,20.712818,44099765.590023,0,1
2022-04-04,20.274491,20.39336,20.073901,20.437935,27605927.239407,0,1
2022-04-05,19.865881,20.229916,19.77673,20.259633,40380665.961933,0,1
2022-04-06,19.858452,19.739583,19.657861,19.992179,36893666.310633,0,1
2022-04-07,19.843593,19.695008,19.620715,19.88074,25901367.409863,0,1
2022-04-08,19.806447,19.732154,19.620715,19.98475,28685137.131486,0,1
2022-04-11,19.732154,19.761871,19.643003,19.858452,29889967.011003,0,1
2022-04-12,19.382978,19.910457,19.323544,19.98475,32601906.739809,0,1
2022-04-13,19.434983,19.524134,19.293827,19.717296,37227736.277226,0,1
2022-04-14,19.561281,19.36812,19.323544,19.665291,25751657.424834,0,1
2022-04-18,19.67272,19.494417,19.47213,19.732154,23090867.690913,0,1
2022-04-19,19.323544,19.702437,19.130383,19.769301,37825696.21743,0,1
2022-04-20,19.449842,19.330973,19.212105,19.501847,27616157.238384,0,1
2022-04-22,19.070949,19.241822,18.914934,19.330973,33698166.630183,0,1
2022-04-25,18.996656,18.944651,18.640051,19.05609,41009645.899035,0,1
2022-04-26,18.350309,18.766348,18.313163,18.944651,46283705.371629,0,1
2022-04-27,18.201724,18.565758,18.127431,18.64748,26826907.317309,0,1
2022-04-28,18.053138,18.209153,17.874835,18.268587,39868946.013105,0,1
2022-04-29,17.733679,18.172006,17.733679,18.536041,49134025.086597,0,1
2022-05-02,17.657577,17.746794,17.427099,17.902924,43203045.679695,0,1
2022-05-03,17.746794,17.694751,17.605534,17.962402,28796787.120321,0,1
2022-05-04,17.72449,17.665012,17.39736,17.72449,52043854.795615,0,1
2022-05-05,17.315578,17.538621,17.025622,17.538621,44237155.576284,0,1
2022-05-06,17.687316,17.308143,17.300708,18.007011,66403143.359686,0,1
2022-05-09,17.434534,17.650142,17.107404,17.769098,61877303.81227,0,1
2022-05-10,17.345317,17.538621,17.22636,17.650142,39085966.091403,0,1
2022-05-11,17.925229,17.38249,17.375056,18.007011,62052973.794703,0,1
2022-05-12,18.20775,17.791403,17.791403,18.341576,59891694.010831,0,1
2022-05-13,18.423358,18.356445,18.215185,18.527445,28815267.118473,0,1
2022-05-16,18.616662,18.475402,18.304402,18.817401,30023836.997616,0,1
2022-05-17,18.780227,18.854575,18.743053,19.047879,30016026.998397,0,1
2022-05-18,18.512575,18.720749,18.467967,18.86201,41771615.822838,0,1
2022-05-19,18.453097,18.527445,18.356445,18.683575,24842507.515749,0,1
2022-05-20,18.683575,18.653836,18.475402,18.757923,41544355.845564,0,1
2022-05-23,19.166835,18.802531,18.795097,19.3304,42328985.767101,0,1
2022-05-24,19.456791,19.092487,18.995835,19.553443,43120985.687901,0,1
2022-05-25,19.107357,19.367574,19.077618,19.427052,31781636.821836,0,1
2022-05-26,19.34527,19.129661,19.122226,19.456791,38626826.137317,0,1
2022-05-27,19.449356,19.375009,19.233748,19.64266,26661467.333853,0,1
2022-05-30,19.270922,19.531139,19.270922,19.65753,19623338.037666,0,1
2022-05-31,19.449356,19.479095,19.34527,19.627791,72818452.718155,0,1
2022-06-01,19.179781,19.559211,19.179781,19.58153,31122076.887792,0,1
2022-06-02,19.261619,19.358336,18.964027,19.402975,19698138.030186,0,1
2022-06-03,19.083064,19.157462,19.030986,19.313698,21956987.804301,0,1
2022-06-06,19.016106,19.23186,19.016106,19.328577,14542658.545734,0,1
2022-06-07,19.016106,18.949148,18.87475,19.112823,23085697.69143,0,1
2022-06-08,18.651556,18.934268,18.547399,19.030986,32047286.795271,0,1
2022-06-09,18.331645,18.644116,18.242368,18.688755,42030885.796911,0,1
2022-06-10,17.929896,18.257247,17.751342,18.257247,38914036.108596,0,1
2022-06-13,17.714143,17.855499,17.43143,17.952216,36870236.312976,0,1
2022-06-14,17.595106,17.721582,17.45375,17.81086,21872287.812771,0,1
2022-06-15,17.669504,17.79598,17.565347,17.967095,46744825.325517,0,1
2022-06-17,17.44631,17.364472,17.052001,17.543027,49949235.005076,0,1
2022-06-20,18.205169,17.543027,17.543027,18.234928,48809415.119058,0,1
2022-06-21,18.011734,18.272127,17.922457,18.339085,36361816.363818,0,1
2022-06-22,17.877818,18.056373,17.721582,18.093572,40427305.957269,0,1
2022-06-23,17.468629,17.900137,17.379352,17.952216,29693287.030671,0,1
2022-06-24,17.43887,17.624865,17.334713,17.654624,29179697.08203,0,1
2022-06-27,17.543027,17.505828,17.43143,17.609985,25440797.45592,0,1
2022-06-28,17.349593,17.654624,17.126399,17.736462,38197826.180217,0,1
2022-06-29,17.171038,17.46119,17.111519,17.617425,33677596.63224,0,1
2022-06-30,16.866006,16.977603,16.761849,17.022242,40008975.999102,0,1
2022-07-01,17.013176,16.61856,16.558995,17.102523,38209046.179095,0,1
2022-07-04,16.849373,16.879155,16.760026,16.975948,9566589.043341,0,1
2022-07-05,16.968502,16.75258,16.536658,16.968502,31467806.853219,0,1
2022-07-06,16.812145,16.834482,16.640896,17.028067,30905046.909495,0,1
2022-07-07,17.050404,16.968502,16.916383,17.162088,44314705.568529,0,1
2022-07-08,17.057849,17.296108,16.961057,17.318445,24268967.573103,0,1
2022-07-11,16.782363,16.819591,16.626005,16.908938,18111058.188894,0,1
2022-07-12,16.745135,16.774917,16.462202,16.908938,21649977.835002,0,1
2022-07-13,16.678124,16.663233,16.596223,16.931274,37221796.27782,0,1
2022-07-14,16.491984,16.544104,16.112259,16.603668,53187744.681226,0,1
2022-07-15,16.789808,16.529212,16.395192,16.901492,34130686.586931,0,1
2022-07-18,17.013176,16.886601,16.737689,17.12486,22626007.737399,0,1
2022-07-19,17.586486,16.998285,16.998285,17.69817,38217846.178215,0,1
2022-07-20,17.363119,17.497139,17.303554,17.616269,32574846.742515,0,1
2022-07-21,17.504585,17.333336,17.087632,17.593932,23798167.620183,0,1
2022-07-22,17.318445,17.571595,17.19187,17.646051,24794437.520556,0,1
2022-07-25,17.571595,17.422683,17.266326,17.690725,35371706.462829,0,1
2022-07-26,17.474803,17.593932,17.363119,17.794963,23823687.617631,0,1
2022-07-27,17.534367,17.586486,17.422683,17.720507,26227737.377226,0,1
2022-07-28,17.646051,17.534367,17.340782,17.668388,25869687.413031,0,1
2022-07-29,17.586486,17.675833,17.474803,17.854528,32484976.751502,0,1
2022-08-01,17.487866,17.77101,17.316489,17.77101,27515507.248449,0,1
2022-08-02,17.674145,17.607084,17.420806,17.763559,23511507.648849,0,1
2022-08-03,17.800815,17.659243,17.540024,17.83807,22020787.797921,0,1
2022-08-04,18.232982,17.920033,17.860424,18.307493,37054926.294507,0,1
2022-08-05,18.575735,18.247884,18.054154,18.724758,61792493.820751,0,1
2022-08-08,18.806721,18.687502,18.463968,18.843977,44747775.525222,0,1
2022-08-09,19.298497,19.402813,18.843977,19.581641,113981108.601889,0,1
2022-08-10,19.656153,19.492227,19.298497,19.745567,53312374.668763,0,1
2022-08-11,19.685957,19.842432,19.618897,19.954199,44453305.554669,0,1
2022-08-12,19.924394,19.812627,19.648702,19.96165,41740485.825951,0,1
2022-08-15,20.095771,19.626348,19.626348,20.200087,39927026.007297,0,1
2022-08-16,20.296952,20.073418,19.842432,20.378915,28561277.143872,0,1
2022-08-17,20.378915,20.177734,20.118124,20.47578,27725827.227417,0,1
2022-08-18,20.319306,20.401268,20.200087,20.505585,35887496.41125,0,1
2022-08-19,20.075511,20.196085,19.872043,20.271444,25226187.477381,0,1
2022-08-22,19.849436,19.894651,19.653504,19.924794,24244767.575523,0,1
2022-08-23,19.902187,19.856972,19.804221,20.007689,16120608.387939,0,1
2022-08-24,19.985081,19.856972,19.856972,20.083047,22219667.778033,0,1
2022-08-25,20.233764,20.052904,19.992617,20.248836,30324026.967597,0,1
2022-08-26,20.113191,20.271444,20.015225,20.452304,27477447.252255,0,1
2022-08-29,20.045368,20.000153,19.834364,20.181013,20613117.938688,0,1
2022-08-30,19.954938,20.128262,19.887115,20.271444,33415136.658486,0,1
2022-08-31,19.450036,20.090583,19.450036,20.090583,54721254.527875,0,1
2022-09-01,19.749907,19.651874,19.259741,19.764989,53337344.666266,0,1
2022-09-02,20.021383,19.870563,19.855481,20.179745,51362074.863793,0,1
2022-09-05,20.345647,20.089253,20.059088,20.534172,27206297.27937,0,1
2022-09-06,20.157122,20.134499,20.021383,20.375811,58403944.159606,0,1
2022-09-08,20.013842,20.285319,19.976137,20.360729,31202266.879773,0,1
2022-09-09,20.172204,20.134499,20.07417,20.390893,26886967.311303,0,1
2022-09-12,20.413516,20.360729,20.262696,20.602041,29390127.060987,0,1
2022-09-13,20.209909,20.270237,20.134499,20.488926,35727776.427222,0,1
2022-09-14,20.134499,20.164663,19.961055,20.277778,31815186.818481,0,1
2022-09-15,20.187286,20.081712,20.066629,20.44368,24149947.585005,0,1
2022-09-16,20.119417,20.059088,19.953514,20.262696,48143915.185608,0,1
2022-09-19,20.873518,20.066629,20.044006,20.96401,44923005.507699,0,1
2022-09-20,21.567291,20.979092,20.941387,21.612537,69137083.086292,0,1
2022-09-21,21.34106,21.567291,21.250568,21.627619,52884474.711553,0,1
2022-09-22,21.770898,21.55975,21.348601,21.868931,47887285.211271,0,1
2022-09-23,21.34106,21.41647,21.099748,21.529586,37684346.231565,0,1
2022-09-26,20.956469,21.212863,20.820731,21.250568,33634806.636519,0,1
2022-09-27,20.760402,21.099748,20.654828,21.107289,42551955.744804,0,1
2022-09-28,20.752861,20.798108,20.5945,21.11483,46126955.387304,0,1
2022-09-29,21.062043,20.707615,20.632205,21.197781,57091094.290891,0,1
2022-09-30,21.160076,20.971551,20.896141,21.220404,37191326.280867,0,1
2022-10-03,22.448627,21.724234,21.505407,22.471264,78204382.179562,0,1
2022-10-04,22.486356,22.614634,22.184526,22.795732,48099035.190096,0,1
2022-10-05,22.486356,22.539176,22.380715,22.697637,33295236.670476,0,1
2022-10-06,22.078885,22.561813,21.988336,22.591996,53624664.637534,0,1
2022-10-07,22.124159,22.03361,21.618594,22.124159,61458973.854103,0,1
2022-10-10,21.890241,22.244892,21.724234,22.290166,53141764.685824,0,1
2022-10-11,21.739326,21.807238,21.671414,21.995882,35366756.463324,0,1
2022-10-13,21.611048,21.505407,21.392221,21.860058,40532245.946775,0,1
2022-10-14,21.618594,21.694051,21.475224,22.010973,44095805.590419,0,1
2022-10-17,21.792146,21.837421,21.656323,21.958153,22369707.763029,0,1
2022-10-18,22.327895,22.109068,21.920424,22.327895,50686454.931355,0,1
2022-10-19,22.335441,22.305258,22.116614,22.456173,31150236.884976,0,1
2022-10-20,22.682546,22.486356,22.350532,22.825915,75282122.471788,0,1
2022-10-21,23.437121,22.584451,22.501447,23.603128,53514774.648523,0,1
2022-10-24,22.373169,23.248477,22.214709,23.308843,55828844.417116,0,1
2022-10-25,22.192071,22.373169,22.192071,22.463719,28577007.142299,0,1
2022-10-26,21.716689,21.882695,21.641231,22.131705,53414124.658588,0,1
2022-10-27,22.116614,21.965699,21.814783,22.358078,43318325.668167,0,1
2022-10-28,22.290166,22.041156,21.958153,22.373169,31260346.873965,0,1
2022-10-31,22.939101,21.882695,21.844966,23.067379,91969120.803088,0,1
2022-11-01,22.997737,23.405445,22.710832,23.624399,45870435.412956,0,1
2022-11-03,22.831634,22.650431,22.265374,22.907136,35747576.425242,0,1
2022-11-04,22.914686,23.171391,22.839184,23.352594,34319226.568077,0,1
2022-11-07,22.393726,22.703282,22.197422,22.892035,51142074.885793,0,1
2022-11-08,22.325775,22.235173,22.046419,22.393726,30737626.926237,0,1
2022-11-09,21.253654,21.638712,21.02715,21.948268,142915835.708416,0,1
2022-11-10,20.853497,20.657193,20.355187,21.102651,96218970.378103,0,1
2022-11-11,20.181534,21.140402,20.090932,21.291405,108133509.186649,0,1
2022-11-14,20.121133,20.423138,19.932379,20.611892,57426044.257396,0,1
2022-11-16,19.834227,20.121133,19.637924,20.151333,49242705.075729,0,1
2022-11-17,19.95503,19.554872,19.479371,19.96258,75346472.465353,0,1
2022-11-18,20.113583,20.151333,19.924829,20.49864,54363644.563636,0,1
2022-11-21,20.173984,20.385388,19.902179,20.49109,42705515.729448,0,1
2022-11-22,19.841777,20.234385,19.698325,20.347637,62171113.782889,0,1
2022-11-23,19.637924,19.698325,19.517121,19.796477,53988324.601168,0,1
2022-11-24,20.340087,19.781376,19.713425,20.49109,29957507.004249,0,1
2022-11-25,19.622823,20.219285,19.547322,20.249485,44743815.525618,0,1
2022-11-28,19.267967,19.705875,19.245316,19.788926,44500055.549994,0,1
2022-11-29,19.43407,19.283067,18.814958,19.713425,74891512.510849,0,1
2022-11-30,19.630373,19.479371,19.200015,19.660574,58269084.173092,0,1
2022-12-01,19.628601,19.349056,19.333945,19.719264,48670815.132918,0,1
2022-12-02,19.893036,19.696598,19.32639,20.134804,61318943.868106,0,1
2022-12-05,19.311279,19.749485,19.220616,19.749485,36334426.366557,0,1
2022-12-06,19.757041,19.432164,19.311279,19.757041,51946064.805394,0,1
2022-12-07,19.61349,19.809928,19.560603,19.893036,24503267.549673,0,1
2022-12-08,18.92596,19.492606,18.812631,19.530382,67704993.229501,0,1
2022-12-09,18.745799,19.015468,18.691866,19.123335,21858317.814168,0,1
2022-12-12,18.568589,18.738094,18.252692,18.876781,98492010.150799,0,1
2022-12-13,17.867451,18.684161,17.813517,18.753504,61706693.829331,0,1
2022-12-14,17.944499,17.651716,17.428277,18.160234,74658312.534169,0,1
2022-12-15,18.044662,17.751879,17.605488,18.429902,54270584.572942,0,1
2022-12-16,18.244987,18.12171,18.021547,18.375968,63057273.694273,0,1
2022-12-19,18.792028,18.32974,18.221872,18.861371,53324804.66752,0,1
2022-12-20,18.992353,18.792028,18.71498,19.408413,43336805.666319,0,1
2022-12-21,19.069401,19.061696,18.822847,19.262021,67821043.217896,0,1
2022-12-22,19.107925,19.10022,18.853667,19.33907,24568277.543172,0,1
2022-12-23,19.408413,19.285136,19.161859,19.662671,27860027.213997,0,1
2022-12-26,19.023172,19.223497,18.915305,19.400708,17303878.269612,0,1
2022-12-27,18.915305,19.000058,18.69957,19.053992,18923958.107604,0,1
2022-12-28,19.300545,19.069401,18.892191,19.416118,24966037.503396,0,1
2022-12-29,19.262021,19.446937,19.231202,19.631852,27279667.272033,0,1
