ativo,target,data,melhor_precision,valor_melhor_precision,concordancia_valor
PETR4,1.02,2020-06-04,RandomForest_75,1.0,1.0
PETR4,1.015,2020-06-04,RandomForest_90,1.0,1.0
PETR4,1.01,2020-06-04,RandomForest_75,1.0,1.0
PETR4,1.02,2020-06-05,"RandomForest_75, RandomForest_90","1.0, 1.0",1.0
PETR4,1.015,2020-06-05,"RandomForest_60, RandomForest_75, RandomForest_90","1.0, 1.0, 1.0",1.0
PETR4,1.01,2020-06-05,RandomForest_60,1.0,1.0
PETR4,1.02,2020-06-08,"RandomForest_60, RandomForest_75, RandomForest_90","1.0, 1.0, 1.0",1.0
PETR4,1.015,2020-06-08,"RandomForest_60, RandomForest_75","1.0, 1.0",1.0
PETR4,1.01,2020-06-08,RandomForest_60,1.0,1.0
PETR4,1.02,2020-06-09,"RandomForest_60, RandomForest_75, RandomForest_90","1.0, 1.0, 1.0",1.0
PETR4,1.015,2020-06-09,RandomForest_75,1.0,1.0
PETR4,1.01,2020-06-09,RandomForest_90,1.0,1.0
PETR4,1.02,2020-06-10,"RandomForest_75, RandomForest_90","1.0, 1.0",1.0
PETR4,1.01,2020-06-10,RandomForest_60,1.0,1.0
PETR4,1.015,2020-06-10,RandomForest_90,1.0,1.0
PETR4,1.01,2020-06-12,RandomForest_60,1.0,1.0
PETR4,1.02,2020-06-12,"RandomForest_60, RandomForest_75, RandomForest_90","1.0, 1.0, 1.0",1.0
PETR4,1.015,2020-06-12,"RandomForest_75, RandomForest_90","1.0, 1.0",1.0
PETR4,1.01,2020-06-15,RandomForest_90,1.0,1.0
PETR4,1.02,2020-06-15,"RandomForest_60, RandomForest_75, RandomForest_90","1.0, 1.0, 1.0",1.0
PETR4,1.015,2020-06-15,RandomForest_60,1.0,1.0
PETR4,1.01,2020-06-16,RandomForest_60,1.0,1.0
PETR4,1.02,2020-06-16,RandomForest_75,1.0,1.0
PETR4,1.015,2020-06-16,"RandomForest_60, RandomForest_90","1.0, 1.0",1.0
PETR4,1.01,2020-06-17,RandomForest_60,1.0,1.0
PETR4,1.02,2020-06-17,"RandomForest_60, RandomForest_75","1.0, 1.0",1.0
PETR4,1.015,2020-06-17,"RandomForest_60, RandomForest_75, RandomForest_90","1.0, 1.0, 1.0",1.0
PETR4,1.02,2020-06-18,"RandomForest_60, RandomForest_75, RandomForest_90","1.0, 0.0, 1.0",0.0
PETR4,1.015,2020-06-18,"RandomForest_60, RandomForest_75","1.0, 1.0",1.0
PETR4,1.01,2020-06-18,RandomForest_60,1.0,1.0
PETR4,1.015,2020-06-19,"RandomForest_60, RandomForest_90","1.0, 1.0",1.0
PETR4,1.01,2020-06-19,RandomForest_90,1.0,1.0
PETR4,1.02,2020-06-19,"RandomForest_60, RandomForest_75, RandomForest_90","1.0, 1.0, 1.0",1.0
PETR4,1.015,2020-06-22,"RandomForest_60, RandomForest_90","1.0, 1.0",1.0
PETR4,1.01,2020-06-22,"RandomForest_60, RandomForest_90","1.0, 1.0",1.0
PETR4,1.02,2020-06-22,"RandomForest_60, RandomForest_75, RandomForest_90","1.0, 1.0, 1.0",1.0
PETR4,1.015,2020-06-23,"RandomForest_60, RandomForest_90","1.0, 1.0",1.0
PETR4,1.01,2020-06-23,"RandomForest_60, RandomForest_90","1.0, 1.0",1.0
PETR4,1.02,2020-06-23,"RandomForest_60, RandomForest_75, RandomForest_90","1.0, 1.0, 1.0",1.0
PETR4,1.015,2020-06-24,RandomForest_60,1.0,1.0
PETR4,1.01,2020-06-24,"RandomForest_60, RandomForest_75","1.0, 1.0",1.0
PETR4,1.02,2020-06-24,"RandomForest_60, RandomForest_75","1.0, 1.0",1.0
PETR4,1.01,2020-06-25,"RandomForest_60, RandomForest_75","1.0, 1.0",1.0
PETR4,1.02,2020-06-25,"RandomForest_60, RandomForest_75, RandomForest_90","1.0, 1.0, 1.0",1.0
PETR4,1.015,2020-06-25,RandomForest_75,1.0,1.0
PETR4,1.02,2020-06-26,"RNA_60, RandomForest_60, RandomForest_75, RandomForest_90","1.0, 1.0, 1.0, 1.0",1.0
PETR4,1.01,2020-06-26,RandomForest_90,1.0,1.0
PETR4,1.015,2020-06-26,RandomForest_75,1.0,1.0
PETR4,1.02,2020-06-29,"RandomForest_60, RandomForest_75","1.0, 1.0",1.0
PETR4,1.01,2020-06-29,RandomForest_75,1.0,1.0
PETR4,1.015,2020-06-29,"RandomForest_60, RandomForest_90","1.0, 1.0",1.0
PETR4,1.01,2020-06-30,RandomForest_75,1.0,1.0
PETR4,1.015,2020-06-30,"RandomForest_75, RandomForest_90","1.0, 1.0",1.0
PETR4,1.02,2020-06-30,"RandomForest_60, RandomForest_75","1.0, 1.0",1.0
PETR4,1.015,2020-07-01,"RandomForest_60, RandomForest_75, RandomForest_90","1.0, 1.0, 1.0",1.0
PETR4,1.02,2020-07-01,"RandomForest_60, RandomForest_75","1.0, 1.0",1.0
PETR4,1.01,2020-07-01,RandomForest_75,1.0,1.0
PETR4,1.015,2020-07-02,"RandomForest_60, RandomForest_75","1.0, 1.0",1.0
PETR4,1.02,2020-07-02,RandomForest_60,1.0,1.0
PETR4,1.01,2020-07-02,RandomForest_75,1.0,1.0
PETR4,1.015,2020-07-03,"RandomForest_60, RandomForest_75, RandomForest_90","1.0, 0.0, 1.0",0.0
PETR4,1.01,2020-07-03,RandomForest_90,1.0,1.0
PETR4,1.02,2020-07-03,"RandomForest_60, SVC_60","1.0, 1.0",1.0
PETR4,1.01,2020-07-06,RandomForest_75,1.0,1.0
PETR4,1.02,2020-07-06,"RandomForest_60, RandomForest_75, SVC_60","1.0, 1.0, 1.0",1.0
PETR4,1.015,2020-07-06,"RandomForest_60, RandomForest_75, RandomForest_90","1.0, 1.0, 1.0",1.0
PETR4,1.01,2020-07-07,RandomForest_90,1.0,1.0
PETR4,1.02,2020-07-07,RandomForest_60,0.0,0.0
PETR4,1.015,2020-07-07,"RandomForest_60, RandomForest_75","0.0, 1.0",0.0
PETR4,1.01,2020-07-08,RandomForest_90,1.0,1.0
PETR4,1.02,2020-07-08,RandomForest_60,1.0,1.0
PETR4,1.015,2020-07-08,"RandomForest_60, RandomForest_75","1.0, 1.0",1.0
PETR4,1.01,2020-07-09,RandomForest_60,1.0,1.0
PETR4,1.02,2020-07-09,"RNA_60, RandomForest_60","1.0, 1.0",1.0
PETR4,1.015,2020-07-09,RandomForest_75,1.0,1.0
PETR4,1.01,2020-07-10,RandomForest_75,1.0,1.0
PETR4,1.015,2020-07-10,"RandomForest_60, RandomForest_75, RandomForest_90","1.0, 1.0, 1.0",1.0
PETR4,1.02,2020-07-10,"RandomForest_60, RandomForest_90","1.0, 0.0",0.0
PETR4,1.015,2020-07-13,"RandomForest_60, RandomForest_75","1.0, 0.0",0.0
PETR4,1.01,2020-07-13,RandomForest_75,0.0,0.0
PETR4,1.02,2020-07-13,"RandomForest_60, RandomForest_90","0.0, 1.0",0.0
PETR4,1.015,2020-07-14,RandomForest_75,1.0,1.0
PETR4,1.01,2020-07-14,"RandomForest_75, RandomForest_90","1.0, 1.0",1.0
PETR4,1.02,2020-07-14,RandomForest_90,1.0,1.0
PETR4,1.015,2020-07-15,"RandomForest_60, RandomForest_90","1.0, 1.0",1.0
PETR4,1.01,2020-07-15,"RandomForest_75, RandomForest_90","1.0, 1.0",1.0
PETR4,1.02,2020-07-15,RandomForest_90,1.0,1.0
PETR4,1.015,2020-07-16,"RandomForest_60, RandomForest_75, RandomForest_90","0.0, 0.0, 1.0",0.0
PETR4,1.01,2020-07-16,"RandomForest_60, RandomForest_90","0.0, 1.0",0.0
PETR4,1.02,2020-07-16,"RandomForest_60, RandomForest_90","0.0, 1.0",0.0
PETR4,1.01,2020-07-17,"RandomForest_60, RandomForest_90","1.0, 1.0",1.0
PETR4,1.02,2020-07-17,RandomForest_90,1.0,1.0
PETR4,1.015,2020-07-17,"RandomForest_60, RandomForest_90","1.0, 1.0",1.0
PETR4,1.02,2020-07-20,"RandomForest_60, RandomForest_90","1.0, 1.0",1.0
PETR4,1.015,2020-07-20,"RandomForest_60, RandomForest_90","1.0, 1.0",1.0
PETR4,1.01,2020-07-20,"RandomForest_75, RandomForest_90","1.0, 1.0",1.0
PETR4,1.02,2020-07-21,RandomForest_60,1.0,1.0
PETR4,1.015,2020-07-21,"RandomForest_60, RandomForest_75, RandomForest_90","1.0, 1.0, 1.0",1.0
PETR4,1.01,2020-07-21,RandomForest_75,1.0,1.0
PETR4,1.02,2020-07-22,"RandomForest_60, RandomForest_90","0.0, 0.0",0.0
PETR4,1.015,2020-07-22,RandomForest_60,1.0,1.0
PETR4,1.01,2020-07-22,RandomForest_90,1.0,1.0
PETR4,1.02,2020-07-23,RandomForest_75,0.0,0.0
PETR4,1.015,2020-07-23,"RandomForest_60, RandomForest_75, RandomForest_90","1.0, 1.0, 1.0",1.0
PETR4,1.01,2020-07-23,RandomForest_60,1.0,1.0
PETR4,1.02,2020-07-24,RandomForest_90,0.0,0.0
PETR4,1.01,2020-07-24,RandomForest_90,0.0,0.0
PETR4,1.015,2020-07-24,"RandomForest_60, RandomForest_90","1.0, 0.0",0.0
PETR4,1.01,2020-07-27,RandomForest_90,1.0,1.0
PETR4,1.015,2020-07-27,"RandomForest_60, RandomForest_75","1.0, 1.0",1.0
PETR4,1.02,2020-07-27,"RandomForest_60, RandomForest_90","1.0, 1.0",1.0
PETR4,1.01,2020-07-28,RandomForest_90,1.0,1.0
PETR4,1.015,2020-07-28,RandomForest_60,0.0,0.0
PETR4,1.02,2020-07-28,"RandomForest_60, RandomForest_75, RandomForest_90","0.0, 0.0, 0.0",0.0
PETR4,1.015,2020-07-29,RandomForest_60,1.0,1.0
PETR4,1.02,2020-07-29,"RandomForest_60, RandomForest_75","0.0, 0.0",0.0
PETR4,1.01,2020-07-29,RandomForest_60,1.0,1.0
PETR4,1.02,2020-07-30,RandomForest_75,0.0,0.0
PETR4,1.01,2020-07-30,RandomForest_60,0.0,0.0
PETR4,1.015,2020-07-30,RandomForest_90,0.0,0.0
PETR4,1.02,2020-07-31,RandomForest_90,0.0,0.0
PETR4,1.01,2020-07-31,RandomForest_90,0.0,0.0
PETR4,1.015,2020-07-31,RandomForest_90,0.0,0.0
PETR4,1.02,2020-08-03,RandomForest_90,0.0,0.0
PETR4,1.015,2020-08-03,RandomForest_90,1.0,1.0
PETR4,1.01,2020-08-03,RandomForest_90,1.0,1.0
PETR4,1.015,2020-08-04,RandomForest_90,1.0,1.0
PETR4,1.01,2020-08-04,"RandomForest_60, RandomForest_75","1.0, 1.0",1.0
PETR4,1.02,2020-08-04,RandomForest_90,1.0,1.0
PETR4,1.015,2020-08-05,RandomForest_75,1.0,1.0
PETR4,1.01,2020-08-05,RandomForest_60,1.0,1.0
PETR4,1.02,2020-08-05,"RandomForest_75, RandomForest_90","1.0, 1.0",1.0
PETR4,1.015,2020-08-06,"RandomForest_75, RandomForest_90","1.0, 1.0",1.0
PETR4,1.01,2020-08-06,"RandomForest_75, RandomForest_90","1.0, 1.0",1.0
PETR4,1.02,2020-08-06,"RandomForest_75, RandomForest_90","1.0, 1.0",1.0
PETR4,1.015,2020-08-07,RandomForest_75,1.0,1.0
PETR4,1.01,2020-08-07,"RandomForest_75, RandomForest_90","1.0, 1.0",1.0
PETR4,1.02,2020-08-07,"RandomForest_60, RandomForest_90","0.0, 0.0",0.0
PETR4,1.015,2020-08-10,RandomForest_60,1.0,1.0
PETR4,1.02,2020-08-10,RandomForest_60,1.0,1.0
PETR4,1.01,2020-08-10,RandomForest_90,1.0,1.0
PETR4,1.02,2020-08-11,RandomForest_60,0.0,0.0
PETR4,1.015,2020-08-11,RandomForest_60,1.0,1.0
PETR4,1.01,2020-08-11,"RandomForest_60, RandomForest_75","1.0, 1.0",1.0
PETR4,1.02,2020-08-12,"RandomForest_60, RandomForest_75","1.0, 1.0",1.0
PETR4,1.015,2020-08-12,RandomForest_60,1.0,1.0
PETR4,1.01,2020-08-12,RandomForest_60,1.0,1.0
PETR4,1.02,2020-08-13,"RandomForest_60, RandomForest_75","0.0, 0.0",0.0
PETR4,1.015,2020-08-13,RandomForest_75,1.0,1.0
PETR4,1.01,2020-08-13,RandomForest_90,1.0,1.0
PETR4,1.02,2020-08-14,"RandomForest_60, RandomForest_90","1.0, 1.0",1.0
PETR4,1.015,2020-08-14,"RandomForest_60, RandomForest_75, RandomForest_90","1.0, 1.0, 1.0",1.0
PETR4,1.01,2020-08-14,RandomForest_75,1.0,1.0
PETR4,1.015,2020-08-17,"RandomForest_60, RandomForest_75","1.0, 1.0",1.0
PETR4,1.01,2020-08-17,RandomForest_60,1.0,1.0
PETR4,1.02,2020-08-17,RandomForest_90,1.0,1.0
PETR4,1.01,2020-08-18,RandomForest_60,1.0,1.0
PETR4,1.02,2020-08-18,RandomForest_60,1.0,1.0
PETR4,1.015,2020-08-18,RandomForest_75,1.0,1.0
PETR4,1.01,2020-08-19,RandomForest_90,1.0,1.0
PETR4,1.02,2020-08-19,"RandomForest_60, RandomForest_90","1.0, 1.0",1.0
PETR4,1.015,2020-08-19,"RandomForest_60, RandomForest_90","1.0, 1.0",1.0
PETR4,1.01,2020-08-20,RandomForest_60,1.0,1.0
PETR4,1.02,2020-08-20,RandomForest_90,1.0,1.0
PETR4,1.015,2020-08-20,"RandomForest_75, RandomForest_90","1.0, 1.0",1.0
PETR4,1.01,2020-08-21,RandomForest_90,1.0,1.0
PETR4,1.02,2020-08-21,"RandomForest_60, RandomForest_90","1.0, 1.0",1.0
PETR4,1.015,2020-08-21,RandomForest_75,1.0,1.0
PETR4,1.02,2020-08-24,RandomForest_90,1.0,1.0
PETR4,1.015,2020-08-24,"RandomForest_75, RandomForest_90","1.0, 1.0",1.0
PETR4,1.01,2020-08-24,RandomForest_60,1.0,1.0
PETR4,1.015,2020-08-25,RandomForest_90,1.0,1.0
PETR4,1.02,2020-08-25,RandomForest_75,1.0,1.0
PETR4,1.01,2020-08-25,RandomForest_75,1.0,1.0
PETR4,1.015,2020-08-26,"RandomForest_75, RandomForest_90","1.0, 1.0",1.0
PETR4,1.02,2020-08-26,"RandomForest_60, RandomForest_90","0.0, 1.0",0.0
PETR4,1.01,2020-08-26,RandomForest_60,1.0,1.0
PETR4,1.02,2020-08-27,"RandomForest_75, RandomForest_90","1.0, 1.0",1.0
PETR4,1.01,2020-08-27,RandomForest_90,1.0,1.0
PETR4,1.015,2020-08-27,"RandomForest_75, RandomForest_90","1.0, 1.0",1.0
PETR4,1.01,2020-08-28,RandomForest_60,1.0,1.0
PETR4,1.015,2020-08-28,RandomForest_75,1.0,1.0
PETR4,1.02,2020-08-28,RandomForest_90,1.0,1.0
PETR4,1.01,2020-08-31,RandomForest_75,1.0,1.0
PETR4,1.015,2020-08-31,"RandomForest_75, RandomForest_90","1.0, 1.0",1.0
PETR4,1.02,2020-08-31,"RandomForest_75, RandomForest_90","1.0, 1.0",1.0
PETR4,1.01,2020-09-01,"RandomForest_60, RandomForest_75, RandomForest_90","1.0, 1.0, 1.0",1.0
PETR4,1.02,2020-09-01,"RandomForest_75, RandomForest_90","1.0, 1.0",1.0
PETR4,1.015,2020-09-01,"RandomForest_60, RandomForest_90","1.0, 1.0",1.0
PETR4,1.02,2020-09-02,"RandomForest_75, RandomForest_90","1.0, 1.0",1.0
PETR4,1.015,2020-09-02,RandomForest_75,1.0,1.0
PETR4,1.01,2020-09-02,RandomForest_75,1.0,1.0
PETR4,1.02,2020-09-03,RandomForest_90,1.0,1.0
PETR4,1.015,2020-09-03,RandomForest_75,1.0,1.0
PETR4,1.01,2020-09-03,RandomForest_90,1.0,1.0
PETR4,1.02,2020-09-04,"RandomForest_75, RandomForest_90","1.0, 0.0",0.0
PETR4,1.015,2020-09-04,RandomForest_90,1.0,1.0
PETR4,1.01,2020-09-04,RandomForest_60,1.0,1.0
PETR4,1.02,2020-09-08,RandomForest_60,1.0,1.0
PETR4,1.015,2020-09-08,RandomForest_60,1.0,1.0
PETR4,1.01,2020-09-08,RandomForest_75,1.0,1.0
PETR4,1.02,2020-09-09,"RandomForest_60, RandomForest_75","1.0, 1.0",1.0
PETR4,1.01,2020-09-09,RandomForest_75,1.0,1.0
PETR4,1.015,2020-09-09,RandomForest_90,1.0,1.0
PETR4,1.01,2020-09-10,RandomForest_90,1.0,1.0
PETR4,1.02,2020-09-10,RandomForest_60,0.0,0.0
PETR4,1.015,2020-09-10,RandomForest_60,0.0,0.0
PETR4,1.01,2020-09-11,RandomForest_75,1.0,1.0
PETR4,1.02,2020-09-11,RandomForest_60,0.0,0.0
PETR4,1.015,2020-09-11,RandomForest_90,0.0,0.0
PETR4,1.01,2020-09-14,RandomForest_90,1.0,1.0
PETR4,1.02,2020-09-14,RandomForest_60,1.0,1.0
PETR4,1.015,2020-09-14,RandomForest_60,1.0,1.0
PETR4,1.01,2020-09-15,RandomForest_60,1.0,1.0
PETR4,1.02,2020-09-15,"RandomForest_60, RandomForest_90","1.0, 1.0",1.0
PETR4,1.015,2020-09-15,RandomForest_90,1.0,1.0
PETR4,1.02,2020-09-16,"RandomForest_60, RandomForest_75, RandomForest_90","0.0, 1.0, 1.0",0.0
PETR4,1.015,2020-09-16,RandomForest_90,1.0,1.0
PETR4,1.01,2020-09-16,RandomForest_90,1.0,1.0
PETR4,1.015,2020-09-17,RandomForest_90,1.0,1.0
PETR4,1.01,2020-09-17,RandomForest_75,1.0,1.0
PETR4,1.02,2020-09-17,RandomForest_60,1.0,1.0
PETR4,1.015,2020-09-18,"RandomForest_60, RandomForest_75","1.0, 1.0",1.0
PETR4,1.01,2020-09-18,RandomForest_90,1.0,1.0
PETR4,1.02,2020-09-18,RandomForest_90,1.0,1.0
PETR4,1.015,2020-09-21,RandomForest_60,1.0,1.0
PETR4,1.01,2020-09-21,RandomForest_90,1.0,1.0
PETR4,1.02,2020-09-21,RandomForest_75,1.0,1.0
PETR4,1.015,2020-09-22,RandomForest_75,0.0,0.0
PETR4,1.01,2020-09-22,RandomForest_60,1.0,1.0
PETR4,1.02,2020-09-22,RandomForest_75,1.0,1.0
PETR4,1.015,2020-09-23,RandomForest_75,1.0,1.0
PETR4,1.02,2020-09-23,RandomForest_75,0.0,0.0
PETR4,1.01,2020-09-23,"RandomForest_60, RandomForest_75","1.0, 1.0",1.0
PETR4,1.02,2020-09-24,RandomForest_90,0.0,0.0
PETR4,1.01,2020-09-24,RandomForest_75,0.0,0.0
PETR4,1.015,2020-09-24,RandomForest_75,0.0,0.0
PETR4,1.02,2020-09-25,"RandomForest_60, RandomForest_90","0.0, 0.0",0.0
PETR4,1.01,2020-09-25,RandomForest_90,1.0,1.0
PETR4,1.015,2020-09-25,RandomForest_90,1.0,1.0
PETR4,1.01,2020-09-28,"RandomForest_60, RandomForest_90","1.0, 1.0",1.0
PETR4,1.015,2020-09-28,RandomForest_90,1.0,1.0
PETR4,1.02,2020-09-28,"RandomForest_75, RandomForest_90","1.0, 1.0",1.0
PETR4,1.015,2020-09-29,RandomForest_90,1.0,1.0
PETR4,1.02,2020-09-29,"RandomForest_75, RandomForest_90","0.0, 1.0",0.0
PETR4,1.01,2020-09-29,RandomForest_60,1.0,1.0
PETR4,1.015,2020-09-30,RandomForest_90,1.0,1.0
PETR4,1.02,2020-09-30,RandomForest_90,1.0,1.0
PETR4,1.01,2020-09-30,RandomForest_60,1.0,1.0
PETR4,1.015,2020-10-01,RandomForest_90,1.0,1.0
PETR4,1.01,2020-10-01,RandomForest_90,1.0,1.0
PETR4,1.02,2020-10-01,RandomForest_90,1.0,1.0
PETR4,1.01,2020-10-02,RandomForest_60,1.0,1.0
PETR4,1.02,2020-10-02,RandomForest_90,1.0,1.0
PETR4,1.015,2020-10-02,"RandomForest_75, RandomForest_90","1.0, 1.0",1.0
PETR4,1.01,2020-10-05,RandomForest_90,1.0,1.0
PETR4,1.02,2020-10-05,RandomForest_90,1.0,1.0
PETR4,1.015,2020-10-05,RandomForest_75,1.0,1.0
PETR4,1.01,2020-10-06,RandomForest_90,1.0,1.0
PETR4,1.02,2020-10-06,RandomForest_75,1.0,1.0
PETR4,1.015,2020-10-06,"RandomForest_75, RandomForest_90","1.0, 1.0",1.0
PETR4,1.01,2020-10-07,RandomForest_75,1.0,1.0
PETR4,1.02,2020-10-07,RandomForest_75,0.0,0.0
PETR4,1.015,2020-10-07,RandomForest_75,0.0,0.0
PETR4,1.01,2020-10-08,RandomForest_75,1.0,1.0
PETR4,1.015,2020-10-08,"RandomForest_75, RandomForest_90","1.0, 1.0",1.0
PETR4,1.02,2020-10-08,RandomForest_60,1.0,1.0
PETR4,1.015,2020-10-09,"RandomForest_75, RandomForest_90","1.0, 1.0",1.0
PETR4,1.01,2020-10-09,RandomForest_75,1.0,1.0
PETR4,1.02,2020-10-09,RandomForest_75,1.0,1.0
PETR4,1.015,2020-10-13,RandomForest_90,1.0,1.0
PETR4,1.01,2020-10-13,RandomForest_75,1.0,1.0
PETR4,1.02,2020-10-13,RandomForest_75,1.0,1.0
PETR4,1.015,2020-10-14,"RandomForest_60, RandomForest_90","1.0, 1.0",1.0
PETR4,1.01,2020-10-14,RandomForest_75,1.0,1.0
PETR4,1.02,2020-10-14,RandomForest_60,1.0,1.0
PETR4,1.015,2020-10-15,RandomForest_60,1.0,1.0
PETR4,1.01,2020-10-15,RandomForest_75,1.0,1.0
PETR4,1.02,2020-10-15,RandomForest_90,1.0,1.0
PETR4,1.01,2020-10-16,RandomForest_75,1.0,1.0
PETR4,1.02,2020-10-16,RandomForest_60,1.0,1.0
PETR4,1.015,2020-10-16,RandomForest_60,1.0,1.0
PETR4,1.02,2020-10-19,RandomForest_90,1.0,1.0
PETR4,1.015,2020-10-19,RandomForest_60,1.0,1.0
PETR4,1.01,2020-10-19,"RandomForest_60, RandomForest_75","1.0, 1.0",1.0
PETR4,1.02,2020-10-20,"RandomForest_60, RandomForest_90","1.0, 1.0",1.0
PETR4,1.015,2020-10-20,RandomForest_75,1.0,1.0
PETR4,1.01,2020-10-20,RandomForest_60,1.0,1.0
PETR4,1.02,2020-10-21,"RandomForest_60, RandomForest_90","1.0, 0.0",0.0
PETR4,1.015,2020-10-21,RandomForest_60,1.0,1.0
PETR4,1.01,2020-10-21,"RandomForest_60, RandomForest_75","1.0, 1.0",1.0
PETR4,1.02,2020-10-22,"RandomForest_60, RandomForest_75","1.0, 1.0",1.0
PETR4,1.015,2020-10-22,RandomForest_75,1.0,1.0
PETR4,1.01,2020-10-22,RandomForest_60,1.0,1.0
PETR4,1.015,2020-10-23,RandomForest_60,1.0,1.0
PETR4,1.01,2020-10-23,RandomForest_60,1.0,1.0
PETR4,1.02,2020-10-23,RandomForest_90,0.0,0.0
PETR4,1.01,2020-10-26,RandomForest_60,1.0,1.0
PETR4,1.015,2020-10-26,RandomForest_60,1.0,1.0
PETR4,1.02,2020-10-26,RandomForest_90,0.0,0.0
PETR4,1.01,2020-10-27,RandomForest_90,1.0,1.0
PETR4,1.015,2020-10-27,RandomForest_75,0.0,0.0
PETR4,1.02,2020-10-27,RandomForest_90,0.0,0.0
PETR4,1.015,2020-10-28,RandomForest_60,1.0,1.0
PETR4,1.02,2020-10-28,RandomForest_60,1.0,1.0
PETR4,1.01,2020-10-28,RandomForest_60,1.0,1.0
PETR4,1.02,2020-10-29,RandomForest_75,1.0,1.0
PETR4,1.01,2020-10-29,RandomForest_60,1.0,1.0
PETR4,1.015,2020-10-29,RandomForest_75,1.0,1.0
PETR4,1.02,2020-10-30,RandomForest_90,1.0,1.0
PETR4,1.01,2020-10-30,RandomForest_60,1.0,1.0
PETR4,1.015,2020-10-30,RandomForest_60,1.0,1.0
PETR4,1.02,2020-11-03,RandomForest_90,1.0,1.0
PETR4,1.015,2020-11-03,RandomForest_75,1.0,1.0
PETR4,1.01,2020-11-03,RandomForest_60,1.0,1.0
PETR4,1.015,2020-11-04,RandomForest_60,1.0,1.0
PETR4,1.01,2020-11-04,RandomForest_60,1.0,1.0
PETR4,1.02,2020-11-04,RandomForest_75,1.0,1.0
PETR4,1.015,2020-11-05,RandomForest_60,1.0,1.0
PETR4,1.01,2020-11-05,RandomForest_60,1.0,1.0
PETR4,1.02,2020-11-05,RandomForest_75,1.0,1.0
PETR4,1.015,2020-11-06,RandomForest_90,1.0,1.0
PETR4,1.01,2020-11-06,RandomForest_60,1.0,1.0
PETR4,1.02,2020-11-06,RandomForest_90,1.0,1.0
PETR4,1.015,2020-11-09,RandomForest_75,1.0,1.0
PETR4,1.01,2020-11-09,RandomForest_75,1.0,1.0
PETR4,1.02,2020-11-09,RandomForest_75,1.0,1.0
PETR4,1.015,2020-11-10,RandomForest_75,1.0,1.0
PETR4,1.02,2020-11-10,RandomForest_90,1.0,1.0
PETR4,1.01,2020-11-10,RandomForest_60,1.0,1.0
PETR4,1.02,2020-11-11,"RandomForest_75, RandomForest_90","0.0, 0.0",0.0
PETR4,1.015,2020-11-11,RandomForest_60,0.0,0.0
PETR4,1.01,2020-11-11,RandomForest_75,1.0,1.0
PETR4,1.02,2020-11-12,RandomForest_90,0.0,0.0
PETR4,1.015,2020-11-12,RandomForest_60,0.0,0.0
PETR4,1.01,2020-11-12,RandomForest_75,1.0,1.0
PETR4,1.02,2020-11-13,RandomForest_90,0.0,0.0
PETR4,1.015,2020-11-13,RandomForest_90,0.0,0.0
PETR4,1.01,2020-11-13,RandomForest_75,1.0,1.0
PETR4,1.02,2020-11-16,RandomForest_90,1.0,1.0
PETR4,1.015,2020-11-16,RandomForest_60,1.0,1.0
PETR4,1.01,2020-11-16,RandomForest_60,1.0,1.0
PETR4,1.015,2020-11-17,RandomForest_90,1.0,1.0
PETR4,1.01,2020-11-17,RandomForest_75,1.0,1.0
PETR4,1.02,2020-11-17,"RandomForest_60, RandomForest_90","1.0, 1.0",1.0
PETR4,1.01,2020-11-18,RandomForest_60,1.0,1.0
PETR4,1.02,2020-11-18,RandomForest_90,1.0,1.0
PETR4,1.015,2020-11-18,RandomForest_90,1.0,1.0
PETR4,1.01,2020-11-19,RandomForest_75,1.0,1.0
PETR4,1.02,2020-11-19,RandomForest_60,1.0,1.0
PETR4,1.015,2020-11-19,RandomForest_90,1.0,1.0
PETR4,1.01,2020-11-20,"RandomForest_60, RandomForest_75","1.0, 1.0",1.0
PETR4,1.02,2020-11-20,RandomForest_90,1.0,1.0
PETR4,1.015,2020-11-20,RandomForest_60,1.0,1.0
PETR4,1.01,2020-11-23,RandomForest_60,1.0,1.0
PETR4,1.02,2020-11-23,RandomForest_60,1.0,1.0
PETR4,1.015,2020-11-23,RandomForest_60,1.0,1.0
PETR4,1.01,2020-11-24,RandomForest_60,1.0,1.0
PETR4,1.015,2020-11-24,RandomForest_75,1.0,1.0
PETR4,1.02,2020-11-24,RandomForest_90,1.0,1.0
PETR4,1.015,2020-11-25,RandomForest_75,1.0,1.0
PETR4,1.02,2020-11-25,"RandomForest_60, RandomForest_75","1.0, 1.0",1.0
PETR4,1.01,2020-11-25,RandomForest_60,1.0,1.0
PETR4,1.015,2020-11-26,"RandomForest_75, RandomForest_90","1.0, 0.0",0.0
PETR4,1.02,2020-11-26,RandomForest_90,0.0,0.0
PETR4,1.01,2020-11-26,RandomForest_60,1.0,1.0
PETR4,1.02,2020-11-27,RandomForest_90,0.0,0.0
PETR4,1.01,2020-11-27,RandomForest_60,0.0,0.0
PETR4,1.015,2020-11-27,RandomForest_75,1.0,1.0
PETR4,1.01,2020-11-30,RandomForest_90,1.0,1.0
PETR4,1.015,2020-11-30,"RandomForest_60, RandomForest_75","0.0, 1.0",0.0
PETR4,1.02,2020-11-30,RandomForest_90,0.0,0.0
PETR4,1.01,2020-12-01,RandomForest_60,1.0,1.0
PETR4,1.015,2020-12-01,"RandomForest_60, RandomForest_75, RandomForest_90","1.0, 1.0, 1.0",1.0
PETR4,1.02,2020-12-01,RandomForest_90,1.0,1.0
PETR4,1.01,2020-12-02,RandomForest_90,1.0,1.0
PETR4,1.02,2020-12-02,RandomForest_90,1.0,1.0
PETR4,1.015,2020-12-02,RandomForest_60,1.0,1.0
PETR4,1.02,2020-12-03,RandomForest_60,1.0,1.0
PETR4,1.015,2020-12-03,RandomForest_75,1.0,1.0
PETR4,1.01,2020-12-03,RandomForest_90,1.0,1.0
PETR4,1.02,2020-12-04,RandomForest_60,1.0,1.0
PETR4,1.015,2020-12-04,RandomForest_75,1.0,1.0
PETR4,1.01,2020-12-04,RandomForest_60,1.0,1.0
PETR4,1.02,2020-12-07,RandomForest_75,1.0,1.0
PETR4,1.015,2020-12-07,RandomForest_90,1.0,1.0
PETR4,1.01,2020-12-07,RandomForest_75,1.0,1.0
PETR4,1.02,2020-12-08,"RandomForest_60, RandomForest_75","1.0, 1.0",1.0
PETR4,1.015,2020-12-08,"RandomForest_75, RandomForest_90","1.0, 1.0",1.0
PETR4,1.01,2020-12-08,"RandomForest_75, RandomForest_90","1.0, 1.0",1.0
PETR4,1.02,2020-12-09,RandomForest_90,1.0,1.0
PETR4,1.01,2020-12-09,RandomForest_75,1.0,1.0
PETR4,1.015,2020-12-09,RandomForest_60,1.0,1.0
PETR4,1.01,2020-12-10,RandomForest_90,1.0,1.0
PETR4,1.02,2020-12-10,RandomForest_90,1.0,1.0
PETR4,1.015,2020-12-10,RandomForest_90,1.0,1.0
PETR4,1.01,2020-12-11,RandomForest_90,1.0,1.0
PETR4,1.02,2020-12-11,RandomForest_75,1.0,1.0
PETR4,1.015,2020-12-11,RandomForest_90,1.0,1.0
PETR4,1.01,2020-12-14,RandomForest_60,1.0,1.0
PETR4,1.02,2020-12-14,RandomForest_90,1.0,1.0
PETR4,1.015,2020-12-14,RandomForest_75,1.0,1.0
PETR4,1.01,2020-12-15,RandomForest_60,1.0,1.0
PETR4,1.02,2020-12-15,RandomForest_90,1.0,1.0
PETR4,1.015,2020-12-15,RandomForest_75,1.0,1.0
PETR4,1.02,2020-12-16,RandomForest_75,1.0,1.0
PETR4,1.015,2020-12-16,RandomForest_60,1.0,1.0
PETR4,1.01,2020-12-16,"RandomForest_60, RandomForest_90","1.0, 1.0",1.0
PETR4,1.015,2020-12-17,RandomForest_60,1.0,1.0
PETR4,1.01,2020-12-17,RandomForest_60,1.0,1.0
PETR4,1.02,2020-12-17,"RandomForest_75, RandomForest_90","0.0, 0.0",0.0
PETR4,1.015,2020-12-18,RandomForest_75,0.0,0.0
PETR4,1.01,2020-12-18,"RandomForest_60, RandomForest_75","0.0, 1.0",0.0
PETR4,1.02,2020-12-18,RandomForest_60,0.0,0.0
PETR4,1.015,2020-12-21,RandomForest_75,0.0,0.0
PETR4,1.01,2020-12-21,RandomForest_60,0.0,0.0
PETR4,1.02,2020-12-21,"RandomForest_75, RandomForest_90","0.0, 0.0",0.0
PETR4,1.015,2020-12-22,RandomForest_90,1.0,1.0
PETR4,1.01,2020-12-22,"RandomForest_60, RandomForest_90","1.0, 1.0",1.0
PETR4,1.02,2020-12-22,"RandomForest_75, RandomForest_90","1.0, 1.0",1.0
PETR4,1.01,2020-12-23,RandomForest_75,1.0,1.0
PETR4,1.02,2020-12-23,RandomForest_75,0.0,0.0
PETR4,1.015,2020-12-23,RandomForest_90,1.0,1.0
PETR4,1.02,2020-12-28,RandomForest_75,0.0,0.0
PETR4,1.01,2020-12-28,RandomForest_60,1.0,1.0
PETR4,1.015,2020-12-28,RandomForest_90,1.0,1.0
PETR4,1.02,2020-12-29,RandomForest_75,1.0,1.0
PETR4,1.01,2020-12-29,RandomForest_90,0.0,0.0
PETR4,1.015,2020-12-29,RandomForest_90,1.0,1.0
PETR4,1.01,2020-12-30,RandomForest_90,1.0,1.0
PETR4,1.015,2020-12-30,"RandomForest_60, RandomForest_90","1.0, 1.0",1.0
PETR4,1.02,2020-12-30,"RandomForest_75, RandomForest_90","1.0, 1.0",1.0
PETR4,1.015,2021-01-04,RandomForest_90,1.0,1.0
PETR4,1.02,2021-01-04,RandomForest_60,1.0,1.0
PETR4,1.01,2021-01-04,RandomForest_60,1.0,1.0
PETR4,1.015,2021-01-05,RandomForest_90,1.0,1.0
PETR4,1.02,2021-01-05,RandomForest_75,1.0,1.0
PETR4,1.01,2021-01-05,"RandomForest_60, RandomForest_75","1.0, 1.0",1.0
PETR4,1.015,2021-01-06,RandomForest_90,0.0,0.0
PETR4,1.01,2021-01-06,RandomForest_90,1.0,1.0
PETR4,1.02,2021-01-06,RandomForest_75,0.0,0.0
PETR4,1.01,2021-01-07,RandomForest_60,1.0,1.0
PETR4,1.02,2021-01-07,RandomForest_60,1.0,1.0
PETR4,1.015,2021-01-07,RandomForest_90,1.0,1.0
PETR4,1.01,2021-01-08,RandomForest_60,1.0,1.0
PETR4,1.02,2021-01-08,RandomForest_60,1.0,1.0
PETR4,1.015,2021-01-08,RandomForest_90,1.0,1.0
PETR4,1.01,2021-01-11,RandomForest_60,1.0,1.0
PETR4,1.02,2021-01-11,RandomForest_60,0.0,0.0
PETR4,1.015,2021-01-11,RandomForest_60,1.0,1.0
PETR4,1.01,2021-01-12,RandomForest_75,0.0,0.0
PETR4,1.02,2021-01-12,RandomForest_90,0.0,0.0
PETR4,1.015,2021-01-12,RandomForest_75,0.0,0.0
PETR4,1.01,2021-01-13,RandomForest_60,1.0,1.0
PETR4,1.015,2021-01-13,RandomForest_75,1.0,1.0
PETR4,1.02,2021-01-13,RandomForest_75,1.0,1.0
PETR4,1.015,2021-01-14,RandomForest_90,1.0,1.0
PETR4,1.01,2021-01-14,RandomForest_90,1.0,1.0
PETR4,1.02,2021-01-14,RandomForest_75,1.0,1.0
PETR4,1.015,2021-01-15,"RandomForest_60, RandomForest_90","1.0, 1.0",1.0
PETR4,1.01,2021-01-15,RandomForest_90,1.0,1.0
PETR4,1.02,2021-01-15,RandomForest_90,0.0,0.0
PETR4,1.015,2021-01-18,RandomForest_60,1.0,1.0
PETR4,1.01,2021-01-18,RandomForest_90,1.0,1.0
PETR4,1.02,2021-01-18,RandomForest_75,0.0,0.0
PETR4,1.015,2021-01-19,RandomForest_90,1.0,1.0
PETR4,1.01,2021-01-19,RandomForest_90,1.0,1.0
PETR4,1.02,2021-01-19,RandomForest_75,1.0,1.0
PETR4,1.01,2021-01-20,RandomForest_90,1.0,1.0
PETR4,1.02,2021-01-20,"RandomForest_60, RandomForest_90","1.0, 1.0",1.0
PETR4,1.015,2021-01-20,RandomForest_60,1.0,1.0
PETR4,1.02,2021-01-21,RandomForest_90,1.0,1.0
PETR4,1.015,2021-01-21,RandomForest_75,1.0,1.0
PETR4,1.01,2021-01-21,RandomForest_90,1.0,1.0
PETR4,1.02,2021-01-22,RandomForest_90,1.0,1.0
PETR4,1.015,2021-01-22,RandomForest_60,0.0,0.0
PETR4,1.01,2021-01-22,RandomForest_60,1.0,1.0
PETR4,1.02,2021-01-26,RandomForest_90,1.0,1.0
PETR4,1.015,2021-01-26,RandomForest_75,1.0,1.0
PETR4,1.01,2021-01-26,RandomForest_90,1.0,1.0
PETR4,1.02,2021-01-27,RandomForest_90,1.0,1.0
PETR4,1.015,2021-01-27,RandomForest_75,1.0,1.0
PETR4,1.01,2021-01-27,RandomForest_90,1.0,1.0
PETR4,1.015,2021-01-28,RandomForest_90,1.0,1.0
PETR4,1.01,2021-01-28,RandomForest_75,1.0,1.0
PETR4,1.02,2021-01-28,RandomForest_90,1.0,1.0
PETR4,1.01,2021-01-29,RandomForest_90,1.0,1.0
PETR4,1.015,2021-01-29,RandomForest_75,1.0,1.0
PETR4,1.02,2021-01-29,RandomForest_60,1.0,1.0
PETR4,1.01,2021-02-01,RandomForest_90,1.0,1.0
PETR4,1.015,2021-02-01,RandomForest_75,1.0,1.0
PETR4,1.02,2021-02-01,RandomForest_90,1.0,1.0
PETR4,1.015,2021-02-02,RandomForest_75,1.0,1.0
PETR4,1.02,2021-02-02,RandomForest_90,1.0,1.0
PETR4,1.01,2021-02-02,RandomForest_90,1.0,1.0
PETR4,1.02,2021-02-03,RandomForest_90,1.0,1.0
PETR4,1.01,2021-02-03,RandomForest_90,1.0,1.0
PETR4,1.015,2021-02-03,RandomForest_90,1.0,1.0
PETR4,1.02,2021-02-04,RandomForest_75,0.0,0.0
PETR4,1.01,2021-02-04,RandomForest_75,1.0,1.0
PETR4,1.015,2021-02-04,RandomForest_75,1.0,1.0
PETR4,1.02,2021-02-05,RandomForest_90,1.0,1.0
PETR4,1.015,2021-02-05,RandomForest_90,1.0,1.0
PETR4,1.01,2021-02-05,RandomForest_60,1.0,1.0
PETR4,1.015,2021-02-08,RandomForest_90,1.0,1.0
PETR4,1.01,2021-02-08,RandomForest_90,1.0,1.0
PETR4,1.02,2021-02-08,RandomForest_75,1.0,1.0
PETR4,1.015,2021-02-09,RandomForest_90,1.0,1.0
PETR4,1.01,2021-02-09,RandomForest_60,1.0,1.0
PETR4,1.02,2021-02-09,RandomForest_60,1.0,1.0
PETR4,1.015,2021-02-10,RandomForest_60,1.0,1.0
PETR4,1.01,2021-02-10,"RandomForest_60, RandomForest_90","1.0, 1.0",1.0
PETR4,1.02,2021-02-10,RandomForest_60,1.0,1.0
PETR4,1.015,2021-02-11,RandomForest_60,1.0,1.0
PETR4,1.01,2021-02-11,RandomForest_90,1.0,1.0
PETR4,1.02,2021-02-11,RandomForest_75,1.0,1.0
PETR4,1.015,2021-02-12,RandomForest_60,1.0,1.0
PETR4,1.02,2021-02-12,RandomForest_75,1.0,1.0
PETR4,1.01,2021-02-12,RandomForest_90,1.0,1.0
PETR4,1.02,2021-02-17,RandomForest_60,1.0,1.0
PETR4,1.015,2021-02-17,RandomForest_90,1.0,1.0
PETR4,1.01,2021-02-17,RandomForest_90,1.0,1.0
PETR4,1.02,2021-02-18,RandomForest_75,1.0,1.0
PETR4,1.015,2021-02-18,RandomForest_75,1.0,1.0
PETR4,1.01,2021-02-18,RandomForest_60,1.0,1.0
PETR4,1.02,2021-02-19,RandomForest_60,1.0,1.0
PETR4,1.015,2021-02-19,RandomForest_75,1.0,1.0
PETR4,1.01,2021-02-19,"RandomForest_60, RandomForest_75","1.0, 1.0",1.0
PETR4,1.02,2021-02-22,"RandomForest_60, RandomForest_90","1.0, 1.0",1.0
PETR4,1.015,2021-02-22,"RandomForest_75, RandomForest_90","1.0, 1.0",1.0
PETR4,1.01,2021-02-22,RandomForest_90,1.0,1.0
PETR4,1.015,2021-02-23,RandomForest_90,1.0,1.0
PETR4,1.01,2021-02-23,"RandomForest_60, RandomForest_90","1.0, 1.0",1.0
PETR4,1.02,2021-02-23,"RandomForest_75, RandomForest_90","1.0, 1.0",1.0
PETR4,1.01,2021-02-24,RandomForest_90,1.0,1.0
PETR4,1.02,2021-02-24,RandomForest_75,1.0,1.0
PETR4,1.015,2021-02-24,RandomForest_90,1.0,1.0
PETR4,1.01,2021-02-25,RandomForest_60,1.0,1.0
PETR4,1.02,2021-02-25,RandomForest_60,1.0,1.0
PETR4,1.015,2021-02-25,RandomForest_90,1.0,1.0
PETR4,1.01,2021-02-26,RandomForest_90,1.0,1.0
PETR4,1.02,2021-02-26,RandomForest_90,1.0,1.0
PETR4,1.015,2021-02-26,RandomForest_75,1.0,1.0
PETR4,1.01,2021-03-01,"RandomForest_60, RandomForest_75, RandomForest_90","1.0, 1.0, 1.0",1.0
PETR4,1.02,2021-03-01,RandomForest_75,1.0,1.0
PETR4,1.015,2021-03-01,RandomForest_75,1.0,1.0
PETR4,1.02,2021-03-02,"RandomForest_60, RandomForest_75","0.0, 0.0",0.0
PETR4,1.015,2021-03-02,RandomForest_75,0.0,0.0
PETR4,1.01,2021-03-02,"RandomForest_60, RandomForest_75, RandomForest_90","1.0, 1.0, 1.0",1.0
PETR4,1.015,2021-03-03,"RandomForest_60, RandomForest_90","0.0, 1.0",0.0
PETR4,1.02,2021-03-03,RandomForest_60,0.0,0.0
PETR4,1.01,2021-03-03,"RandomForest_60, RandomForest_75, RandomForest_90","1.0, 1.0, 1.0",1.0
PETR4,1.015,2021-03-04,RandomForest_90,1.0,1.0
PETR4,1.02,2021-03-04,RandomForest_90,1.0,1.0
PETR4,1.01,2021-03-04,"RandomForest_60, RandomForest_90","1.0, 1.0",1.0
PETR4,1.02,2021-03-05,RandomForest_60,1.0,1.0
PETR4,1.01,2021-03-05,"RandomForest_60, RandomForest_90","1.0, 1.0",1.0
PETR4,1.015,2021-03-05,RandomForest_60,1.0,1.0
PETR4,1.01,2021-03-08,"RandomForest_60, RandomForest_90","1.0, 1.0",1.0
PETR4,1.015,2021-03-08,RandomForest_75,1.0,1.0
PETR4,1.02,2021-03-08,RandomForest_75,1.0,1.0
PETR4,1.01,2021-03-09,RandomForest_75,1.0,1.0
PETR4,1.015,2021-03-09,RandomForest_75,1.0,1.0
PETR4,1.02,2021-03-09,RandomForest_90,1.0,1.0
PETR4,1.01,2021-03-10,"RandomForest_75, RandomForest_90","1.0, 1.0",1.0
PETR4,1.02,2021-03-10,RandomForest_75,1.0,1.0
PETR4,1.015,2021-03-10,RandomForest_75,1.0,1.0
PETR4,1.02,2021-03-11,RandomForest_90,1.0,1.0
PETR4,1.015,2021-03-11,RandomForest_75,1.0,1.0
PETR4,1.01,2021-03-11,RandomForest_60,1.0,1.0
PETR4,1.02,2021-03-12,RandomForest_90,1.0,1.0
PETR4,1.015,2021-03-12,RandomForest_60,1.0,1.0
PETR4,1.01,2021-03-12,"RandomForest_60, RandomForest_75, RandomForest_90","1.0, 1.0, 1.0",1.0
PETR4,1.02,2021-03-15,RandomForest_90,1.0,1.0
PETR4,1.015,2021-03-15,RandomForest_60,1.0,1.0
PETR4,1.01,2021-03-15,RandomForest_90,1.0,1.0
PETR4,1.02,2021-03-16,"RandomForest_75, RandomForest_90","1.0, 1.0",1.0
PETR4,1.015,2021-03-16,RandomForest_75,1.0,1.0
PETR4,1.01,2021-03-16,"RandomForest_60, RandomForest_75","1.0, 1.0",1.0
PETR4,1.02,2021-03-17,RandomForest_90,1.0,1.0
PETR4,1.01,2021-03-17,RandomForest_90,1.0,1.0
PETR4,1.015,2021-03-17,RandomForest_75,1.0,1.0
PETR4,1.01,2021-03-18,RandomForest_75,1.0,1.0
PETR4,1.02,2021-03-18,"RandomForest_60, RandomForest_75, RandomForest_90","1.0, 1.0, 1.0",1.0
PETR4,1.015,2021-03-18,RandomForest_60,1.0,1.0
PETR4,1.01,2021-03-19,RandomForest_90,1.0,1.0
PETR4,1.02,2021-03-19,"RandomForest_60, RandomForest_75, RandomForest_90","1.0, 1.0, 1.0",1.0
PETR4,1.015,2021-03-19,RandomForest_60,1.0,1.0
PETR4,1.01,2021-03-22,RandomForest_60,1.0,1.0
PETR4,1.02,2021-03-22,"RandomForest_60, RandomForest_75, RandomForest_90","1.0, 1.0, 1.0",1.0
PETR4,1.015,2021-03-22,RandomForest_60,1.0,1.0
PETR4,1.01,2021-03-23,RandomForest_75,1.0,1.0
PETR4,1.02,2021-03-23,"RandomForest_75, RandomForest_90","1.0, 1.0",1.0
PETR4,1.015,2021-03-23,RandomForest_90,1.0,1.0
PETR4,1.02,2021-03-24,"RandomForest_75, RandomForest_90","1.0, 1.0",1.0
PETR4,1.015,2021-03-24,RandomForest_90,1.0,1.0
PETR4,1.01,2021-03-24,RandomForest_75,1.0,1.0
PETR4,1.015,2021-03-25,RandomForest_90,1.0,1.0
PETR4,1.01,2021-03-25,RandomForest_75,1.0,1.0
PETR4,1.02,2021-03-25,"RandomForest_60, RandomForest_75, RandomForest_90","1.0, 1.0, 1.0",1.0
PETR4,1.015,2021-03-26,RandomForest_90,1.0,1.0
PETR4,1.01,2021-03-26,RandomForest_60,1.0,1.0
PETR4,1.02,2021-03-26,"RandomForest_75, RandomForest_90","1.0, 1.0",1.0
PETR4,1.015,2021-03-29,RandomForest_75,1.0,1.0
PETR4,1.01,2021-03-29,RandomForest_60,1.0,1.0
PETR4,1.02,2021-03-29,"RandomForest_75, RandomForest_90","1.0, 1.0",1.0
PETR4,1.015,2021-03-30,RandomForest_90,1.0,1.0
PETR4,1.01,2021-03-30,RandomForest_90,1.0,1.0
PETR4,1.02,2021-03-30,RandomForest_75,1.0,1.0
PETR4,1.015,2021-03-31,RandomForest_90,1.0,1.0
PETR4,1.02,2021-03-31,"RandomForest_60, RandomForest_75","1.0, 1.0",1.0
PETR4,1.01,2021-03-31,RandomForest_60,1.0,1.0
PETR4,1.02,2021-04-01,RandomForest_90,1.0,1.0
PETR4,1.01,2021-04-01,"RandomForest_60, RandomForest_90","1.0, 1.0",1.0
PETR4,1.015,2021-04-01,RandomForest_90,1.0,1.0
PETR4,1.02,2021-04-05,"RandomForest_75, RandomForest_90","1.0, 1.0",1.0
PETR4,1.01,2021-04-05,"RandomForest_60, RandomForest_90","1.0, 1.0",1.0
PETR4,1.015,2021-04-05,RandomForest_90,1.0,1.0
PETR4,1.01,2021-04-06,RandomForest_60,0.0,0.0
PETR4,1.015,2021-04-06,RandomForest_90,1.0,1.0
PETR4,1.02,2021-04-06,RandomForest_60,1.0,1.0
PETR4,1.015,2021-04-07,RandomForest_75,1.0,1.0
PETR4,1.02,2021-04-07,RandomForest_60,1.0,1.0
PETR4,1.01,2021-04-07,RandomForest_60,0.0,0.0
PETR4,1.015,2021-04-08,RandomForest_60,1.0,1.0
PETR4,1.02,2021-04-08,RandomForest_60,0.0,0.0
PETR4,1.01,2021-04-08,RandomForest_60,1.0,1.0
PETR4,1.015,2021-04-09,RandomForest_75,1.0,1.0
PETR4,1.01,2021-04-09,"RandomForest_60, RandomForest_75","1.0, 1.0",1.0
PETR4,1.02,2021-04-09,RandomForest_60,1.0,1.0
PETR4,1.01,2021-04-12,RandomForest_75,1.0,1.0
PETR4,1.02,2021-04-12,"RandomForest_60, RandomForest_75","1.0, 1.0",1.0
PETR4,1.015,2021-04-12,RandomForest_60,1.0,1.0
PETR4,1.01,2021-04-13,RandomForest_60,1.0,1.0
PETR4,1.02,2021-04-13,RandomForest_75,1.0,1.0
PETR4,1.015,2021-04-13,RandomForest_60,1.0,1.0
PETR4,1.01,2021-04-14,RandomForest_60,1.0,1.0
PETR4,1.02,2021-04-14,RandomForest_60,1.0,1.0
PETR4,1.015,2021-04-14,RandomForest_60,1.0,1.0
PETR4,1.01,2021-04-15,RandomForest_60,1.0,1.0
PETR4,1.02,2021-04-15,RNA_75,1.0,1.0
PETR4,1.015,2021-04-15,RandomForest_75,1.0,1.0
PETR4,1.01,2021-04-16,RandomForest_60,1.0,1.0
PETR4,1.015,2021-04-16,RandomForest_75,1.0,1.0
PETR4,1.02,2021-04-16,RandomForest_90,1.0,1.0
PETR4,1.015,2021-04-19,RandomForest_75,1.0,1.0
PETR4,1.01,2021-04-19,RandomForest_60,1.0,1.0
PETR4,1.02,2021-04-19,RandomForest_60,1.0,1.0
PETR4,1.015,2021-04-20,RandomForest_75,1.0,1.0
PETR4,1.01,2021-04-20,RandomForest_60,1.0,1.0
PETR4,1.02,2021-04-20,RandomForest_90,0.0,0.0
PETR4,1.015,2021-04-22,RandomForest_90,1.0,1.0
PETR4,1.01,2021-04-22,RandomForest_90,1.0,1.0
PETR4,1.02,2021-04-22,RandomForest_90,1.0,1.0
PETR4,1.015,2021-04-23,RandomForest_60,1.0,1.0
PETR4,1.01,2021-04-23,RandomForest_60,1.0,1.0
PETR4,1.02,2021-04-23,"RandomForest_75, RandomForest_90","1.0, 1.0",1.0
PETR4,1.01,2021-04-26,RandomForest_60,1.0,1.0
PETR4,1.02,2021-04-26,"RandomForest_60, RandomForest_90","1.0, 1.0",1.0
PETR4,1.015,2021-04-26,RandomForest_90,1.0,1.0
PETR4,1.02,2021-04-27,RandomForest_75,0.0,0.0
PETR4,1.015,2021-04-27,RandomForest_60,1.0,1.0
PETR4,1.01,2021-04-27,RandomForest_60,1.0,1.0
PETR4,1.02,2021-04-28,RandomForest_75,1.0,1.0
PETR4,1.015,2021-04-28,RandomForest_90,1.0,1.0
PETR4,1.01,2021-04-28,RandomForest_60,1.0,1.0
PETR4,1.02,2021-04-29,RandomForest_60,1.0,1.0
PETR4,1.015,2021-04-29,RandomForest_75,1.0,1.0
PETR4,1.01,2021-04-29,RandomForest_90,1.0,1.0
PETR4,1.02,2021-04-30,RandomForest_90,1.0,1.0
PETR4,1.015,2021-04-30,RandomForest_60,1.0,1.0
PETR4,1.01,2021-04-30,RandomForest_90,1.0,1.0
PETR4,1.015,2021-05-03,"RandomForest_60, RandomForest_90","1.0, 1.0",1.0
PETR4,1.01,2021-05-03,RandomForest_90,1.0,1.0
PETR4,1.02,2021-05-03,RandomForest_90,1.0,1.0
PETR4,1.01,2021-05-04,RandomForest_60,1.0,1.0
PETR4,1.02,2021-05-04,RandomForest_60,1.0,1.0
PETR4,1.015,2021-05-04,"RandomForest_60, RandomForest_90","1.0, 1.0",1.0
PETR4,1.01,2021-05-05,RandomForest_60,1.0,1.0
PETR4,1.02,2021-05-05,RandomForest_90,1.0,1.0
PETR4,1.015,2021-05-05,RandomForest_60,1.0,1.0
PETR4,1.01,2021-05-06,RandomForest_90,1.0,1.0
PETR4,1.02,2021-05-06,RandomForest_75,1.0,1.0
PETR4,1.015,2021-05-06,"RandomForest_60, RandomForest_90","1.0, 1.0",1.0
PETR4,1.01,2021-05-07,RandomForest_90,1.0,1.0
PETR4,1.02,2021-05-07,RandomForest_60,1.0,1.0
PETR4,1.015,2021-05-07,"RandomForest_60, RandomForest_90","1.0, 1.0",1.0
PETR4,1.02,2021-05-10,RandomForest_60,0.0,0.0
PETR4,1.015,2021-05-10,RandomForest_60,0.0,0.0
PETR4,1.01,2021-05-10,RandomForest_90,1.0,1.0
PETR4,1.015,2021-05-11,RandomForest_60,1.0,1.0
PETR4,1.01,2021-05-11,RandomForest_75,1.0,1.0
PETR4,1.02,2021-05-11,"RandomForest_75, RandomForest_90","0.0, 1.0",0.0
PETR4,1.015,2021-05-12,RandomForest_60,1.0,1.0
PETR4,1.01,2021-05-12,RandomForest_90,1.0,1.0
PETR4,1.02,2021-05-12,RandomForest_75,0.0,0.0
PETR4,1.015,2021-05-13,"RandomForest_60, RandomForest_75","1.0, 1.0",1.0
PETR4,1.01,2021-05-13,RandomForest_60,1.0,1.0
PETR4,1.02,2021-05-13,RandomForest_75,1.0,1.0
PETR4,1.015,2021-05-14,RandomForest_90,1.0,1.0
PETR4,1.01,2021-05-14,RandomForest_60,1.0,1.0
PETR4,1.02,2021-05-14,"RandomForest_60, RandomForest_75","1.0, 1.0",1.0
PETR4,1.015,2021-05-17,RandomForest_90,1.0,1.0
PETR4,1.02,2021-05-17,RandomForest_75,0.0,0.0
PETR4,1.01,2021-05-17,RandomForest_90,1.0,1.0
PETR4,1.02,2021-05-18,RandomForest_90,0.0,0.0
PETR4,1.015,2021-05-18,RandomForest_90,0.0,0.0
PETR4,1.01,2021-05-18,RandomForest_60,0.0,0.0
PETR4,1.02,2021-05-19,RandomForest_90,0.0,0.0
PETR4,1.015,2021-05-19,RandomForest_90,0.0,0.0
PETR4,1.01,2021-05-19,RandomForest_90,0.0,0.0
PETR4,1.02,2021-05-20,RandomForest_75,1.0,1.0
PETR4,1.015,2021-05-20,RandomForest_90,1.0,1.0
PETR4,1.01,2021-05-20,RandomForest_90,1.0,1.0
PETR4,1.02,2021-05-21,RandomForest_75,0.0,0.0
PETR4,1.015,2021-05-21,RandomForest_90,1.0,1.0
PETR4,1.01,2021-05-21,RandomForest_75,1.0,1.0
PETR4,1.015,2021-05-24,RandomForest_75,1.0,1.0
PETR4,1.01,2021-05-24,RandomForest_60,1.0,1.0
PETR4,1.02,2021-05-24,RandomForest_75,1.0,1.0
PETR4,1.01,2021-05-25,"RandomForest_60, RandomForest_90","1.0, 1.0",1.0
PETR4,1.02,2021-05-25,RandomForest_90,1.0,1.0
PETR4,1.015,2021-05-25,RandomForest_90,1.0,1.0
PETR4,1.01,2021-05-26,"RandomForest_60, RandomForest_75, RandomForest_90","1.0, 1.0, 1.0",1.0
PETR4,1.02,2021-05-26,"RandomForest_60, RandomForest_75","0.0, 1.0",0.0
PETR4,1.015,2021-05-26,RandomForest_75,1.0,1.0
PETR4,1.01,2021-05-27,"RandomForest_75, RandomForest_90","1.0, 1.0",1.0
PETR4,1.02,2021-05-27,RandomForest_60,1.0,1.0
PETR4,1.015,2021-05-27,RandomForest_90,1.0,1.0
PETR4,1.01,2021-05-28,RandomForest_90,1.0,1.0
PETR4,1.02,2021-05-28,"RandomForest_75, RandomForest_90","0.0, 1.0",0.0
PETR4,1.015,2021-05-28,"RandomForest_60, RandomForest_75","1.0, 1.0",1.0
PETR4,1.02,2021-05-31,"RandomForest_60, RandomForest_75","0.0, 0.0",0.0
PETR4,1.015,2021-05-31,"RandomForest_75, RandomForest_90","1.0, 1.0",1.0
PETR4,1.01,2021-05-31,"RandomForest_60, RandomForest_75","0.0, 1.0",0.0
PETR4,1.015,2021-06-01,RandomForest_90,1.0,1.0
PETR4,1.02,2021-06-01,RandomForest_90,0.0,0.0
PETR4,1.01,2021-06-01,RandomForest_75,1.0,1.0
PETR4,1.015,2021-06-02,RandomForest_60,0.0,0.0
PETR4,1.02,2021-06-02,RandomForest_90,1.0,1.0
PETR4,1.01,2021-06-02,RandomForest_75,1.0,1.0
PETR4,1.02,2021-06-04,"RandomForest_75, RandomForest_90","1.0, 1.0",1.0
PETR4,1.01,2021-06-04,RandomForest_90,1.0,1.0
PETR4,1.015,2021-06-04,RandomForest_90,1.0,1.0
PETR4,1.01,2021-06-07,RandomForest_90,1.0,1.0
PETR4,1.015,2021-06-07,RandomForest_60,1.0,1.0
PETR4,1.02,2021-06-07,RandomForest_60,1.0,1.0
PETR4,1.01,2021-06-08,RandomForest_60,1.0,1.0
PETR4,1.015,2021-06-08,RandomForest_60,1.0,1.0
PETR4,1.02,2021-06-08,RandomForest_60,1.0,1.0
PETR4,1.01,2021-06-09,"RandomForest_60, RandomForest_75","1.0, 1.0",1.0
PETR4,1.02,2021-06-09,"RandomForest_60, RandomForest_90","1.0, 1.0",1.0
PETR4,1.015,2021-06-09,"RandomForest_60, RandomForest_75","1.0, 1.0",1.0
PETR4,1.02,2021-06-10,"RandomForest_60, RandomForest_90","1.0, 1.0",1.0
PETR4,1.015,2021-06-10,RandomForest_75,1.0,1.0
PETR4,1.01,2021-06-10,"RandomForest_75, RandomForest_90","1.0, 1.0",1.0
PETR4,1.02,2021-06-11,RandomForest_60,1.0,1.0
PETR4,1.015,2021-06-11,RandomForest_75,1.0,1.0
PETR4,1.01,2021-06-11,RandomForest_60,1.0,1.0
PETR4,1.02,2021-06-14,"RandomForest_60, RandomForest_75","0.0, 0.0",0.0
PETR4,1.015,2021-06-14,RandomForest_90,1.0,1.0
PETR4,1.01,2021-06-14,RandomForest_75,1.0,1.0
PETR4,1.02,2021-06-15,"RandomForest_60, RandomForest_75","1.0, 1.0",1.0
PETR4,1.015,2021-06-15,RandomForest_75,1.0,1.0
PETR4,1.01,2021-06-15,"RandomForest_60, RandomForest_75","1.0, 1.0",1.0
PETR4,1.02,2021-06-16,RandomForest_90,0.0,0.0
PETR4,1.01,2021-06-16,"RandomForest_60, RandomForest_75, RandomForest_90","1.0, 1.0, 1.0",1.0
PETR4,1.015,2021-06-16,RandomForest_60,1.0,1.0
PETR4,1.01,2021-06-17,RandomForest_60,0.0,0.0
PETR4,1.02,2021-06-17,RandomForest_75,0.0,0.0
PETR4,1.015,2021-06-17,RandomForest_75,1.0,1.0
PETR4,1.01,2021-06-18,RandomForest_75,1.0,1.0
PETR4,1.02,2021-06-18,RandomForest_75,1.0,1.0
PETR4,1.015,2021-06-18,RandomForest_60,0.0,0.0
PETR4,1.01,2021-06-21,RandomForest_75,1.0,1.0
PETR4,1.02,2021-06-21,"RandomForest_75, RandomForest_90","1.0, 1.0",1.0
PETR4,1.015,2021-06-21,RandomForest_60,1.0,1.0
PETR4,1.01,2021-06-22,RandomForest_75,1.0,1.0
PETR4,1.02,2021-06-22,"RandomForest_60, RandomForest_90","1.0, 1.0",1.0
PETR4,1.015,2021-06-22,RandomForest_60,1.0,1.0
PETR4,1.02,2021-06-23,RandomForest_90,1.0,1.0
PETR4,1.015,2021-06-23,RandomForest_75,1.0,1.0
PETR4,1.01,2021-06-23,RandomForest_75,1.0,1.0
PETR4,1.015,2021-06-24,RandomForest_75,1.0,1.0
PETR4,1.01,2021-06-24,RandomForest_90,1.0,1.0
PETR4,1.02,2021-06-24,RandomForest_90,0.0,0.0
PETR4,1.015,2021-06-25,RandomForest_75,0.0,0.0
PETR4,1.01,2021-06-25,RandomForest_60,1.0,1.0
PETR4,1.02,2021-06-25,RandomForest_60,0.0,0.0
PETR4,1.015,2021-06-28,RandomForest_90,1.0,1.0
PETR4,1.01,2021-06-28,RandomForest_60,1.0,1.0
PETR4,1.02,2021-06-28,RandomForest_60,0.0,0.0
PETR4,1.015,2021-06-29,"RandomForest_60, RandomForest_90","1.0, 1.0",1.0
PETR4,1.01,2021-06-29,RandomForest_60,1.0,1.0
PETR4,1.02,2021-06-29,"RandomForest_60, RandomForest_75, RandomForest_90","1.0, 1.0, 1.0",1.0
PETR4,1.01,2021-06-30,RandomForest_90,1.0,1.0
PETR4,1.02,2021-06-30,RandomForest_75,1.0,1.0
PETR4,1.015,2021-06-30,"RandomForest_60, RandomForest_75","1.0, 1.0",1.0
PETR4,1.02,2021-07-01,RandomForest_90,1.0,1.0
PETR4,1.01,2021-07-01,RandomForest_90,1.0,1.0
PETR4,1.015,2021-07-01,"RandomForest_60, RandomForest_75, RandomForest_90","1.0, 1.0, 1.0",1.0
PETR4,1.02,2021-07-02,RandomForest_60,1.0,1.0
PETR4,1.01,2021-07-02,RandomForest_90,1.0,1.0
PETR4,1.015,2021-07-02,RandomForest_60,1.0,1.0
PETR4,1.01,2021-07-05,RandomForest_60,0.0,0.0
PETR4,1.015,2021-07-05,RandomForest_75,0.0,0.0
PETR4,1.02,2021-07-05,RandomForest_60,0.0,0.0
PETR4,1.015,2021-07-06,RandomForest_75,0.0,0.0
PETR4,1.02,2021-07-06,RandomForest_90,0.0,0.0
PETR4,1.01,2021-07-06,RandomForest_90,0.0,0.0
PETR4,1.015,2021-07-07,RandomForest_90,1.0,1.0
PETR4,1.02,2021-07-07,RandomForest_90,1.0,1.0
PETR4,1.01,2021-07-07,RandomForest_90,1.0,1.0
PETR4,1.015,2021-07-08,RandomForest_60,1.0,1.0
PETR4,1.01,2021-07-08,RandomForest_60,1.0,1.0
PETR4,1.02,2021-07-08,RandomForest_75,1.0,1.0
PETR4,1.01,2021-07-12,RandomForest_75,0.0,0.0
PETR4,1.02,2021-07-12,RandomForest_90,1.0,1.0
PETR4,1.015,2021-07-12,RandomForest_90,1.0,1.0
PETR4,1.01,2021-07-13,RandomForest_60,0.0,0.0
PETR4,1.02,2021-07-13,RandomForest_75,1.0,1.0
PETR4,1.015,2021-07-13,RandomForest_60,0.0,0.0
PETR4,1.01,2021-07-14,RandomForest_90,1.0,1.0
PETR4,1.02,2021-07-14,"RandomForest_75, RandomForest_90","1.0, 1.0",1.0
PETR4,1.015,2021-07-14,RandomForest_90,1.0,1.0
PETR4,1.01,2021-07-15,RandomForest_90,1.0,1.0
PETR4,1.02,2021-07-15,RandomForest_90,1.0,1.0
PETR4,1.015,2021-07-15,RandomForest_90,1.0,1.0
PETR4,1.01,2021-07-16,RandomForest_90,1.0,1.0
PETR4,1.015,2021-07-16,RandomForest_75,1.0,1.0
PETR4,1.02,2021-07-16,RandomForest_90,1.0,1.0
PETR4,1.015,2021-07-19,RandomForest_75,0.0,0.0
PETR4,1.01,2021-07-19,RandomForest_75,0.0,0.0
PETR4,1.02,2021-07-19,RandomForest_60,0.0,0.0
PETR4,1.015,2021-07-20,RandomForest_90,1.0,1.0
PETR4,1.01,2021-07-20,RandomForest_60,1.0,1.0
PETR4,1.02,2021-07-20,"RandomForest_75, RandomForest_90","1.0, 1.0",1.0
PETR4,1.015,2021-07-21,RandomForest_90,1.0,1.0
PETR4,1.01,2021-07-21,RandomForest_75,1.0,1.0
PETR4,1.02,2021-07-21,RandomForest_75,1.0,1.0
PETR4,1.015,2021-07-22,"RandomForest_75, RandomForest_90","0.0, 1.0",0.0
PETR4,1.01,2021-07-22,RandomForest_75,0.0,0.0
PETR4,1.02,2021-07-22,RandomForest_75,1.0,1.0
PETR4,1.01,2021-07-23,RandomForest_75,1.0,1.0
PETR4,1.02,2021-07-23,"RandomForest_60, RandomForest_75","1.0, 1.0",1.0
PETR4,1.015,2021-07-23,RandomForest_90,1.0,1.0
PETR4,1.02,2021-07-26,RandomForest_75,1.0,1.0
PETR4,1.015,2021-07-26,RandomForest_90,1.0,1.0
PETR4,1.01,2021-07-26,RandomForest_60,1.0,1.0
PETR4,1.02,2021-07-27,"RandomForest_60, RandomForest_75","0.0, 0.0",0.0
PETR4,1.015,2021-07-27,RandomForest_60,0.0,0.0
PETR4,1.01,2021-07-27,RandomForest_75,1.0,1.0
PETR4,1.02,2021-07-28,RandomForest_90,1.0,1.0
PETR4,1.015,2021-07-28,RandomForest_75,1.0,1.0
PETR4,1.01,2021-07-28,RandomForest_75,1.0,1.0
PETR4,1.02,2021-07-29,"RandomForest_60, RandomForest_75","0.0, 0.0",0.0
PETR4,1.015,2021-07-29,RandomForest_60,0.0,0.0
PETR4,1.01,2021-07-29,RandomForest_75,0.0,0.0
PETR4,1.02,2021-07-30,RandomForest_75,0.0,0.0
PETR4,1.01,2021-07-30,RandomForest_90,0.0,0.0
PETR4,1.015,2021-07-30,RandomForest_75,0.0,0.0
PETR4,1.01,2021-08-02,RandomForest_75,1.0,1.0
PETR4,1.015,2021-08-02,RandomForest_90,1.0,1.0
PETR4,1.02,2021-08-02,RandomForest_75,1.0,1.0
PETR4,1.01,2021-08-03,RandomForest_60,1.0,1.0
PETR4,1.015,2021-08-03,"RandomForest_60, RandomForest_75","1.0, 1.0",1.0
PETR4,1.02,2021-08-03,RandomForest_90,1.0,1.0
PETR4,1.015,2021-08-04,RandomForest_75,1.0,1.0
PETR4,1.02,2021-08-04,"RandomForest_60, RandomForest_75, RandomForest_90","1.0, 1.0, 1.0",1.0
PETR4,1.01,2021-08-04,RandomForest_90,1.0,1.0
PETR4,1.02,2021-08-05,"RandomForest_60, RandomForest_90","1.0, 1.0",1.0
PETR4,1.01,2021-08-05,RandomForest_75,1.0,1.0
PETR4,1.015,2021-08-05,RandomForest_60,1.0,1.0
PETR4,1.02,2021-08-06,"RandomForest_60, RandomForest_75","1.0, 1.0",1.0
PETR4,1.01,2021-08-06,RandomForest_90,1.0,1.0
PETR4,1.015,2021-08-06,"RandomForest_60, RandomForest_75","0.0, 0.0",0.0
PETR4,1.02,2021-08-09,RandomForest_75,0.0,0.0
PETR4,1.015,2021-08-09,"RandomForest_60, RandomForest_75","0.0, 1.0",0.0
PETR4,1.01,2021-08-09,RandomForest_75,1.0,1.0
PETR4,1.015,2021-08-10,RandomForest_90,1.0,1.0
PETR4,1.01,2021-08-10,RandomForest_60,1.0,1.0
PETR4,1.02,2021-08-10,"RandomForest_75, RandomForest_90","1.0, 1.0",1.0
PETR4,1.015,2021-08-11,RandomForest_75,1.0,1.0
PETR4,1.01,2021-08-11,RandomForest_90,1.0,1.0
PETR4,1.02,2021-08-11,"RandomForest_60, RandomForest_90","0.0, 0.0",0.0
PETR4,1.015,2021-08-12,RandomForest_75,1.0,1.0
PETR4,1.01,2021-08-12,RandomForest_60,1.0,1.0
PETR4,1.02,2021-08-12,"RandomForest_60, RandomForest_75, RandomForest_90","1.0, 1.0, 1.0",1.0
PETR4,1.015,2021-08-13,RandomForest_75,0.0,0.0
PETR4,1.01,2021-08-13,RandomForest_75,0.0,0.0
PETR4,1.02,2021-08-13,"RandomForest_60, RandomForest_90","0.0, 0.0",0.0
PETR4,1.015,2021-08-16,"RandomForest_75, RandomForest_90","0.0, 1.0",0.0
PETR4,1.02,2021-08-16,RandomForest_60,0.0,0.0
PETR4,1.01,2021-08-16,RandomForest_75,0.0,0.0
PETR4,1.02,2021-08-17,RandomForest_60,0.0,0.0
PETR4,1.015,2021-08-17,RandomForest_90,1.0,1.0
PETR4,1.01,2021-08-17,RandomForest_90,1.0,1.0
PETR4,1.02,2021-08-18,RandomForest_90,0.0,0.0
PETR4,1.015,2021-08-18,RandomForest_90,1.0,1.0
PETR4,1.01,2021-08-18,RandomForest_60,1.0,1.0
PETR4,1.02,2021-08-19,RandomForest_60,1.0,1.0
PETR4,1.015,2021-08-19,RandomForest_60,1.0,1.0
PETR4,1.01,2021-08-19,"RandomForest_60, RandomForest_90","1.0, 1.0",1.0
PETR4,1.02,2021-08-20,RandomForest_90,1.0,1.0
PETR4,1.015,2021-08-20,"RandomForest_75, RandomForest_90","1.0, 1.0",1.0
PETR4,1.01,2021-08-20,RandomForest_60,1.0,1.0
PETR4,1.015,2021-08-23,"RandomForest_60, RandomForest_75, RandomForest_90","0.0, 0.0, 0.0",0.0
PETR4,1.01,2021-08-23,"RandomForest_75, RandomForest_90","0.0, 0.0",0.0
PETR4,1.02,2021-08-23,"RandomForest_60, RandomForest_90","0.0, 0.0",0.0
PETR4,1.01,2021-08-24,RandomForest_90,0.0,0.0
PETR4,1.02,2021-08-24,"RandomForest_60, RandomForest_75","0.0, 0.0",0.0
PETR4,1.015,2021-08-24,"RandomForest_60, RandomForest_75, RandomForest_90","0.0, 0.0, 0.0",0.0
PETR4,1.01,2021-08-25,RandomForest_90,0.0,0.0
PETR4,1.02,2021-08-25,"RNA_60, RandomForest_60, RandomForest_90","0.0, 0.0, 0.0",0.0
PETR4,1.015,2021-08-25,"RandomForest_60, RandomForest_90","0.0, 0.0",0.0
PETR4,1.01,2021-08-26,RandomForest_75,1.0,1.0
PETR4,1.02,2021-08-26,"RandomForest_60, RandomForest_90, SVC_60","1.0, 1.0, 1.0",1.0
PETR4,1.015,2021-08-26,"RandomForest_60, RandomForest_75, RandomForest_90","1.0, 1.0, 1.0",1.0
PETR4,1.01,2021-08-27,SVC_75,1.0,1.0
PETR4,1.02,2021-08-27,"RandomForest_60, RandomForest_75, RandomForest_90, SVC_60","1.0, 1.0, 0.0, 1.0",0.0
PETR4,1.015,2021-08-27,"RandomForest_60, RandomForest_75","0.0, 1.0",0.0
PETR4,1.02,2021-08-30,"RandomForest_60, RandomForest_75, RandomForest_90, SVC_60","1.0, 1.0, 1.0, 1.0",1.0
PETR4,1.015,2021-08-30,"RandomForest_60, RandomForest_75, RandomForest_90","0.0, 1.0, 1.0",0.0
PETR4,1.01,2021-08-30,"RandomForest_60, RandomForest_90","1.0, 1.0",1.0
PETR4,1.015,2021-08-31,"RandomForest_60, RandomForest_75, RandomForest_90","1.0, 1.0, 1.0",1.0
PETR4,1.02,2021-08-31,"RandomForest_60, RandomForest_75","1.0, 1.0",1.0
PETR4,1.01,2021-08-31,RandomForest_75,1.0,1.0
PETR4,1.015,2021-09-01,"RandomForest_60, RandomForest_90","0.0, 1.0",0.0
PETR4,1.02,2021-09-01,"RandomForest_60, RandomForest_90","0.0, 0.0",0.0
PETR4,1.01,2021-09-01,RandomForest_60,1.0,1.0
PETR4,1.02,2021-09-02,"RandomForest_60, RandomForest_75, RandomForest_90","0.0, 1.0, 1.0",0.0
PETR4,1.01,2021-09-02,RandomForest_90,0.0,0.0
PETR4,1.015,2021-09-02,SVC_60,1.0,1.0
PETR4,1.01,2021-09-03,RandomForest_90,0.0,0.0
PETR4,1.015,2021-09-03,RandomForest_90,0.0,0.0
PETR4,1.02,2021-09-03,"RandomForest_60, RandomForest_75, RandomForest_90","0.0, 0.0, 0.0",0.0
PETR4,1.01,2021-09-06,RandomForest_90,1.0,1.0
PETR4,1.015,2021-09-06,RandomForest_60,1.0,1.0
PETR4,1.02,2021-09-06,RandomForest_60,0.0,0.0
PETR4,1.01,2021-09-08,SVC_60,1.0,1.0
PETR4,1.02,2021-09-08,"RandomForest_60, RandomForest_90","0.0, 0.0",0.0
PETR4,1.015,2021-09-08,RandomForest_60,1.0,1.0
PETR4,1.02,2021-09-09,RandomForest_60,0.0,0.0
PETR4,1.015,2021-09-09,RandomForest_90,1.0,1.0
PETR4,1.01,2021-09-09,SVC_60,1.0,1.0
PETR4,1.02,2021-09-10,RandomForest_60,0.0,0.0
PETR4,1.015,2021-09-10,RandomForest_90,0.0,0.0
PETR4,1.01,2021-09-10,SVC_60,1.0,1.0
PETR4,1.02,2021-09-13,"RandomForest_60, RandomForest_75","1.0, 1.0",1.0
PETR4,1.015,2021-09-13,RandomForest_90,1.0,1.0
PETR4,1.01,2021-09-13,RandomForest_90,1.0,1.0
PETR4,1.02,2021-09-14,RandomForest_75,0.0,0.0
PETR4,1.015,2021-09-14,RandomForest_75,1.0,1.0
PETR4,1.01,2021-09-14,RandomForest_90,1.0,1.0
PETR4,1.02,2021-09-15,RandomForest_75,1.0,1.0
PETR4,1.01,2021-09-15,RandomForest_60,1.0,1.0
PETR4,1.015,2021-09-15,RandomForest_90,1.0,1.0
PETR4,1.01,2021-09-16,RandomForest_60,1.0,1.0
PETR4,1.02,2021-09-16,RandomForest_75,0.0,0.0
PETR4,1.015,2021-09-16,RandomForest_75,1.0,1.0
PETR4,1.01,2021-09-17,RandomForest_60,0.0,0.0
PETR4,1.02,2021-09-17,"RandomForest_60, RandomForest_75, RandomForest_90","0.0, 0.0, 0.0",0.0
PETR4,1.015,2021-09-17,"RandomForest_60, RandomForest_75","0.0, 0.0",0.0
PETR4,1.01,2021-09-20,RandomForest_75,1.0,1.0
PETR4,1.02,2021-09-20,"RandomForest_60, RandomForest_75","1.0, 1.0",1.0
PETR4,1.015,2021-09-20,"RandomForest_60, RandomForest_75, RandomForest_90","1.0, 1.0, 1.0",1.0
PETR4,1.01,2021-09-21,"RandomForest_60, RandomForest_75, RandomForest_90","1.0, 0.0, 1.0",0.0
PETR4,1.02,2021-09-21,RandomForest_75,0.0,0.0
PETR4,1.015,2021-09-21,"RandomForest_60, RandomForest_75","1.0, 0.0",0.0
PETR4,1.02,2021-09-22,"RandomForest_60, RandomForest_75, RandomForest_90","1.0, 1.0, 1.0",1.0
PETR4,1.015,2021-09-22,"RandomForest_60, RandomForest_75, RandomForest_90","1.0, 1.0, 1.0",1.0
PETR4,1.01,2021-09-22,RandomForest_75,1.0,1.0
PETR4,1.015,2021-09-23,RandomForest_75,1.0,1.0
PETR4,1.01,2021-09-23,"RandomForest_60, RandomForest_75, RandomForest_90","1.0, 1.0, 1.0",1.0
PETR4,1.02,2021-09-23,"RandomForest_60, RandomForest_75","0.0, 1.0",0.0
PETR4,1.015,2021-09-24,"RandomForest_75, RandomForest_90","0.0, 1.0",0.0
PETR4,1.01,2021-09-24,RandomForest_75,1.0,1.0
PETR4,1.02,2021-09-24,"RandomForest_60, RandomForest_75","0.0, 0.0",0.0
PETR4,1.015,2021-09-27,RandomForest_75,1.0,1.0
PETR4,1.01,2021-09-27,RandomForest_75,1.0,1.0
PETR4,1.02,2021-09-27,"RandomForest_60, RandomForest_75","1.0, 0.0",0.0
PETR4,1.015,2021-09-28,RandomForest_75,1.0,1.0
PETR4,1.01,2021-09-28,RandomForest_90,1.0,1.0
PETR4,1.02,2021-09-28,RandomForest_60,1.0,1.0
PETR4,1.01,2021-09-29,RandomForest_75,1.0,1.0
PETR4,1.02,2021-09-29,RandomForest_75,1.0,1.0
PETR4,1.015,2021-09-29,"RandomForest_60, RandomForest_75","1.0, 1.0",1.0
PETR4,1.02,2021-09-30,RandomForest_75,1.0,1.0
PETR4,1.01,2021-09-30,RandomForest_75,1.0,1.0
PETR4,1.015,2021-09-30,RandomForest_75,1.0,1.0
PETR4,1.02,2021-10-01,RandomForest_75,1.0,1.0
PETR4,1.01,2021-10-01,RandomForest_75,1.0,1.0
PETR4,1.015,2021-10-01,RandomForest_75,1.0,1.0
PETR4,1.01,2021-10-04,RandomForest_75,1.0,1.0
PETR4,1.015,2021-10-04,RandomForest_75,1.0,1.0
PETR4,1.02,2021-10-04,RandomForest_75,1.0,1.0
PETR4,1.015,2021-10-05,RandomForest_90,1.0,1.0
PETR4,1.02,2021-10-05,RandomForest_75,1.0,1.0
PETR4,1.01,2021-10-05,RandomForest_75,1.0,1.0
PETR4,1.015,2021-10-06,RandomForest_90,1.0,1.0
PETR4,1.02,2021-10-06,RandomForest_75,1.0,1.0
PETR4,1.01,2021-10-06,SVC_60,1.0,1.0
PETR4,1.015,2021-10-07,RandomForest_60,1.0,1.0
PETR4,1.01,2021-10-07,RandomForest_60,1.0,1.0
PETR4,1.02,2021-10-07,RandomForest_90,1.0,1.0
PETR4,1.01,2021-10-08,RandomForest_60,1.0,1.0
PETR4,1.02,2021-10-08,RandomForest_60,1.0,1.0
PETR4,1.015,2021-10-08,RandomForest_90,1.0,1.0
PETR4,1.01,2021-10-11,RandomForest_75,1.0,1.0
PETR4,1.02,2021-10-11,"RandomForest_60, RandomForest_90","1.0, 1.0",1.0
PETR4,1.015,2021-10-11,RandomForest_75,1.0,1.0
PETR4,1.01,2021-10-13,RandomForest_60,1.0,1.0
PETR4,1.02,2021-10-13,"RandomForest_60, RandomForest_90","1.0, 1.0",1.0
PETR4,1.015,2021-10-13,RandomForest_90,1.0,1.0
PETR4,1.01,2021-10-14,RandomForest_60,1.0,1.0
PETR4,1.02,2021-10-14,RandomForest_90,0.0,0.0
PETR4,1.015,2021-10-14,RandomForest_75,1.0,1.0
PETR4,1.01,2021-10-15,RandomForest_75,1.0,1.0
PETR4,1.015,2021-10-15,RandomForest_90,0.0,0.0
PETR4,1.02,2021-10-15,RandomForest_75,0.0,0.0
PETR4,1.015,2021-10-18,"RandomForest_60, RandomForest_75, RandomForest_90","0.0, 0.0, 0.0",0.0
PETR4,1.01,2021-10-18,RandomForest_60,1.0,1.0
PETR4,1.02,2021-10-18,RandomForest_75,0.0,0.0
PETR4,1.015,2021-10-19,"RandomForest_60, RandomForest_75","1.0, 1.0",1.0
PETR4,1.01,2021-10-19,RandomForest_60,1.0,1.0
PETR4,1.02,2021-10-19,"RandomForest_75, RandomForest_90","1.0, 1.0",1.0
PETR4,1.015,2021-10-20,"RandomForest_60, RandomForest_90","1.0, 1.0",1.0
PETR4,1.01,2021-10-20,RandomForest_60,1.0,1.0
PETR4,1.02,2021-10-20,RandomForest_75,1.0,1.0
PETR4,1.015,2021-10-21,RandomForest_75,1.0,1.0
PETR4,1.01,2021-10-21,RandomForest_90,1.0,1.0
PETR4,1.02,2021-10-21,RandomForest_60,1.0,1.0
PETR4,1.01,2021-10-22,RandomForest_90,1.0,1.0
PETR4,1.02,2021-10-22,RandomForest_75,1.0,1.0
PETR4,1.015,2021-10-22,RandomForest_75,1.0,1.0
PETR4,1.02,2021-10-25,RandomForest_60,1.0,1.0
PETR4,1.015,2021-10-25,RandomForest_75,1.0,1.0
PETR4,1.01,2021-10-25,RandomForest_90,1.0,1.0
PETR4,1.02,2021-10-26,RandomForest_60,1.0,1.0
PETR4,1.015,2021-10-26,RandomForest_60,1.0,1.0
PETR4,1.01,2021-10-26,RandomForest_90,1.0,1.0
PETR4,1.02,2021-10-27,RandomForest_90,1.0,1.0
PETR4,1.015,2021-10-27,RandomForest_75,1.0,1.0
PETR4,1.01,2021-10-27,RandomForest_90,1.0,1.0
PETR4,1.02,2021-10-28,"RandomForest_75, RandomForest_90","0.0, 0.0",0.0
PETR4,1.015,2021-10-28,RandomForest_60,0.0,0.0
PETR4,1.01,2021-10-28,RandomForest_60,1.0,1.0
PETR4,1.015,2021-10-29,RandomForest_60,1.0,1.0
PETR4,1.01,2021-10-29,RandomForest_90,1.0,1.0
PETR4,1.02,2021-10-29,RandomForest_60,1.0,1.0
PETR4,1.01,2021-11-01,RandomForest_60,1.0,1.0
PETR4,1.015,2021-11-01,RandomForest_90,1.0,1.0
PETR4,1.02,2021-11-01,RandomForest_90,1.0,1.0
PETR4,1.01,2021-11-03,RandomForest_75,1.0,1.0
PETR4,1.015,2021-11-03,RandomForest_75,1.0,1.0
PETR4,1.02,2021-11-03,RandomForest_75,1.0,1.0
PETR4,1.015,2021-11-04,RandomForest_60,1.0,1.0
PETR4,1.02,2021-11-04,RandomForest_75,1.0,1.0
PETR4,1.01,2021-11-04,RandomForest_60,1.0,1.0
PETR4,1.02,2021-11-05,RandomForest_90,1.0,1.0
PETR4,1.01,2021-11-05,"RandomForest_60, RandomForest_90","1.0, 1.0",1.0
PETR4,1.015,2021-11-05,RandomForest_90,1.0,1.0
PETR4,1.02,2021-11-08,RandomForest_60,1.0,1.0
PETR4,1.01,2021-11-08,RandomForest_60,1.0,1.0
PETR4,1.015,2021-11-08,RandomForest_75,1.0,1.0
PETR4,1.02,2021-11-09,RandomForest_90,1.0,1.0
PETR4,1.015,2021-11-09,RandomForest_60,1.0,1.0
PETR4,1.01,2021-11-09,RandomForest_90,1.0,1.0
PETR4,1.015,2021-11-10,RandomForest_60,1.0,1.0
PETR4,1.01,2021-11-10,RandomForest_75,1.0,1.0
PETR4,1.02,2021-11-10,RandomForest_90,1.0,1.0
PETR4,1.015,2021-11-11,RandomForest_90,1.0,1.0
PETR4,1.01,2021-11-11,RandomForest_90,1.0,1.0
PETR4,1.02,2021-11-11,RandomForest_75,1.0,1.0
PETR4,1.015,2021-11-12,RandomForest_60,1.0,1.0
PETR4,1.01,2021-11-12,RandomForest_60,1.0,1.0
PETR4,1.02,2021-11-12,RandomForest_75,1.0,1.0
PETR4,1.015,2021-11-16,RandomForest_60,1.0,1.0
PETR4,1.01,2021-11-16,RandomForest_90,1.0,1.0
PETR4,1.02,2021-11-16,RandomForest_75,0.0,0.0
PETR4,1.015,2021-11-17,"RandomForest_75, RandomForest_90","0.0, 0.0",0.0
PETR4,1.02,2021-11-17,"RandomForest_75, RandomForest_90","0.0, 0.0",0.0
PETR4,1.01,2021-11-17,"RandomForest_75, RandomForest_90","1.0, 1.0",1.0
PETR4,1.02,2021-11-18,RandomForest_90,1.0,1.0
PETR4,1.015,2021-11-18,RandomForest_90,1.0,1.0
PETR4,1.01,2021-11-18,RandomForest_90,1.0,1.0
PETR4,1.02,2021-11-19,RandomForest_60,1.0,1.0
PETR4,1.015,2021-11-19,"RandomForest_60, RandomForest_75","1.0, 1.0",1.0
PETR4,1.01,2021-11-19,RandomForest_75,1.0,1.0
PETR4,1.02,2021-11-22,RandomForest_90,1.0,1.0
PETR4,1.015,2021-11-22,RandomForest_75,1.0,1.0
PETR4,1.01,2021-11-22,RandomForest_75,1.0,1.0
PETR4,1.02,2021-11-23,RandomForest_90,1.0,1.0
PETR4,1.015,2021-11-23,RandomForest_75,1.0,1.0
PETR4,1.01,2021-11-23,RandomForest_75,1.0,1.0
PETR4,1.015,2021-11-24,RandomForest_75,1.0,1.0
PETR4,1.01,2021-11-24,RandomForest_90,1.0,1.0
PETR4,1.02,2021-11-24,RandomForest_90,1.0,1.0
PETR4,1.01,2021-11-25,RandomForest_75,1.0,1.0
PETR4,1.02,2021-11-25,RandomForest_90,1.0,1.0
PETR4,1.015,2021-11-25,RandomForest_90,1.0,1.0
PETR4,1.01,2021-11-26,RandomForest_75,1.0,1.0
PETR4,1.02,2021-11-26,RandomForest_90,1.0,1.0
PETR4,1.015,2021-11-26,RandomForest_75,1.0,1.0
PETR4,1.01,2021-11-29,RandomForest_75,1.0,1.0
PETR4,1.02,2021-11-29,RandomForest_75,1.0,1.0
PETR4,1.015,2021-11-29,RandomForest_90,1.0,1.0
PETR4,1.01,2021-11-30,RNA_90,1.0,1.0
PETR4,1.02,2021-11-30,"RandomForest_75, RandomForest_90","1.0, 1.0",1.0
PETR4,1.015,2021-11-30,RandomForest_90,1.0,1.0
PETR4,1.01,2021-12-01,RandomForest_75,1.0,1.0
PETR4,1.015,2021-12-01,RandomForest_90,1.0,1.0
PETR4,1.02,2021-12-01,"RandomForest_75, RandomForest_90","1.0, 1.0",1.0
PETR4,1.015,2021-12-02,RandomForest_60,1.0,1.0
PETR4,1.02,2021-12-02,RandomForest_75,1.0,1.0
PETR4,1.01,2021-12-02,RandomForest_60,1.0,1.0
PETR4,1.015,2021-12-03,RandomForest_90,0.0,0.0
PETR4,1.02,2021-12-03,RandomForest_90,0.0,0.0
PETR4,1.01,2021-12-03,RandomForest_75,1.0,1.0
PETR4,1.02,2021-12-06,RandomForest_90,0.0,0.0
PETR4,1.01,2021-12-06,RandomForest_60,0.0,0.0
PETR4,1.015,2021-12-06,RandomForest_60,0.0,0.0
PETR4,1.01,2021-12-07,RandomForest_75,1.0,1.0
PETR4,1.015,2021-12-07,RandomForest_60,0.0,0.0
PETR4,1.02,2021-12-07,"RandomForest_60, RandomForest_75, RandomForest_90","0.0, 0.0, 0.0",0.0
PETR4,1.01,2021-12-08,RandomForest_90,1.0,1.0
PETR4,1.015,2021-12-08,RandomForest_60,1.0,1.0
PETR4,1.02,2021-12-08,RandomForest_90,1.0,1.0
PETR4,1.01,2021-12-09,RandomForest_75,1.0,1.0
PETR4,1.02,2021-12-09,"RandomForest_60, RandomForest_90","1.0, 1.0",1.0
PETR4,1.015,2021-12-09,RandomForest_60,1.0,1.0
PETR4,1.02,2021-12-10,RandomForest_90,1.0,1.0
PETR4,1.015,2021-12-10,RandomForest_60,1.0,1.0
PETR4,1.01,2021-12-10,RandomForest_60,1.0,1.0
PETR4,1.02,2021-12-13,RandomForest_60,1.0,1.0
PETR4,1.015,2021-12-13,RandomForest_90,1.0,1.0
PETR4,1.01,2021-12-13,RandomForest_60,1.0,1.0
PETR4,1.02,2021-12-14,RandomForest_90,1.0,1.0
PETR4,1.015,2021-12-14,RandomForest_60,1.0,1.0
PETR4,1.01,2021-12-14,RandomForest_75,1.0,1.0
PETR4,1.02,2021-12-15,"RandomForest_60, RandomForest_90","1.0, 0.0",0.0
PETR4,1.015,2021-12-15,RandomForest_60,1.0,1.0
PETR4,1.01,2021-12-15,RandomForest_90,1.0,1.0
PETR4,1.02,2021-12-16,RandomForest_60,1.0,1.0
PETR4,1.01,2021-12-16,RandomForest_60,1.0,1.0
PETR4,1.015,2021-12-16,RandomForest_60,1.0,1.0
PETR4,1.01,2021-12-17,RandomForest_60,1.0,1.0
PETR4,1.02,2021-12-17,"RandomForest_60, RandomForest_75, RandomForest_90","1.0, 0.0, 0.0",0.0
PETR4,1.015,2021-12-17,"RandomForest_60, RandomForest_75","1.0, 0.0",0.0
PETR4,1.01,2021-12-20,RandomForest_60,1.0,1.0
PETR4,1.02,2021-12-20,RandomForest_60,1.0,1.0
PETR4,1.015,2021-12-20,RandomForest_75,1.0,1.0
PETR4,1.01,2021-12-21,RandomForest_60,1.0,1.0
PETR4,1.02,2021-12-21,RandomForest_75,0.0,0.0
PETR4,1.015,2021-12-21,"RandomForest_60, RandomForest_75","1.0, 1.0",1.0
PETR4,1.01,2021-12-22,RandomForest_75,1.0,1.0
PETR4,1.02,2021-12-22,RandomForest_90,0.0,0.0
PETR4,1.015,2021-12-22,RandomForest_75,1.0,1.0
PETR4,1.02,2021-12-23,RandomForest_75,1.0,1.0
PETR4,1.015,2021-12-23,RandomForest_60,1.0,1.0
PETR4,1.01,2021-12-23,RandomForest_75,1.0,1.0
PETR4,1.015,2021-12-27,RandomForest_90,1.0,1.0
PETR4,1.01,2021-12-27,RandomForest_90,0.0,0.0
PETR4,1.02,2021-12-27,RandomForest_75,1.0,1.0
PETR4,1.015,2021-12-28,RandomForest_90,0.0,0.0
PETR4,1.01,2021-12-28,RandomForest_75,1.0,1.0
PETR4,1.02,2021-12-28,RandomForest_90,0.0,0.0
PETR4,1.015,2021-12-29,RandomForest_75,0.0,0.0
PETR4,1.01,2021-12-29,RandomForest_60,1.0,1.0
PETR4,1.02,2021-12-29,RandomForest_60,0.0,0.0
PETR4,1.015,2021-12-30,RandomForest_60,1.0,1.0
PETR4,1.01,2021-12-30,RandomForest_60,1.0,1.0
PETR4,1.02,2021-12-30,RandomForest_75,1.0,1.0
PETR4,1.01,2022-01-03,RandomForest_60,1.0,1.0
PETR4,1.02,2022-01-03,RandomForest_90,1.0,1.0
PETR4,1.015,2022-01-03,RandomForest_90,1.0,1.0
PETR4,1.02,2022-01-04,RandomForest_90,0.0,0.0
PETR4,1.01,2022-01-04,RandomForest_90,1.0,1.0
PETR4,1.015,2022-01-04,RandomForest_90,1.0,1.0
PETR4,1.02,2022-01-05,RandomForest_90,0.0,0.0
PETR4,1.01,2022-01-05,RandomForest_90,1.0,1.0
PETR4,1.015,2022-01-05,RandomForest_60,1.0,1.0
PETR4,1.01,2022-01-06,RandomForest_90,1.0,1.0
PETR4,1.015,2022-01-06,RandomForest_60,1.0,1.0
PETR4,1.02,2022-01-06,RandomForest_90,1.0,1.0
PETR4,1.015,2022-01-07,"RandomForest_60, RandomForest_90","1.0, 1.0",1.0
PETR4,1.02,2022-01-07,RandomForest_90,1.0,1.0
PETR4,1.01,2022-01-07,RandomForest_90,1.0,1.0
PETR4,1.015,2022-01-10,RandomForest_60,1.0,1.0
PETR4,1.02,2022-01-10,RandomForest_90,1.0,1.0
PETR4,1.01,2022-01-10,RandomForest_90,1.0,1.0
PETR4,1.015,2022-01-11,RandomForest_90,1.0,1.0
PETR4,1.01,2022-01-11,RandomForest_90,1.0,1.0
PETR4,1.02,2022-01-11,RandomForest_90,1.0,1.0
PETR4,1.01,2022-01-12,RandomForest_60,0.0,0.0
PETR4,1.02,2022-01-12,RandomForest_75,0.0,0.0
PETR4,1.015,2022-01-12,RandomForest_90,1.0,1.0
PETR4,1.01,2022-01-13,RandomForest_90,1.0,1.0
PETR4,1.02,2022-01-13,RandomForest_90,1.0,1.0
PETR4,1.015,2022-01-13,"RandomForest_75, RandomForest_90","1.0, 1.0",1.0
PETR4,1.01,2022-01-14,RandomForest_75,1.0,1.0
PETR4,1.02,2022-01-14,RandomForest_75,1.0,1.0
PETR4,1.015,2022-01-14,RandomForest_90,1.0,1.0
PETR4,1.01,2022-01-17,RNA_75,1.0,1.0
PETR4,1.02,2022-01-17,RandomForest_90,1.0,1.0
PETR4,1.015,2022-01-17,RandomForest_90,1.0,1.0
PETR4,1.01,2022-01-18,RandomForest_90,1.0,1.0
PETR4,1.015,2022-01-18,RandomForest_90,0.0,0.0
PETR4,1.02,2022-01-18,RandomForest_75,1.0,1.0
PETR4,1.015,2022-01-19,RandomForest_90,1.0,1.0
PETR4,1.01,2022-01-19,RandomForest_60,1.0,1.0
PETR4,1.02,2022-01-19,RandomForest_90,1.0,1.0
PETR4,1.015,2022-01-20,RandomForest_90,1.0,1.0
PETR4,1.01,2022-01-20,RandomForest_90,1.0,1.0
PETR4,1.02,2022-01-20,"RandomForest_60, RandomForest_90","1.0, 1.0",1.0
PETR4,1.015,2022-01-21,"RandomForest_60, RandomForest_90","1.0, 1.0",1.0
PETR4,1.01,2022-01-21,RandomForest_90,1.0,1.0
PETR4,1.02,2022-01-21,RandomForest_90,1.0,1.0
PETR4,1.015,2022-01-24,RandomForest_60,1.0,1.0
PETR4,1.01,2022-01-24,"RandomForest_75, RandomForest_90","1.0, 1.0",1.0
PETR4,1.02,2022-01-24,"RandomForest_60, RandomForest_75, RandomForest_90","1.0, 1.0, 1.0",1.0
PETR4,1.01,2022-01-25,RandomForest_90,1.0,1.0
PETR4,1.02,2022-01-25,"RandomForest_60, RandomForest_75","1.0, 1.0",1.0
PETR4,1.015,2022-01-25,RandomForest_75,1.0,1.0
PETR4,1.02,2022-01-26,"RandomForest_60, RandomForest_75, RandomForest_90","1.0, 1.0, 1.0",1.0
PETR4,1.015,2022-01-26,"RandomForest_60, RandomForest_75, RandomForest_90","1.0, 1.0, 1.0",1.0
PETR4,1.01,2022-01-26,RandomForest_90,1.0,1.0
PETR4,1.02,2022-01-27,RandomForest_75,1.0,1.0
PETR4,1.015,2022-01-27,RandomForest_75,1.0,1.0
PETR4,1.01,2022-01-27,RandomForest_90,1.0,1.0
PETR4,1.02,2022-01-28,RandomForest_60,1.0,1.0
PETR4,1.015,2022-01-28,RandomForest_60,1.0,1.0
PETR4,1.01,2022-01-28,"RandomForest_60, RandomForest_75","1.0, 1.0",1.0
PETR4,1.02,2022-01-31,"RandomForest_60, RandomForest_75, RandomForest_90","1.0, 1.0, 1.0",1.0
PETR4,1.015,2022-01-31,RandomForest_60,1.0,1.0
PETR4,1.01,2022-01-31,"RandomForest_60, RandomForest_90","1.0, 1.0",1.0
PETR4,1.02,2022-02-01,RandomForest_60,1.0,1.0
PETR4,1.01,2022-02-01,"RandomForest_60, RandomForest_90","1.0, 1.0",1.0
PETR4,1.015,2022-02-01,"RandomForest_60, RandomForest_75, RandomForest_90","1.0, 0.0, 1.0",0.0
PETR4,1.01,2022-02-02,RandomForest_90,1.0,1.0
PETR4,1.015,2022-02-02,RandomForest_75,1.0,1.0
PETR4,1.02,2022-02-02,RandomForest_60,1.0,1.0
PETR4,1.01,2022-02-03,RandomForest_90,1.0,1.0
PETR4,1.015,2022-02-03,RandomForest_90,1.0,1.0
PETR4,1.02,2022-02-03,RandomForest_60,1.0,1.0
PETR4,1.015,2022-02-04,RandomForest_60,1.0,1.0
PETR4,1.02,2022-02-04,RandomForest_90,1.0,1.0
PETR4,1.01,2022-02-04,"RandomForest_75, RandomForest_90","1.0, 1.0",1.0
PETR4,1.02,2022-02-07,RandomForest_90,1.0,1.0
PETR4,1.01,2022-02-07,RandomForest_75,1.0,1.0
PETR4,1.015,2022-02-07,RandomForest_75,1.0,1.0
PETR4,1.02,2022-02-08,RandomForest_60,1.0,1.0
PETR4,1.01,2022-02-08,RandomForest_90,1.0,1.0
PETR4,1.015,2022-02-08,RandomForest_75,1.0,1.0
PETR4,1.02,2022-02-09,RandomForest_90,1.0,1.0
PETR4,1.015,2022-02-09,RandomForest_90,1.0,1.0
PETR4,1.01,2022-02-09,RandomForest_90,1.0,1.0
PETR4,1.015,2022-02-10,"RandomForest_60, RandomForest_75","1.0, 1.0",1.0
PETR4,1.01,2022-02-10,"RandomForest_60, RandomForest_75, RandomForest_90","1.0, 1.0, 1.0",1.0
PETR4,1.02,2022-02-10,RandomForest_75,1.0,1.0
PETR4,1.015,2022-02-11,"RandomForest_75, RandomForest_90","1.0, 1.0",1.0
PETR4,1.01,2022-02-11,"RandomForest_60, RandomForest_75","1.0, 1.0",1.0
PETR4,1.02,2022-02-11,RandomForest_90,1.0,1.0
PETR4,1.015,2022-02-14,RandomForest_75,1.0,1.0
PETR4,1.01,2022-02-14,"RandomForest_60, RandomForest_90","1.0, 1.0",1.0
PETR4,1.02,2022-02-14,RandomForest_60,0.0,0.0
PETR4,1.015,2022-02-15,"RandomForest_60, RandomForest_75","1.0, 1.0",1.0
PETR4,1.01,2022-02-15,RandomForest_60,1.0,1.0
PETR4,1.02,2022-02-15,RandomForest_90,1.0,1.0
PETR4,1.015,2022-02-16,"RandomForest_75, RandomForest_90","1.0, 1.0",1.0
PETR4,1.02,2022-02-16,"RandomForest_60, RandomForest_90","1.0, 1.0",1.0
PETR4,1.01,2022-02-16,RandomForest_60,1.0,1.0
PETR4,1.02,2022-02-17,RandomForest_75,1.0,1.0
PETR4,1.015,2022-02-17,RandomForest_90,1.0,1.0
PETR4,1.01,2022-02-17,RandomForest_75,1.0,1.0
PETR4,1.02,2022-02-18,RandomForest_75,1.0,1.0
PETR4,1.015,2022-02-18,RandomForest_75,1.0,1.0
PETR4,1.01,2022-02-18,RandomForest_60,1.0,1.0
PETR4,1.02,2022-02-21,RandomForest_75,1.0,1.0
PETR4,1.015,2022-02-21,RandomForest_75,1.0,1.0
PETR4,1.01,2022-02-21,RandomForest_75,1.0,1.0
PETR4,1.02,2022-02-22,"RandomForest_60, RandomForest_90","1.0, 0.0",0.0
PETR4,1.015,2022-02-22,RandomForest_90,1.0,1.0
PETR4,1.01,2022-02-22,RandomForest_60,1.0,1.0
PETR4,1.015,2022-02-23,RandomForest_90,0.0,0.0
PETR4,1.01,2022-02-23,RandomForest_90,1.0,1.0
PETR4,1.02,2022-02-23,RandomForest_90,0.0,0.0
PETR4,1.01,2022-02-24,RandomForest_60,1.0,1.0
PETR4,1.02,2022-02-24,RandomForest_90,1.0,1.0
PETR4,1.015,2022-02-24,RandomForest_75,1.0,1.0
PETR4,1.01,2022-02-25,RandomForest_60,1.0,1.0
PETR4,1.02,2022-02-25,"RandomForest_75, RandomForest_90","1.0, 1.0",1.0
PETR4,1.015,2022-02-25,RandomForest_90,1.0,1.0
PETR4,1.01,2022-03-02,RandomForest_60,1.0,1.0
PETR4,1.02,2022-03-02,"RandomForest_75, RandomForest_90","1.0, 1.0",1.0
PETR4,1.015,2022-03-02,"RandomForest_60, RandomForest_90","1.0, 1.0",1.0
PETR4,1.01,2022-03-03,RandomForest_75,1.0,1.0
PETR4,1.02,2022-03-03,"RandomForest_60, RandomForest_75","0.0, 0.0",0.0
PETR4,1.015,2022-03-03,RandomForest_75,1.0,1.0
PETR4,1.02,2022-03-04,"RandomForest_75, RandomForest_90","1.0, 1.0",1.0
PETR4,1.015,2022-03-04,RandomForest_90,1.0,1.0
PETR4,1.01,2022-03-04,RandomForest_75,1.0,1.0
PETR4,1.015,2022-03-07,RandomForest_60,1.0,1.0
PETR4,1.02,2022-03-07,RandomForest_90,1.0,1.0
PETR4,1.01,2022-03-07,RandomForest_75,1.0,1.0
PETR4,1.015,2022-03-08,RandomForest_60,1.0,1.0
PETR4,1.02,2022-03-08,RandomForest_60,1.0,1.0
PETR4,1.01,2022-03-08,RandomForest_75,1.0,1.0
PETR4,1.02,2022-03-09,RandomForest_90,1.0,1.0
PETR4,1.01,2022-03-09,"RandomForest_75, RandomForest_90","1.0, 1.0",1.0
PETR4,1.015,2022-03-09,RandomForest_75,1.0,1.0
PETR4,1.01,2022-03-10,RandomForest_75,1.0,1.0
PETR4,1.015,2022-03-10,"RandomForest_75, RandomForest_90","1.0, 1.0",1.0
PETR4,1.02,2022-03-10,"RandomForest_60, RandomForest_90","1.0, 1.0",1.0
PETR4,1.01,2022-03-11,RandomForest_75,1.0,1.0
PETR4,1.015,2022-03-11,RandomForest_75,1.0,1.0
PETR4,1.02,2022-03-11,"RandomForest_60, RandomForest_75, RandomForest_90","1.0, 1.0, 1.0",1.0
PETR4,1.01,2022-03-14,RandomForest_90,1.0,1.0
PETR4,1.02,2022-03-14,"RandomForest_60, RandomForest_90","1.0, 1.0",1.0
PETR4,1.015,2022-03-14,RandomForest_75,1.0,1.0
PETR4,1.02,2022-03-15,"RandomForest_60, RandomForest_75, RandomForest_90","1.0, 1.0, 1.0",1.0
PETR4,1.015,2022-03-15,RandomForest_90,1.0,1.0
PETR4,1.01,2022-03-15,"RandomForest_60, RandomForest_90","1.0, 1.0",1.0
PETR4,1.02,2022-03-16,"RandomForest_60, RandomForest_75","0.0, 0.0",0.0
PETR4,1.015,2022-03-16,RandomForest_90,1.0,1.0
PETR4,1.01,2022-03-16,RandomForest_90,1.0,1.0
PETR4,1.02,2022-03-17,"RandomForest_60, RandomForest_75","1.0, 1.0",1.0
PETR4,1.015,2022-03-17,RandomForest_90,1.0,1.0
PETR4,1.01,2022-03-17,"RandomForest_60, RandomForest_90","1.0, 1.0",1.0
PETR4,1.02,2022-03-18,"RandomForest_75, RandomForest_90","1.0, 1.0",1.0
PETR4,1.015,2022-03-18,RandomForest_60,1.0,1.0
PETR4,1.01,2022-03-18,RandomForest_60,1.0,1.0
PETR4,1.02,2022-03-21,RandomForest_75,1.0,1.0
PETR4,1.01,2022-03-21,RandomForest_90,1.0,1.0
PETR4,1.015,2022-03-21,RandomForest_90,1.0,1.0
PETR4,1.01,2022-03-22,RandomForest_90,1.0,1.0
PETR4,1.02,2022-03-22,RandomForest_75,1.0,1.0
PETR4,1.015,2022-03-22,RandomForest_90,1.0,1.0
PETR4,1.01,2022-03-23,RandomForest_75,1.0,1.0
PETR4,1.02,2022-03-23,"RandomForest_75, RandomForest_90","0.0, 1.0",0.0
PETR4,1.015,2022-03-23,"RandomForest_60, RandomForest_75","1.0, 1.0",1.0
PETR4,1.01,2022-03-24,RandomForest_90,1.0,1.0
PETR4,1.02,2022-03-24,"RandomForest_60, RandomForest_75","1.0, 1.0",1.0
PETR4,1.015,2022-03-24,RandomForest_90,1.0,1.0
PETR4,1.01,2022-03-25,RandomForest_75,1.0,1.0
PETR4,1.02,2022-03-25,RandomForest_75,1.0,1.0
PETR4,1.015,2022-03-25,RandomForest_75,1.0,1.0
PETR4,1.02,2022-03-28,RandomForest_75,1.0,1.0
PETR4,1.015,2022-03-28,RandomForest_90,1.0,1.0
PETR4,1.01,2022-03-28,RandomForest_60,1.0,1.0
PETR4,1.015,2022-03-29,RandomForest_60,1.0,1.0
PETR4,1.01,2022-03-29,RandomForest_90,1.0,1.0
PETR4,1.02,2022-03-29,RandomForest_75,1.0,1.0
PETR4,1.015,2022-03-30,"RandomForest_60, RandomForest_75","1.0, 1.0",1.0
PETR4,1.01,2022-03-30,"RandomForest_60, RandomForest_75","1.0, 1.0",1.0
PETR4,1.02,2022-03-30,"RandomForest_60, RandomForest_75, RandomForest_90","1.0, 1.0, 1.0",1.0
PETR4,1.015,2022-03-31,RandomForest_90,1.0,1.0
PETR4,1.01,2022-03-31,RandomForest_60,1.0,1.0
PETR4,1.02,2022-03-31,RandomForest_75,1.0,1.0
PETR4,1.015,2022-04-01,RandomForest_75,1.0,1.0
PETR4,1.01,2022-04-01,"RandomForest_60, RandomForest_75","1.0, 1.0",1.0
PETR4,1.02,2022-04-01,RandomForest_75,0.0,0.0
PETR4,1.015,2022-04-04,RandomForest_90,1.0,1.0
PETR4,1.02,2022-04-04,RandomForest_75,1.0,1.0
PETR4,1.01,2022-04-04,RandomForest_90,1.0,1.0
PETR4,1.02,2022-04-05,"RandomForest_60, RandomForest_90","1.0, 1.0",1.0
PETR4,1.01,2022-04-05,"RandomForest_75, RandomForest_90","1.0, 1.0",1.0
PETR4,1.015,2022-04-05,"RandomForest_60, RandomForest_75","1.0, 1.0",1.0
PETR4,1.02,2022-04-06,"RandomForest_60, RandomForest_90","1.0, 1.0",1.0
PETR4,1.01,2022-04-06,RandomForest_90,1.0,1.0
PETR4,1.015,2022-04-06,"RandomForest_60, RandomForest_75, RandomForest_90","1.0, 1.0, 1.0",1.0
PETR4,1.01,2022-04-07,"RandomForest_75, RandomForest_90","1.0, 1.0",1.0
PETR4,1.015,2022-04-07,"RandomForest_60, RandomForest_75, RandomForest_90","1.0, 1.0, 1.0",1.0
PETR4,1.02,2022-04-07,"RandomForest_60, RandomForest_75, RandomForest_90","1.0, 1.0, 1.0",1.0
PETR4,1.015,2022-04-08,"RandomForest_60, RandomForest_90","1.0, 0.0",0.0
PETR4,1.02,2022-04-08,"RandomForest_60, RandomForest_75, RandomForest_90","1.0, 0.0, 0.0",0.0
PETR4,1.01,2022-04-08,"RandomForest_60, RandomForest_75, RandomForest_90","1.0, 1.0, 1.0",1.0
PETR4,1.015,2022-04-11,"RandomForest_60, RandomForest_90","1.0, 1.0",1.0
PETR4,1.02,2022-04-11,"RandomForest_60, RandomForest_90","0.0, 1.0",0.0
PETR4,1.01,2022-04-11,"RandomForest_60, RandomForest_90","1.0, 1.0",1.0
PETR4,1.015,2022-04-12,RandomForest_75,1.0,1.0
PETR4,1.01,2022-04-12,RandomForest_90,1.0,1.0
PETR4,1.02,2022-04-12,"RandomForest_60, RandomForest_75","1.0, 1.0",1.0
PETR4,1.01,2022-04-13,RandomForest_90,1.0,1.0
PETR4,1.02,2022-04-13,RandomForest_75,1.0,1.0
PETR4,1.015,2022-04-13,RandomForest_60,1.0,1.0
PETR4,1.01,2022-04-14,RandomForest_75,1.0,1.0
PETR4,1.02,2022-04-14,"RandomForest_60, RandomForest_75","0.0, 1.0",0.0
PETR4,1.015,2022-04-14,"RandomForest_60, RandomForest_90","1.0, 1.0",1.0
PETR4,1.01,2022-04-18,RandomForest_60,1.0,1.0
PETR4,1.02,2022-04-18,"RandomForest_60, RandomForest_75","1.0, 1.0",1.0
PETR4,1.015,2022-04-18,"RandomForest_60, RandomForest_75","1.0, 1.0",1.0
PETR4,1.01,2022-04-19,"RandomForest_60, RandomForest_75","1.0, 1.0",1.0
PETR4,1.02,2022-04-19,"RandomForest_60, RandomForest_75","1.0, 1.0",1.0
PETR4,1.015,2022-04-19,"RandomForest_60, RandomForest_90","1.0, 1.0",1.0
PETR4,1.01,2022-04-20,RandomForest_75,1.0,1.0
PETR4,1.015,2022-04-20,"RandomForest_60, RandomForest_90","1.0, 1.0",1.0
PETR4,1.02,2022-04-20,RandomForest_60,1.0,1.0
PETR4,1.015,2022-04-22,"RandomForest_60, RandomForest_75, RandomForest_90","1.0, 1.0, 1.0",1.0
PETR4,1.01,2022-04-22,"RandomForest_60, RandomForest_75, RandomForest_90","1.0, 1.0, 1.0",1.0
PETR4,1.02,2022-04-22,RandomForest_60,1.0,1.0
PETR4,1.015,2022-04-25,"RandomForest_60, RandomForest_75","1.0, 1.0",1.0
PETR4,1.01,2022-04-25,"RandomForest_60, RandomForest_75","1.0, 1.0",1.0
PETR4,1.02,2022-04-25,RandomForest_60,1.0,1.0
PETR4,1.015,2022-04-26,"RandomForest_60, RandomForest_75","1.0, 1.0",1.0
PETR4,1.01,2022-04-26,RandomForest_75,1.0,1.0
PETR4,1.02,2022-04-26,RandomForest_60,1.0,1.0
PETR4,1.015,2022-04-27,RandomForest_75,1.0,1.0
PETR4,1.01,2022-04-27,"RandomForest_60, RandomForest_75","1.0, 1.0",1.0
PETR4,1.02,2022-04-27,RandomForest_60,1.0,1.0
PETR4,1.01,2022-04-28,RandomForest_75,1.0,1.0
PETR4,1.02,2022-04-28,RandomForest_60,1.0,1.0
PETR4,1.015,2022-04-28,RandomForest_75,1.0,1.0
PETR4,1.02,2022-04-29,RandomForest_60,1.0,1.0
PETR4,1.015,2022-04-29,"RandomForest_75, RandomForest_90","1.0, 1.0",1.0
PETR4,1.01,2022-04-29,RandomForest_75,1.0,1.0
PETR4,1.02,2022-05-02,RandomForest_90,1.0,1.0
PETR4,1.015,2022-05-02,RandomForest_75,1.0,1.0
PETR4,1.01,2022-05-02,RandomForest_75,1.0,1.0
PETR4,1.02,2022-05-03,RandomForest_75,1.0,1.0
PETR4,1.015,2022-05-03,RandomForest_75,1.0,1.0
PETR4,1.01,2022-05-03,RandomForest_75,1.0,1.0
PETR4,1.02,2022-05-04,RandomForest_75,1.0,1.0
PETR4,1.015,2022-05-04,RandomForest_60,1.0,1.0
PETR4,1.01,2022-05-04,RandomForest_75,1.0,1.0
PETR4,1.015,2022-05-05,RandomForest_90,1.0,1.0
PETR4,1.01,2022-05-05,RandomForest_75,1.0,1.0
PETR4,1.02,2022-05-05,RandomForest_75,1.0,1.0
PETR4,1.01,2022-05-06,RandomForest_90,1.0,1.0
PETR4,1.015,2022-05-06,"RandomForest_75, RandomForest_90","1.0, 1.0",1.0
PETR4,1.02,2022-05-06,RandomForest_60,1.0,1.0
PETR4,1.01,2022-05-09,RandomForest_75,1.0,1.0
PETR4,1.015,2022-05-09,RandomForest_90,1.0,1.0
PETR4,1.02,2022-05-09,RandomForest_90,0.0,0.0
PETR4,1.015,2022-05-10,RandomForest_90,1.0,1.0
PETR4,1.02,2022-05-10,RandomForest_60,0.0,0.0
PETR4,1.01,2022-05-10,RandomForest_90,1.0,1.0
PETR4,1.02,2022-05-11,RandomForest_90,1.0,1.0
PETR4,1.01,2022-05-11,RandomForest_90,1.0,1.0
PETR4,1.015,2022-05-11,RandomForest_90,1.0,1.0
PETR4,1.02,2022-05-12,RandomForest_90,0.0,0.0
PETR4,1.01,2022-05-12,RandomForest_90,1.0,1.0
PETR4,1.015,2022-05-12,RandomForest_75,0.0,0.0
PETR4,1.02,2022-05-13,RandomForest_60,0.0,0.0
PETR4,1.015,2022-05-13,RandomForest_60,0.0,0.0
PETR4,1.01,2022-05-13,RandomForest_90,1.0,1.0
PETR4,1.015,2022-05-16,RandomForest_90,1.0,1.0
PETR4,1.01,2022-05-16,RandomForest_90,1.0,1.0
PETR4,1.02,2022-05-16,RandomForest_90,1.0,1.0
PETR4,1.015,2022-05-17,RandomForest_75,1.0,1.0
PETR4,1.01,2022-05-17,RandomForest_75,1.0,1.0
PETR4,1.02,2022-05-17,RandomForest_90,1.0,1.0
PETR4,1.015,2022-05-18,RandomForest_90,0.0,0.0
PETR4,1.01,2022-05-18,RandomForest_90,1.0,1.0
PETR4,1.02,2022-05-18,RandomForest_60,0.0,0.0
PETR4,1.015,2022-05-19,RandomForest_75,1.0,1.0
PETR4,1.01,2022-05-19,RandomForest_90,1.0,1.0
PETR4,1.02,2022-05-19,RandomForest_75,0.0,0.0
PETR4,1.015,2022-05-20,RandomForest_90,1.0,1.0
PETR4,1.02,2022-05-20,RandomForest_90,1.0,1.0
PETR4,1.01,2022-05-20,RandomForest_75,1.0,1.0
PETR4,1.02,2022-05-23,RandomForest_75,1.0,1.0
PETR4,1.015,2022-05-23,RandomForest_90,1.0,1.0
PETR4,1.01,2022-05-23,RandomForest_75,1.0,1.0
PETR4,1.02,2022-05-24,RandomForest_75,0.0,0.0
PETR4,1.015,2022-05-24,RandomForest_90,1.0,1.0
PETR4,1.01,2022-05-24,RandomForest_90,1.0,1.0
PETR4,1.02,2022-05-25,RandomForest_90,1.0,1.0
PETR4,1.015,2022-05-25,RandomForest_90,1.0,1.0
PETR4,1.01,2022-05-25,RandomForest_75,1.0,1.0
PETR4,1.02,2022-05-26,RandomForest_60,1.0,1.0
PETR4,1.015,2022-05-26,RandomForest_60,1.0,1.0
PETR4,1.01,2022-05-26,RandomForest_90,1.0,1.0
PETR4,1.015,2022-05-27,RandomForest_90,1.0,1.0
PETR4,1.01,2022-05-27,RandomForest_90,1.0,1.0
PETR4,1.02,2022-05-27,"RandomForest_60, RandomForest_75","1.0, 1.0",1.0
PETR4,1.01,2022-05-30,"RandomForest_75, RandomForest_90","1.0, 1.0",1.0
PETR4,1.02,2022-05-30,"RandomForest_75, RandomForest_90","0.0, 0.0",0.0
PETR4,1.015,2022-05-30,RandomForest_90,0.0,0.0
PETR4,1.01,2022-05-31,"RandomForest_75, RandomForest_90","1.0, 1.0",1.0
PETR4,1.02,2022-05-31,"RandomForest_60, RandomForest_90","0.0, 0.0",0.0
PETR4,1.015,2022-05-31,"RandomForest_60, RandomForest_75, RandomForest_90","1.0, 0.0, 0.0",0.0
PETR4,1.01,2022-06-01,RandomForest_90,1.0,1.0
PETR4,1.02,2022-06-01,"RandomForest_60, RandomForest_75","1.0, 1.0",1.0
PETR4,1.015,2022-06-01,"RandomForest_75, RandomForest_90","1.0, 0.0",0.0
PETR4,1.01,2022-06-02,RandomForest_75,1.0,1.0
PETR4,1.02,2022-06-02,"RandomForest_60, RandomForest_90","1.0, 1.0",1.0
PETR4,1.015,2022-06-02,"RandomForest_60, RandomForest_75, RandomForest_90","1.0, 1.0, 1.0",1.0
PETR4,1.02,2022-06-03,"RandomForest_60, RandomForest_75, RandomForest_90","1.0, 1.0, 1.0",1.0
PETR4,1.015,2022-06-03,"RandomForest_60, RandomForest_75, RandomForest_90","1.0, 1.0, 1.0",1.0
PETR4,1.01,2022-06-03,"RandomForest_60, RandomForest_75, RandomForest_90","1.0, 1.0, 1.0",1.0
PETR4,1.015,2022-06-06,"RandomForest_60, RandomForest_75, RandomForest_90","1.0, 1.0, 1.0",1.0
PETR4,1.02,2022-06-06,"RandomForest_60, RandomForest_75, RandomForest_90","1.0, 1.0, 1.0",1.0
PETR4,1.01,2022-06-06,"RandomForest_60, RandomForest_75","1.0, 1.0",1.0
PETR4,1.015,2022-06-07,RandomForest_75,1.0,1.0
PETR4,1.02,2022-06-07,"RandomForest_60, RandomForest_75, RandomForest_90","0.0, 0.0, 1.0",0.0
PETR4,1.01,2022-06-07,RandomForest_60,1.0,1.0
PETR4,1.02,2022-06-08,"RandomForest_60, RandomForest_75, RandomForest_90","1.0, 1.0, 0.0",0.0
PETR4,1.01,2022-06-08,RandomForest_75,1.0,1.0
PETR4,1.015,2022-06-08,RandomForest_90,1.0,1.0
PETR4,1.01,2022-06-09,RandomForest_90,1.0,1.0
PETR4,1.015,2022-06-09,RandomForest_90,1.0,1.0
PETR4,1.02,2022-06-09,RandomForest_60,1.0,1.0
PETR4,1.01,2022-06-10,RandomForest_90,1.0,1.0
PETR4,1.015,2022-06-10,RandomForest_90,1.0,1.0
PETR4,1.02,2022-06-10,"RandomForest_60, RandomForest_90","1.0, 1.0",1.0
PETR4,1.01,2022-06-13,"RandomForest_60, RandomForest_75","1.0, 1.0",1.0
PETR4,1.02,2022-06-13,"RandomForest_60, RandomForest_75, RandomForest_90","1.0, 1.0, 1.0",1.0
PETR4,1.015,2022-06-13,RandomForest_75,1.0,1.0
PETR4,1.02,2022-06-14,RandomForest_60,1.0,1.0
PETR4,1.015,2022-06-14,RandomForest_60,1.0,1.0
PETR4,1.01,2022-06-14,RandomForest_90,1.0,1.0
PETR4,1.02,2022-06-15,"RandomForest_75, RandomForest_90","1.0, 1.0",1.0
PETR4,1.015,2022-06-15,RandomForest_60,1.0,1.0
PETR4,1.01,2022-06-15,RandomForest_90,1.0,1.0
PETR4,1.02,2022-06-17,RandomForest_90,1.0,1.0
PETR4,1.015,2022-06-17,RandomForest_90,1.0,1.0
PETR4,1.01,2022-06-17,RandomForest_75,1.0,1.0
PETR4,1.02,2022-06-20,"RandomForest_60, RandomForest_90","0.0, 0.0",0.0
PETR4,1.015,2022-06-20,"RandomForest_60, RandomForest_90","0.0, 0.0",0.0
PETR4,1.01,2022-06-20,RandomForest_90,1.0,1.0
PETR4,1.02,2022-06-21,"RandomForest_60, RandomForest_90","1.0, 1.0",1.0
PETR4,1.01,2022-06-21,RandomForest_75,1.0,1.0
PETR4,1.015,2022-06-21,"RandomForest_75, RandomForest_90","1.0, 1.0",1.0
PETR4,1.01,2022-06-22,RandomForest_90,1.0,1.0
PETR4,1.02,2022-06-22,RandomForest_75,1.0,1.0
PETR4,1.015,2022-06-22,"RandomForest_75, RandomForest_90","1.0, 1.0",1.0
PETR4,1.01,2022-06-23,RandomForest_60,1.0,1.0
PETR4,1.02,2022-06-23,"RandomForest_60, RandomForest_75","1.0, 1.0",1.0
PETR4,1.015,2022-06-23,"RandomForest_75, RandomForest_90","1.0, 1.0",1.0
PETR4,1.01,2022-06-24,RandomForest_75,1.0,1.0
PETR4,1.02,2022-06-24,"RandomForest_60, RandomForest_75, RandomForest_90","1.0, 1.0, 1.0",1.0
PETR4,1.015,2022-06-24,"RandomForest_75, RandomForest_90","1.0, 1.0",1.0
PETR4,1.01,2022-06-27,RandomForest_60,1.0,1.0
PETR4,1.02,2022-06-27,RandomForest_90,1.0,1.0
PETR4,1.015,2022-06-27,RandomForest_60,1.0,1.0
PETR4,1.02,2022-06-28,RandomForest_75,1.0,1.0
PETR4,1.015,2022-06-28,"RandomForest_60, RandomForest_75","1.0, 1.0",1.0
PETR4,1.01,2022-06-28,"RandomForest_75, RandomForest_90","1.0, 1.0",1.0
PETR4,1.015,2022-06-29,"RandomForest_60, RandomForest_75, RandomForest_90","1.0, 1.0, 1.0",1.0
PETR4,1.01,2022-06-29,"RandomForest_75, RandomForest_90","1.0, 1.0",1.0
PETR4,1.02,2022-06-29,RandomForest_75,1.0,1.0
PETR4,1.015,2022-06-30,"RandomForest_60, RandomForest_75","1.0, 1.0",1.0
PETR4,1.01,2022-06-30,"RandomForest_60, RandomForest_90","1.0, 1.0",1.0
PETR4,1.02,2022-06-30,RandomForest_75,1.0,1.0
PETR4,1.015,2022-07-01,"RandomForest_75, RandomForest_90","1.0, 1.0",1.0
PETR4,1.01,2022-07-01,RandomForest_75,1.0,1.0
PETR4,1.02,2022-07-01,RandomForest_75,1.0,1.0
PETR4,1.015,2022-07-04,"RandomForest_75, RandomForest_90","1.0, 1.0",1.0
PETR4,1.01,2022-07-04,"RandomForest_60, RandomForest_75, RandomForest_90","1.0, 1.0, 1.0",1.0
PETR4,1.02,2022-07-04,"RandomForest_60, RandomForest_75, RandomForest_90","1.0, 1.0, 1.0",1.0
PETR4,1.01,2022-07-05,RandomForest_75,1.0,1.0
PETR4,1.02,2022-07-05,"RandomForest_60, RandomForest_90","1.0, 1.0",1.0
PETR4,1.015,2022-07-05,RandomForest_75,1.0,1.0
PETR4,1.02,2022-07-06,"RandomForest_75, RandomForest_90","1.0, 1.0",1.0
PETR4,1.01,2022-07-06,RandomForest_90,1.0,1.0
PETR4,1.015,2022-07-06,"RandomForest_60, RandomForest_75","1.0, 1.0",1.0
PETR4,1.02,2022-07-07,RandomForest_90,1.0,1.0
PETR4,1.01,2022-07-07,RandomForest_90,1.0,1.0
PETR4,1.015,2022-07-07,RandomForest_60,1.0,1.0
PETR4,1.01,2022-07-08,RandomForest_90,1.0,1.0
PETR4,1.015,2022-07-08,RandomForest_90,1.0,1.0
PETR4,1.02,2022-07-08,RandomForest_60,1.0,1.0
PETR4,1.015,2022-07-11,RandomForest_75,1.0,1.0
PETR4,1.02,2022-07-11,RandomForest_90,1.0,1.0
PETR4,1.01,2022-07-11,"RandomForest_60, RandomForest_75, RandomForest_90","1.0, 1.0, 1.0",1.0
PETR4,1.015,2022-07-12,RandomForest_75,1.0,1.0
PETR4,1.02,2022-07-12,"RandomForest_75, RandomForest_90","1.0, 1.0",1.0
PETR4,1.01,2022-07-12,RandomForest_60,1.0,1.0
PETR4,1.015,2022-07-13,RandomForest_75,1.0,1.0
PETR4,1.01,2022-07-13,RandomForest_60,1.0,1.0
PETR4,1.02,2022-07-13,RandomForest_75,1.0,1.0
PETR4,1.01,2022-07-14,RandomForest_75,1.0,1.0
PETR4,1.02,2022-07-14,RandomForest_90,0.0,0.0
PETR4,1.015,2022-07-14,"RandomForest_60, RandomForest_75","1.0, 1.0",1.0
PETR4,1.01,2022-07-15,RandomForest_60,1.0,1.0
PETR4,1.02,2022-07-15,RandomForest_75,0.0,0.0
PETR4,1.015,2022-07-15,RandomForest_75,1.0,1.0
PETR4,1.01,2022-07-18,RandomForest_60,1.0,1.0
PETR4,1.02,2022-07-18,RandomForest_75,1.0,1.0
PETR4,1.015,2022-07-18,"RandomForest_75, RandomForest_90","1.0, 1.0",1.0
PETR4,1.01,2022-07-19,RandomForest_75,1.0,1.0
PETR4,1.02,2022-07-19,RandomForest_60,0.0,0.0
PETR4,1.015,2022-07-19,RandomForest_90,1.0,1.0
PETR4,1.01,2022-07-20,RandomForest_75,1.0,1.0
PETR4,1.015,2022-07-20,RandomForest_60,1.0,1.0
PETR4,1.02,2022-07-20,RandomForest_60,1.0,1.0
PETR4,1.015,2022-07-21,RandomForest_60,1.0,1.0
PETR4,1.01,2022-07-21,RandomForest_60,1.0,1.0
PETR4,1.02,2022-07-21,RandomForest_90,0.0,0.0
PETR4,1.015,2022-07-22,RandomForest_90,1.0,1.0
PETR4,1.01,2022-07-22,"RandomForest_60, RandomForest_75, RandomForest_90","1.0, 1.0, 1.0",1.0
PETR4,1.02,2022-07-22,"RandomForest_60, RandomForest_90","1.0, 1.0",1.0
PETR4,1.015,2022-07-25,RandomForest_60,1.0,1.0
PETR4,1.01,2022-07-25,RandomForest_75,1.0,1.0
PETR4,1.02,2022-07-25,RandomForest_90,1.0,1.0
PETR4,1.015,2022-07-26,"RandomForest_60, RandomForest_90","1.0, 1.0",1.0
PETR4,1.01,2022-07-26,RandomForest_60,1.0,1.0
PETR4,1.02,2022-07-26,RandomForest_60,1.0,1.0
PETR4,1.01,2022-07-27,RandomForest_60,1.0,1.0
PETR4,1.02,2022-07-27,"RandomForest_60, RandomForest_90","1.0, 1.0",1.0
PETR4,1.015,2022-07-27,"RandomForest_60, RandomForest_90","1.0, 1.0",1.0
PETR4,1.02,2022-07-28,"RandomForest_75, RandomForest_90","1.0, 1.0",1.0
PETR4,1.015,2022-07-28,RandomForest_60,1.0,1.0
PETR4,1.01,2022-07-28,RandomForest_60,1.0,1.0
PETR4,1.02,2022-07-29,RandomForest_90,1.0,1.0
PETR4,1.015,2022-07-29,RandomForest_60,1.0,1.0
PETR4,1.01,2022-07-29,"RandomForest_60, RandomForest_90","1.0, 1.0",1.0
PETR4,1.02,2022-08-01,RandomForest_90,1.0,1.0
PETR4,1.015,2022-08-01,SVC_60,1.0,1.0
PETR4,1.01,2022-08-01,RandomForest_60,1.0,1.0
PETR4,1.02,2022-08-02,RandomForest_75,1.0,1.0
PETR4,1.015,2022-08-02,RandomForest_60,1.0,1.0
PETR4,1.01,2022-08-02,RandomForest_60,1.0,1.0
PETR4,1.02,2022-08-03,RandomForest_60,0.0,0.0
PETR4,1.01,2022-08-03,RandomForest_60,1.0,1.0
PETR4,1.015,2022-08-03,RandomForest_60,1.0,1.0
PETR4,1.01,2022-08-04,RandomForest_60,1.0,1.0
PETR4,1.015,2022-08-04,SVC_60,1.0,1.0
PETR4,1.02,2022-08-04,"RandomForest_60, RandomForest_75","1.0, 0.0",0.0
PETR4,1.01,2022-08-05,RandomForest_60,1.0,1.0
PETR4,1.015,2022-08-05,RandomForest_60,1.0,1.0
PETR4,1.02,2022-08-05,RandomForest_75,1.0,1.0
PETR4,1.015,2022-08-08,RandomForest_90,1.0,1.0
PETR4,1.02,2022-08-08,"RandomForest_60, RandomForest_75","1.0, 1.0",1.0
PETR4,1.01,2022-08-08,RandomForest_60,1.0,1.0
PETR4,1.02,2022-08-09,"RandomForest_60, RandomForest_75","1.0, 0.0",0.0
PETR4,1.01,2022-08-09,RandomForest_60,1.0,1.0
PETR4,1.015,2022-08-09,RandomForest_60,1.0,1.0
PETR4,1.02,2022-08-10,"RandomForest_60, RandomForest_75","1.0, 1.0",1.0
PETR4,1.01,2022-08-10,RandomForest_90,1.0,1.0
PETR4,1.015,2022-08-10,RandomForest_90,1.0,1.0
PETR4,1.02,2022-08-11,RandomForest_75,1.0,1.0
PETR4,1.015,2022-08-11,RandomForest_90,1.0,1.0
PETR4,1.01,2022-08-11,RandomForest_90,1.0,1.0
PETR4,1.015,2022-08-12,RandomForest_60,1.0,1.0
PETR4,1.01,2022-08-12,RandomForest_75,1.0,1.0
PETR4,1.02,2022-08-12,"RandomForest_60, RandomForest_75","1.0, 1.0",1.0
PETR4,1.015,2022-08-15,RandomForest_90,1.0,1.0
PETR4,1.01,2022-08-15,RandomForest_75,1.0,1.0
PETR4,1.02,2022-08-15,RandomForest_75,1.0,1.0
PETR4,1.015,2022-08-16,RandomForest_90,1.0,1.0
PETR4,1.01,2022-08-16,RandomForest_75,1.0,1.0
PETR4,1.02,2022-08-16,"RandomForest_60, RandomForest_75","1.0, 1.0",1.0
PETR4,1.015,2022-08-17,SVC_60,1.0,1.0
PETR4,1.01,2022-08-17,RandomForest_75,1.0,1.0
PETR4,1.02,2022-08-17,"RandomForest_60, RandomForest_75","1.0, 1.0",1.0
PETR4,1.015,2022-08-18,RandomForest_60,1.0,1.0
PETR4,1.02,2022-08-18,"RandomForest_60, RandomForest_75","1.0, 1.0",1.0
PETR4,1.01,2022-08-18,RandomForest_75,1.0,1.0
PETR4,1.02,2022-08-19,RandomForest_60,1.0,1.0
PETR4,1.015,2022-08-19,RNA_60,1.0,1.0
PETR4,1.01,2022-08-19,RandomForest_75,1.0,1.0
PETR4,1.02,2022-08-22,RandomForest_60,1.0,1.0
PETR4,1.015,2022-08-22,RandomForest_75,1.0,1.0
PETR4,1.01,2022-08-22,RandomForest_75,1.0,1.0
PETR4,1.02,2022-08-23,RandomForest_60,1.0,1.0
PETR4,1.015,2022-08-23,RandomForest_75,1.0,1.0
PETR4,1.01,2022-08-23,RandomForest_60,1.0,1.0
PETR4,1.02,2022-08-24,RandomForest_60,1.0,1.0
PETR4,1.015,2022-08-24,RandomForest_60,1.0,1.0
PETR4,1.01,2022-08-24,RandomForest_75,1.0,1.0
PETR4,1.015,2022-08-25,RandomForest_60,1.0,1.0
PETR4,1.01,2022-08-25,RandomForest_60,1.0,1.0
PETR4,1.02,2022-08-25,RandomForest_60,1.0,1.0
PETR4,1.01,2022-08-26,RandomForest_60,1.0,1.0
PETR4,1.02,2022-08-26,RandomForest_60,1.0,1.0
PETR4,1.015,2022-08-26,RandomForest_60,1.0,1.0
PETR4,1.01,2022-08-29,RandomForest_60,1.0,1.0
PETR4,1.02,2022-08-29,RandomForest_75,1.0,1.0
PETR4,1.015,2022-08-29,RandomForest_60,1.0,1.0
PETR4,1.01,2022-08-30,RandomForest_60,1.0,1.0
PETR4,1.02,2022-08-30,RandomForest_60,1.0,1.0
PETR4,1.015,2022-08-30,RandomForest_60,1.0,1.0
PETR4,1.01,2022-08-31,"RandomForest_60, RandomForest_75","1.0, 1.0",1.0
PETR4,1.02,2022-08-31,RandomForest_75,1.0,1.0
PETR4,1.015,2022-08-31,RandomForest_60,1.0,1.0
PETR4,1.02,2022-09-01,RandomForest_60,1.0,1.0
PETR4,1.015,2022-09-01,RandomForest_60,1.0,1.0
PETR4,1.01,2022-09-01,RandomForest_75,1.0,1.0
PETR4,1.015,2022-09-02,RandomForest_60,1.0,1.0
PETR4,1.01,2022-09-02,RandomForest_75,1.0,1.0
PETR4,1.02,2022-09-02,RandomForest_60,1.0,1.0
PETR4,1.015,2022-09-05,RandomForest_75,1.0,1.0
PETR4,1.01,2022-09-05,RandomForest_75,1.0,1.0
PETR4,1.02,2022-09-05,"RandomForest_60, RandomForest_75","1.0, 1.0",1.0
PETR4,1.015,2022-09-06,RandomForest_75,1.0,1.0
PETR4,1.01,2022-09-06,RandomForest_75,1.0,1.0
PETR4,1.02,2022-09-06,RandomForest_60,1.0,1.0
PETR4,1.015,2022-09-08,RandomForest_75,1.0,1.0
PETR4,1.01,2022-09-08,RandomForest_75,1.0,1.0
PETR4,1.02,2022-09-08,RandomForest_75,0.0,0.0
PETR4,1.01,2022-09-09,RandomForest_60,1.0,1.0
PETR4,1.02,2022-09-09,RandomForest_75,0.0,0.0
PETR4,1.015,2022-09-09,RandomForest_60,1.0,1.0
PETR4,1.02,2022-09-12,RandomForest_60,0.0,0.0
PETR4,1.015,2022-09-12,RandomForest_60,1.0,1.0
PETR4,1.01,2022-09-12,"RNA_60, RandomForest_60, SVC_60","1.0, 1.0, 1.0",1.0
PETR4,1.02,2022-09-13,RandomForest_60,0.0,0.0
PETR4,1.015,2022-09-13,RandomForest_60,1.0,1.0
PETR4,1.01,2022-09-13,RandomForest_60,1.0,1.0
PETR4,1.02,2022-09-14,RandomForest_60,1.0,1.0
PETR4,1.015,2022-09-14,RandomForest_60,1.0,1.0
PETR4,1.01,2022-09-14,RandomForest_60,1.0,1.0
PETR4,1.02,2022-09-15,RandomForest_60,1.0,1.0
PETR4,1.015,2022-09-15,RandomForest_60,1.0,1.0
PETR4,1.01,2022-09-15,RandomForest_60,1.0,1.0
PETR4,1.02,2022-09-16,RandomForest_60,1.0,1.0
PETR4,1.01,2022-09-16,RandomForest_60,1.0,1.0
PETR4,1.015,2022-09-16,RandomForest_60,1.0,1.0
PETR4,1.02,2022-09-19,RandomForest_60,1.0,1.0
PETR4,1.015,2022-09-19,RandomForest_60,1.0,1.0
PETR4,1.01,2022-09-19,RandomForest_60,1.0,1.0
PETR4,1.01,2022-09-20,RandomForest_60,1.0,1.0
PETR4,1.02,2022-09-20,RandomForest_60,1.0,1.0
PETR4,1.015,2022-09-20,RandomForest_60,1.0,1.0
PETR4,1.01,2022-09-21,RandomForest_60,1.0,1.0
PETR4,1.015,2022-09-21,RandomForest_60,1.0,1.0
PETR4,1.02,2022-09-21,RandomForest_60,1.0,1.0
PETR4,1.02,2022-09-22,RandomForest_60,1.0,1.0
PETR4,1.01,2022-09-22,RandomForest_60,1.0,1.0
PETR4,1.015,2022-09-22,RandomForest_60,1.0,1.0
PETR4,1.015,2022-09-23,RandomForest_60,1.0,1.0
PETR4,1.02,2022-09-23,RandomForest_60,1.0,1.0
PETR4,1.01,2022-09-23,RandomForest_60,1.0,1.0
PETR4,1.015,2022-09-26,RandomForest_60,1.0,1.0
PETR4,1.02,2022-09-26,RandomForest_60,1.0,1.0
PETR4,1.01,2022-09-26,RandomForest_60,1.0,1.0
PETR4,1.02,2022-09-27,RandomForest_60,1.0,1.0
PETR4,1.01,2022-09-27,RandomForest_60,1.0,1.0
PETR4,1.015,2022-09-27,RandomForest_60,1.0,1.0
PETR4,1.02,2022-09-28,RandomForest_60,0.0,0.0
PETR4,1.01,2022-09-28,RandomForest_60,1.0,1.0
PETR4,1.015,2022-09-28,RandomForest_60,1.0,1.0
PETR4,1.02,2022-09-29,RandomForest_60,0.0,0.0
PETR4,1.01,2022-09-29,RandomForest_60,1.0,1.0
PETR4,1.015,2022-09-29,RandomForest_60,1.0,1.0
PETR4,1.015,2022-09-30,RandomForest_60,1.0,1.0
PETR4,1.01,2022-09-30,RandomForest_60,1.0,1.0
PETR4,1.02,2022-09-30,RandomForest_60,1.0,1.0
