data,PETR4_esmble_jan_par,PETR4_rend_decisao_esmble_jan_par,VALE3_esmble_jan_par,VALE3_rend_decisao_esmble_jan_par,ITUB4_esmble_jan_par,ITUB4_rend_decisao_esmble_jan_par
2020-06-04,1,0.0,1,0.0,1,0.0
2020-06-05,1,0.0331986179337594,0,0.0054974231525936,1,0.0191761487670174
2020-06-08,1,0.0017738051012631,1,-0.0131228924336304,0,0.0113636370456091
2020-06-09,1,-0.0226163878772187,0,-0.0248270874482987,1,0.0028409242648047
2020-06-10,1,-0.0288248548660854,0,-0.0211030360694077,1,0.0003551005296981
2020-06-12,1,-0.0611973199346969,1,0.0,1,0.0177537598539687
2020-06-15,1,0.0646137256506375,1,0.0367619070673876,1,0.0030876274246383
2020-06-16,1,0.0162338751176302,1,0.0001802134355723,1,0.0254727631904301
2020-06-17,1,0.0134508359646275,1,0.017120216735658,1,0.0290297546787296
2020-06-18,1,0.0097403250705782,1,0.0189223510913799,1,0.0532075594671616
2020-06-19,1,0.0306123388057701,0,0.0200036018829636,1,0.0049822028528361
2020-06-22,1,0.0,1,0.0,1,0.0049822028528361
2020-06-23,1,0.021759269062189,1,0.0185485534260842,1,-0.0124555372029659
2020-06-24,1,0.0032571939088251,1,0.0131460447774961,1,-0.0419928955751547
2020-06-25,1,-0.0009308056774138,1,0.0111651547400479,1,0.0115251270571308
2020-06-26,1,-0.0009308056774138,1,0.0255717848688812,1,0.007299260121071
2020-06-29,1,0.007910596333771,1,0.0084776405737095,1,0.0188243871782019
2020-06-30,1,0.0215558629271275,0,0.0198412966103825,1,0.0107568112230984
2020-07-01,1,0.0229884151079052,0,0.0115440320031082,1,0.0238281212115293
2020-07-02,1,0.0049773653061096,0,0.005411278993056,1,0.0283018916026709
2020-07-03,1,0.003619998876977,0,0.0,1,0.0113679957083452
2020-07-06,1,0.0343891523900986,1,0.0,1,0.0553239855096487
2020-07-07,1,0.0058192835252721,0,0.0042298094487336,0,0.0102078163129991
2020-07-08,1,0.0188004842453176,0,0.0172717826757965,1,-0.0131243528522775
2020-07-09,1,0.0210385081005112,0,0.0165668095735301,1,-0.0094787129654168
2020-07-10,1,0.0207301535195901,1,0.0098695942668643,0,-0.004374804808917
2020-07-13,1,0.0017692467872441,1,0.0258098307213415,1,0.0
2020-07-14,1,0.0154799797715373,1,0.0699240225338179,1,0.0250467107735576
2020-07-15,1,0.0362672536887195,1,0.0101123770397181,0,0.0094407917170171
2020-07-16,1,0.0051812568664504,0,-0.009791321791919,0,-0.0079884093978864
2020-07-17,1,-0.0056132460816762,0,-0.0168539263168245,1,-0.0050835221025581
2020-07-20,1,-0.0107945029481266,0,-0.0130015820875874,1,-0.0003631262440493
2020-07-21,1,0.0189982322565694,0,0.0,1,0.0159420256153362
2020-07-22,0,0.0047210204413011,0,0.0,0,0.009057931548016
2020-07-23,0,-0.0029852598913886,1,0.0,1,-0.0166666993041124
2020-07-24,1,-0.0102816316957439,1,0.0047806252056684,1,-0.0260869676965168
2020-07-27,1,-0.0021269056596965,1,0.0522451780044338,1,0.0484416058285367
2020-07-28,0,0.0121527739767365,1,0.0075782320317487,0,0.0194805131500987
2020-07-29,0,0.0091146169725476,1,0.0370675424078902,1,0.0277778183979766
2020-07-30,0,-0.005208290001464,1,0.0011236004001942,1,0.0129170904539339
2020-07-31,0,0.0043402659945501,1,-0.0014446025239346,0,0.0039469106339993
2020-08-03,1,0.0,1,0.0059390306867405,1,-0.0051858653232498
2020-08-04,1,0.0274930293105093,1,-0.0234349878130752,1,-0.0418047819748214
2020-08-05,1,0.0472334895181496,1,0.0161550786173173,1,0.0057361265588598
2020-08-06,1,0.0107388018305367,0,0.0158319754409505,1,0.0057361265588598
2020-08-07,0,-0.0158935422733786,0,-0.0082391042636786,1,0.0114722531177197
2020-08-10,1,0.0073023563537189,1,0.0048465209118278,1,-0.0026768590608012
2020-08-11,1,0.025773124393288,1,0.0004777851641342,1,0.0065084100461187
2020-08-12,1,0.013698563086882,1,-0.007963033359414,0,-0.0099541035206086
2020-08-13,0,0.009417753124699,1,-0.0100334357373288,0,-0.021822380663531
2020-08-14,1,-0.016267106648399,1,-0.0216594886884381,0,-0.0348392007557686
2020-08-17,1,-0.0222603269717659,1,0.0132729078758558,0,0.0
2020-08-18,1,0.0135192808254738,0,0.0310780197041306,0,0.0
2020-08-19,1,0.0170081795308165,0,0.0,1,0.0
2020-08-20,1,-0.0026167106940486,1,0.0,1,0.0227848067080499
2020-08-21,1,-0.0130834068100767,1,0.0060887677874319,1,0.01380178230813
2020-08-24,1,0.0118111093392616,1,0.0115366098587961,1,0.0384776406294061
2020-08-25,1,0.0126859681879138,0,0.0068899249325167,1,0.0024350569451417
2020-08-26,1,0.0017498648065777,1,-0.0009613885741018,1,-0.0113636674355601
2020-08-27,1,-0.0170602624311749,1,0.0079429482011438,1,-0.005681867896896
2020-08-28,1,0.0130337630915749,1,0.0001621015311391,1,-0.0032468109517543
2020-08-31,1,0.0080898958598776,1,-0.0087534558568399,1,0.0049648161755277
2020-09-01,1,0.0287640573748562,1,0.0016210153113921,1,0.0076753811348692
2020-09-02,1,0.0074138180862491,1,0.0071082164127216,1,0.012229389504059
2020-09-03,1,0.0082860060975431,1,-0.0218093842037353,1,0.0556993363520099
2020-09-04,1,0.0043610867166368,1,-0.0226171421446523,1,0.0051669016961326
2020-09-08,1,-0.0187528488737379,0,-0.0345719062028751,1,-0.015500771991178
2020-09-09,1,0.0124499730473134,1,0.0,1,-0.0139109612310433
2020-09-10,1,0.0040017076265261,1,0.0033333201867523,1,-0.0198728017586332
2020-09-11,1,-0.0102267689149169,1,0.0383333062587313,1,0.0050103930743293
2020-09-14,1,-0.0226767419622303,0,0.0087579735111116,1,0.0112734371293678
2020-09-15,1,0.0045495778681457,0,0.0135350379941962,0,0.0116909874562709
2020-09-16,1,0.0004548659874225,0,-0.0047770644830845,0,0.0112734371293678
2020-09-17,1,0.0086441367498822,1,-0.0060509553720532,1,0.0
2020-09-18,1,0.0077342517760504,0,0.0099231655476539,1,0.0051063367096465
2020-09-21,1,0.007984915679063,0,-0.0174455789069431,1,-0.0204255617246151
2020-09-22,1,0.0028181219091642,1,-0.0282294704223114,0,-0.0080851584737906
2020-09-23,1,-0.0155002233520755,1,-0.0060528385840849,1,-0.0157446993525985
2020-09-24,0,-0.0272427928676447,1,0.0015077838342527,1,0.0373333708391711
2020-09-25,0,0.0,1,-0.0040207746320612,1,0.0074528965558414
2020-09-28,1,0.0,1,0.0092142729808836,1,0.0477860888660909
2020-09-29,1,0.0117167618065737,1,0.004523378113839,1,0.0004366956670028
2020-09-30,1,0.0208864089297715,1,0.0179023886671966,1,-0.0091703149854018
2020-10-01,1,0.021385008576811,1,0.0108089777421446,1,-0.012441746959081
2020-10-02,1,0.0005069091512782,1,0.003884468411874,1,0.019020334537842
2020-10-05,1,0.0217941959072625,1,0.010640102974173,1,0.012764062380266
2020-10-06,1,0.0112359569020808,1,0.0044992309380227,1,0.0290492403110646
2020-10-07,1,-0.0205179057712729,1,0.0124978990089675,1,0.0030527412718691
2020-10-08,1,0.0058621883838542,1,0.0246625510623538,1,0.0588748513995858
2020-10-09,1,-0.0039081803509657,1,0.0040525320832751,1,0.0297071430969474
2020-10-13,1,0.0110496593673389,1,0.0153995961681003,1,0.0062551751752089
2020-10-14,1,0.023103971418408,0,0.0259361538362704,1,-0.0004170303845041
2020-10-15,0,0.0076452392342487,0,0.0,1,-0.0104254088721619
2020-10-16,1,0.0045872463820778,0,0.0,1,-0.0221017686016595
2020-10-19,1,0.0163099808217689,0,0.0,1,0.0301075411962462
2020-10-20,0,0.0331295414176259,1,0.0,1,0.0374149912859988
2020-10-21,1,0.0,1,0.0253041403278062,0,0.028029659390727
2020-10-22,1,0.0368159222292566,0,0.0060212295457852,0,0.0
2020-10-23,0,0.0095510713799333,0,0.0123593619357174,0,0.0
2020-10-26,1,-0.0195797605679765,0,0.0053874238574911,1,0.0
2020-10-27,1,-0.0272206819110364,0,-0.0033275176170396,0,0.0026819676682813
2020-10-28,1,-0.0716333565450662,0,0.0,0,-0.0643678685411116
2020-10-29,1,0.0510037661759445,1,0.0,1,-0.0789272412907913
2020-10-30,1,0.0208985843064535,0,0.0098705366908664,1,-0.0831417711195528
2020-11-03,1,0.0199896233911515,1,0.0249190762752706,1,0.0175732263484166
2020-11-04,1,0.0287032169211118,0,0.0,1,0.0769874577638365
2020-11-05,1,0.0020051082640465,1,-0.0034766166199509,1,0.0168561013184884
2020-11-06,1,0.0,1,0.0107459013523243,1,0.0121521190194113
2020-11-09,1,0.1373434262453922,1,0.0156447622390884,1,0.0983927829832639
2020-11-10,1,0.057560589366358,1,0.0055344622217978,1,0.0542495176861386
2020-11-11,0,0.000428321961582,1,0.0107526730476726,1,0.0083449423655606
2020-11-12,0,-0.0226980394980826,0,0.008380749902363,1,0.003129338774113
2020-11-13,0,-0.0235545393990673,1,0.0049019594299517,1,-0.0055632754264108
2020-11-16,1,0.0119914306803248,1,0.0289763740843847,1,0.0288595095407219
2020-11-17,1,0.0472884597063361,0,0.0509259469204999,1,0.008171622035436
2020-11-18,1,0.0058358329761079,0,0.0,0,0.0068096468709487
2020-11-19,1,-0.0020841960243273,0,0.0,1,0.0010214670638976
2020-11-20,1,0.0,0,0.0,1,-0.0132788428791792
2020-11-23,1,0.0462693479920479,1,0.0,1,0.0124783645184161
2020-11-24,1,0.0401716557164163,1,0.0540464553274537,1,0.0461005322107046
2020-11-25,1,0.0114504791708943,1,0.0284552780783737,1,0.0057393829984499
2020-11-26,1,-0.0095419590127037,1,0.0156457232978671,1,-0.0094530747010839
2020-11-27,0,-0.0053434457048542,1,0.0445505241412816,1,0.0057393829984499
2020-11-30,0,-0.0122136818651308,1,0.0064679630513426,1,-0.0141796120516258
2020-12-01,1,0.0,1,0.0336081100602455,1,0.0488812020909823
2020-12-02,1,0.0351562843804158,1,0.0043263213137409,1,0.0106951745531511
2020-12-03,1,0.0282982798963731,1,0.0018541461205918,1,0.0320855798156617
2020-12-04,1,0.0139757120412366,1,0.0220024789882976,1,0.0062872160551796
2020-12-07,1,0.0220668746917995,1,0.0069158127681042,1,0.0277961423485495
2020-12-08,1,0.0123088304873759,1,0.0106770348065144,1,0.0226675471676867
2020-12-09,1,0.0059678303875295,1,0.0171075155465534,1,0.0115169290990313
2020-12-10,1,0.0518462555837477,1,0.0339723554429699,1,0.043764374806493
2020-12-11,1,0.0127318673099558,1,0.0077995663787384,1,0.0099454454844319
2020-12-14,1,0.0283739001858107,1,0.0070905234221067,1,0.014757778639453
2020-12-15,1,0.0068344649712802,1,0.0089813234109492,1,0.0073788893197266
2020-12-16,1,0.0158272457062615,1,0.0190262206424248,1,0.0324029464129324
2020-12-17,0,0.0212230351155143,1,0.0167630161507692,1,0.0081530597779931
2020-12-18,0,0.0,1,0.0217341136927524,1,0.007212291776472
2020-12-21,0,0.0,1,0.0145095616707306,1,-0.0122295107964327
2020-12-22,1,0.0,1,0.0097504368004081,1,-0.0075258285299411
2020-12-23,1,0.0298942930559238,1,0.0160185655246338,1,0.023307781233134
2020-12-28,0,0.0056416621398898,1,0.028206606915697,1,0.0065177198035169
2020-12-29,1,0.0024682345974274,1,0.0026145205616284,0,0.0052762617556655
2020-12-30,1,0.0045839320121428,1,-0.0043196520877325,0,0.0034140486629696
2021-01-04,1,0.0289139779629279,1,0.0398999585390536,1,-0.0066675482554041
2021-01-05,1,0.0442905570201895,1,0.0168379675257447,1,0.0107386821239813
2021-01-06,0,0.0245358091664491,1,0.0534660002338335,1,0.0432801645909275
2021-01-07,1,0.0,1,0.0612773046611172,1,0.0445497522416077
2021-01-08,1,0.0095359996305705,1,0.0033006535479065,0,0.0154873885455611
2021-01-11,0,-0.0127145236473743,1,-0.0099990141986389,1,-0.0069845095577163
2021-01-12,1,0.0031786309118435,1,-0.0037860292625873,1,-0.0145763567083573
2021-01-13,1,-0.0190717854710613,1,-0.0397048807097855,1,-0.0121469554410256
2021-01-14,1,0.0171408511513986,0,0.0168689652528978,1,0.028732082849758
2021-01-15,0,-0.0030853070925057,0,-0.0002057162989737,1,0.0106084357419229
2021-01-18,0,-0.0109701216795221,0,-0.016251800017616,1,-0.003744132258822
2021-01-19,1,-0.0106273738286135,1,-0.027257760888778,1,-0.0137285546731214
2021-01-20,1,0.0058721538332151,0,0.0014736816620215,0,-0.0296411821394658
2021-01-21,1,-0.0189983360817489,1,0.0115789464532122,0,0.0
2021-01-22,1,-0.0590673554665593,1,-0.0125263108473456,0,0.0
2021-01-26,1,-0.03385151306903,1,-0.0088421066922916,1,0.0
2021-01-27,1,0.0507272481875868,0,0.0087399047361964,1,0.0313056274645567
2021-01-28,1,0.0413615483601591,0,0.0106206279366859,1,0.0473665207343632
2021-01-29,1,0.0058138639704669,0,0.0050890446625895,1,0.0112936210932749
2021-02-01,1,0.0058138639704669,0,0.0097355858594934,1,0.0073775341019992
2021-02-02,1,0.058866212819413,0,0.0,0,0.0032685973477889
2021-02-03,1,0.0055210805526789,0,0.0,0,-0.0104279157590093
2021-02-04,1,0.0003451110505626,1,0.0,0,0.0
2021-02-05,1,0.0383023367754698,1,0.0284922276738838,0,0.0
2021-02-08,1,0.0277095698779758,1,0.0208669467770126,0,0.0
2021-02-09,1,0.0114081442076707,1,0.0065539094336913,0,0.0
2021-02-10,1,-0.0003565532118502,0,0.0113107770173886,0,0.0
2021-02-11,1,0.0160427365111329,0,0.0091966061842518,1,0.0
2021-02-12,1,0.0156863031894008,0,-0.0048625828416983,0,0.0207046798841498
2021-02-17,1,0.0378682023835213,1,0.0,0,0.0
2021-02-18,1,0.0177747580149352,1,0.0106820121692917,1,0.0
2021-02-19,1,-0.0622119851376306,0,0.0153040302337974,1,0.011115119652976
2021-02-22,1,-0.2363397242053253,0,0.0119145514074843,0,-0.0458945599463445
2021-02-23,1,-0.201448401352163,1,-0.000102702086177,1,-0.0164933743439743
2021-02-24,1,0.0183298886826239,1,0.0111191205100995,1,-0.0132663615711291
2021-02-25,1,0.0285132971553687,1,0.0187377744303253,0,0.0059479986977698
2021-02-26,1,0.0094827035134229,1,0.0058684206252887,0,-0.0133987714104423
2021-03-01,1,-0.0068965907115919,1,0.0226500548471846,0,-0.0285303890881722
2021-03-02,0,-0.0375000126834185,1,0.0479999911374565,0,-0.0154378419185428
2021-03-03,1,-0.056465564663619,1,0.0196078358089255,0,0.0
2021-03-04,1,0.0516432117604244,1,-0.00500000467181,1,0.0
2021-03-05,1,0.0347592913714934,1,0.0307067638776895,1,0.0407781217224145
2021-03-08,1,0.0154968596415503,1,0.0275201585641826,0,0.0401486977823955
2021-03-09,1,0.0004558485957288,1,0.0185641092474465,1,0.0
2021-03-10,1,0.0182316446600418,1,0.0034871815177648,1,0.0140169746241286
2021-03-11,1,0.070647335661523,1,0.0266666739415985,1,0.0284028508776768
2021-03-12,1,0.0099352068150872,1,0.0044444461503267,0,0.0132596682377485
2021-03-15,1,0.0224622572398245,0,-0.0166666615490197,1,0.0162062883836448
2021-03-16,1,0.0021159485136272,1,-0.0117171650487225,1,0.0143646813971559
2021-03-17,1,0.0211596274518844,0,-0.0088888769477125,1,0.0331491705943713
2021-03-18,1,0.0008376313340588,0,0.0,1,0.0282849904767276
2021-03-19,1,0.0067002057181998,0,0.0,1,0.0120396528883444
2021-03-22,1,-0.0041875933674469,0,0.0,0,0.0049574937457572
2021-03-23,1,-0.0104689834186174,0,0.0,0,0.0099149874915142
2021-03-24,1,0.0150928166823936,1,0.0,0,-0.0155807618830614
2021-03-25,1,0.004743469101541,1,0.0026870154942513,1,0.0
2021-03-26,1,0.0297542111520974,1,0.0289122899854304,1,0.0214389238103877
2021-03-29,1,0.0209940319010386,1,0.025520825252049,1,0.0032005485576001
2021-03-30,1,0.0148053732710634,0,0.0060259434443722,0,0.0152915622105445
2021-03-31,1,0.0249577145816055,1,0.0066387633556234,1,0.0128022532201626
2021-04-01,1,0.0041169093717836,1,0.0097028008164369,0,0.0008921021792353
2021-04-05,1,-0.003705163055141,1,0.0603615659209786,0,0.0
2021-04-06,1,0.003293555187159,1,0.0073217821026106,1,0.0
2021-04-07,1,0.0020584546858918,0,0.014643549562243,1,0.0122131987245313
2021-04-08,1,0.0025021344292126,0,0.0144508772513231,0,0.0029607866044378
2021-04-09,1,-0.0083402611127752,0,0.0082851729431669,1,-0.0011102796370725
2021-04-12,1,0.0162635933129819,1,0.0,1,0.0103626917571663
2021-04-13,1,0.0054211977709939,0,0.0037536110122969,1,0.0099374109571218
2021-04-14,1,0.0157024634901082,1,0.0373436086232537,0,0.0338608845452684
2021-04-15,1,0.017619465568447,1,0.0112276735038839,0,0.0
2021-04-16,1,-0.0075754585935889,0,0.0041413570447509,0,0.0
2021-04-19,1,0.0628850332373001,0,0.0112276735038839,1,0.0
2021-04-20,0,0.0106863116716292,1,-0.002852946043488,1,0.0134986937889362
2021-04-22,1,-0.0057542398430083,1,0.0,1,0.0113097294956679
2021-04-23,1,-0.0160296681340945,1,0.0080193903899267,0,0.0178766828608087
2021-04-26,1,-0.0115084796860166,1,0.0321708358300133,1,0.0160525056261947
2021-04-27,1,0.0146936051020711,1,0.0157972113714379,1,0.0101929353774487
2021-04-28,1,0.0113350667930262,1,0.0326047061890083,1,0.03236725323362
2021-04-29,0,0.0197314125656382,0,0.0067742174626513,1,0.0060326231210688
2021-04-30,1,0.0046179901749365,1,-0.0056154774040472,1,-0.0209368475306802
2021-05-03,1,0.0004201700779564,1,-0.0164007462844693,1,0.0009003170278395
2021-05-04,1,-0.0067225845176965,1,-0.0099830694352039,1,0.0065812088601057
2021-05-05,1,0.0063025511693457,1,0.0074113791109188,1,0.0278810372359814
2021-05-06,1,0.0021008503897819,1,0.028663275338962,1,0.0095029260971899
2021-05-07,1,0.0342638444454416,1,8.580481255837765e-05,1,0.0124269080068309
2021-05-10,0,0.0072580988016802,1,0.0335507120462614,1,0.0321637405694769
2021-05-11,1,0.0149192940982578,1,0.0415862462260673,1,0.0151405435428844
2021-05-12,1,0.0294354917016183,1,0.0038983141843073,1,0.0021629007297412
2021-05-13,1,0.0137317590677634,1,-0.03203389355445,1,0.0299206930438229
2021-05-14,1,0.0654281565657893,1,-0.0526271126795759,0,0.0181437582266154
2021-05-17,0,0.0136881535549828,1,-0.0354237230149903,0,0.0129099951293705
2021-05-18,0,0.019011372500109,1,0.0073324025728134,0,0.0205861694662882
2021-05-19,0,0.0019011496232594,0,-0.0155377098979228,1,0.0
2021-05-20,1,-0.0007604598493036,1,-0.0214734675205917,0,0.0181568715910159
2021-05-21,0,0.00881906022026,0,-0.0288931579151062,0,0.0099349197920398
2021-05-24,1,0.0168711208625132,0,0.0,0,0.0140458956915278
2021-05-25,1,0.020705494871322,0,0.0,0,0.0081836579941773
2021-05-26,1,0.010420736727285,1,0.0,0,0.0
2021-05-27,1,0.0131224092121367,0,0.0116425983481832,0,0.0
2021-05-28,1,0.0428406809505777,0,0.0175992724255691,0,0.0
2021-05-31,1,0.0089019983538466,1,0.036913362215599,0,0.0
2021-06-01,1,0.0274480797231641,1,0.0085470058821983,1,0.0
2021-06-02,1,0.0263254176425691,1,-0.0111111076468576,0,0.0371941794595056
2021-06-04,1,0.0199572134192651,0,-0.0189743608530502,0,0.0
2021-06-07,1,0.0174625472454006,0,-0.0371794885785125,1,0.0
2021-06-08,1,0.0263720692949167,0,0.0,1,0.0100548493401442
2021-06-09,1,0.0125348785931494,1,0.0,1,0.0417428700457789
2021-06-10,1,0.0107939232329899,1,0.0102477244021363,1,0.0083333267858749
2021-06-11,1,0.004526483936415,1,0.0226341070405347,1,-0.0133928588966406
2021-06-14,0,0.0219359242314472,1,0.0032199049303326,1,-0.0160714404971563
2021-06-15,1,0.0,1,-0.0091375830602341,1,-0.0229166609376404
2021-06-16,1,0.0072213800834847,1,-0.028544074279052,1,0.0284577619713321
2021-06-17,0,0.0041265668499129,1,-0.0500391585570843,1,0.0202020038625523
2021-06-18,1,-0.0226960057706583,1,0.0194374354165266,1,0.0067175771118021
2021-06-21,1,-0.0027510445666087,1,0.0343893186472064,1,-0.0003053558642734
2021-06-22,1,0.0093102764940038,1,0.012557592024342,1,-0.0088549674008305
2021-06-23,1,0.0179310067778634,0,0.032161894316016,0,-0.0039694750942266
2021-06-24,1,0.0224137865254704,1,0.0,0,0.0
2021-06-25,0,0.0033681532940495,1,0.0212365582170866,0,0.0
2021-06-28,1,-0.014146243835008,1,0.0040621684195139,0,0.0
2021-06-29,1,-0.0171774721949245,1,-0.0016778590405971,0,0.0
2021-06-30,1,-0.0040417839528595,0,0.0091840255088698,0,0.0
2021-07-01,1,0.0047074868430109,0,0.0098904890095521,0,0.0
2021-07-02,1,-0.0121049661677422,0,0.0,0,0.0
2021-07-05,0,-0.0195023360720177,0,0.0,0,0.0
2021-07-06,1,-0.03160730223976,0,0.0,0,0.0
2021-07-07,1,0.0,1,0.0,0,0.0
2021-07-08,1,-0.016696233515605,0,0.0222281648493214,0,0.0
2021-07-12,1,-0.0131438188099722,1,0.0,0,0.0
2021-07-13,1,-0.0063943464701389,1,0.0070373637473905,0,0.0
2021-07-14,1,0.0035587357582533,1,0.0115551637621246,1,0.0
2021-07-15,1,-0.0167259422572251,1,0.009209384479435,1,0.0070328253561244
2021-07-16,1,-0.0256227816528585,0,0.0066898336964397,1,-0.0023442382995607
2021-07-19,0,-0.0587187925914834,1,0.0,1,-0.025787007896216
2021-07-20,1,0.0,1,0.0085592066957314,1,-0.0130609298163905
2021-07-21,1,0.0167972705346402,1,0.0241619179601374,1,0.0136705290453934
2021-07-22,1,0.0160507197789062,0,0.0089725628109683,1,0.0088858551517519
2021-07-23,1,0.0141843428895717,1,0.007125268925014,1,0.0023923651274357
2021-07-26,1,0.0253826042255791,1,0.0278852979599866,1,0.0164046686712102
2021-07-27,0,0.0018281622656125,0,0.0030250572347208,1,0.0176271272094981
2021-07-28,1,0.0201096659394868,1,0.0164217816024336,0,0.0583051173777787
2021-07-29,0,0.0043164499174753,0,0.0160760537822478,0,0.0
2021-07-30,0,0.0010790246871671,0,-0.0189282664306349,1,0.0
2021-08-02,1,-0.0140288426646689,1,0.0,1,0.0230519279136972
2021-08-03,1,-0.0334532769902492,1,0.0296046692889959,1,0.0009553917612788
2021-08-04,0,0.0082862919634023,1,0.0111607224844476,0,-0.0213375726130546
2021-08-05,1,0.0915254935299118,1,-0.0179464239753849,1,-0.0264331178259986
2021-08-06,0,0.0014034011611544,1,-0.0099107069805239,1,-0.0114649636056105
2021-08-09,0,-0.0101754862320876,1,-0.0227678515106837,1,0.0214494464410146
2021-08-10,0,0.0098244932152958,1,0.0164295622100054,1,0.0003208815153733
2021-08-11,0,0.0171929487626697,1,0.0142267188608707,1,0.0041719886835573
2021-08-12,1,0.0,1,0.0094538847640915,1,-0.0022464879978357
2021-08-13,0,0.0189263362902256,1,0.0087196036477133,1,-0.0070603455088808
2021-08-16,0,0.0061939983623916,1,0.0154793020507021,1,0.0163078750554883
2021-08-17,0,0.0074205249305269,1,0.0193957440967471,1,-0.002609275011178
2021-08-18,0,-0.0042469868185068,1,-0.0139873228047053,1,0.0150032643397205
2021-08-19,1,0.0,1,-0.0649011527960149,1,0.0055446893063873
2021-08-20,1,0.0087120877658384,1,0.0154729000230775,1,0.0111486798102355
2021-08-23,0,0.0344696809736487,1,0.0034839718296048,1,0.021283792821019
2021-08-24,0,0.0,1,0.0377087934049347,1,0.0251239476613295
2021-08-25,0,0.0,1,0.0036966752275329,1,0.0097560761918458
2021-08-26,1,0.0,1,-0.0028973953046872,1,0.0061788838700518
2021-08-27,1,0.0285198589579466,1,0.0090918184296561,1,0.0035772457446182
2021-08-30,1,0.0109155597851212,1,0.0154860727040791,1,0.001626030506249
2021-08-31,0,-0.0059858928363835,1,0.0026262564701885,1,0.0208945376382977
2021-09-01,0,-0.0373239105338716,1,0.0059595999409698,1,0.0183515711411952
2021-09-02,1,-0.0369717991905549,1,0.0101010084281638,1,-0.0051513302717689
2021-09-03,0,0.0048780302290824,1,0.0189899042760928,1,-0.0289761733067258
2021-09-06,0,0.0022513985672688,0,0.0068118538560807,1,-0.0254346040088974
2021-09-08,0,-0.0112569928363439,0,-0.0016513557135676,1,0.0019972929604785
2021-09-09,1,-0.0288930635235285,0,-0.0120755444242701,0,-0.0176431462067529
2021-09-10,0,0.004611819629128,0,-0.0072246850927295,1,-0.012649831817121
2021-09-13,1,0.0142198952236884,0,0.0,1,-0.0206391676359066
2021-09-14,0,0.0088394389897056,0,0.0,0,0.008934718684558
2021-09-15,1,0.0169101233406797,0,0.0,0,-0.0010309334193395
2021-09-16,0,0.0061350639684962,0,0.0,0,-0.0151202627760192
2021-09-17,0,-0.0023006048273133,0,0.0,0,-0.0206185555376377
2021-09-20,1,-0.0548311994799616,0,0.0,0,0.0
2021-09-21,0,-0.0302914146552861,0,0.0,1,0.0
2021-09-22,1,0.0,0,0.0,1,0.0241492969181769
2021-09-23,0,0.0385356178793356,0,0.0,1,0.036519892259995
2021-09-24,0,0.0,0,0.0,1,0.0063158236772929
2021-09-27,1,0.0,0,0.0,1,0.0291228111009533
2021-09-28,1,0.0257447731856125,0,0.0,1,0.0238589362981032
2021-09-29,1,0.0117603370803003,0,0.0,1,0.0111692491210382
2021-09-30,1,0.0135978897490972,0,0.0,1,0.020244303433073
2021-10-01,1,0.0290334450387771,0,0.0,1,0.0257555365020103
2021-10-04,1,0.0378242864839927,0,0.0,1,0.0024242662251301
2021-10-05,1,0.0162069406665821,0,0.0,1,0.0254545464602167
2021-10-06,1,0.0058620466159367,0,0.0,1,0.0236252445883861
2021-10-07,1,-0.0006896525430514,0,0.0,1,0.0047751615117744
2021-10-08,1,0.0210345084679418,0,0.0,1,0.0087544900093512
2021-10-11,1,0.0118643610771914,0,0.0,1,-0.0127337640313983
2021-10-13,1,0.0067796349012521,0,0.0,1,-0.0270593030422513
2021-10-14,1,0.0244067897543807,0,0.0,1,0.0073680063240475
2021-10-15,0,0.0013422767606897,0,0.0,1,0.0180106136364769
2021-10-18,0,-0.0053691070427582,0,0.0,0,0.0253786199605246
2021-10-19,1,-0.0161074241900656,0,0.0,1,0.0
2021-10-20,1,-0.0335570220790303,0,0.0,1,0.0203665940080934
2021-10-21,1,0.011485957118814,0,0.0,0,0.031583284617353
2021-10-22,1,-0.0035894718380077,0,0.0,1,0.0
2021-10-25,1,0.0520458534330049,0,0.0,1,0.0266159702414714
2021-10-26,1,0.0149304982363823,0,0.0,1,0.0126635800792603
2021-10-27,1,0.0090277431196729,0,0.0,1,0.0316589790915677
2021-10-28,0,0.0156249400148186,0,0.0,1,0.0130967692943084
2021-10-29,1,0.0135416146795095,0,0.0,1,0.0198563697678898
2021-11-01,1,0.0220137413396197,0,0.0,1,0.0303532526861338
2021-11-03,1,0.0050524194755058,0,0.0,1,0.0358183844366631
2021-11-04,1,-0.016961321864114,0,0.0,1,0.0102123962957608
2021-11-05,1,-0.0422229759011173,0,0.0,1,-0.037990223744334
2021-11-08,1,-0.0378924256379393,0,0.0,1,-0.0531046060250327
2021-11-09,1,0.0286258434630564,0,0.0,1,-0.0526961258195028
2021-11-10,1,0.0124059677683609,0,0.0,1,0.0443852907718325
2021-11-11,1,0.0105262756822456,0,0.0,1,0.0017072022848172
2021-11-12,1,0.0210526668246932,0,0.0,1,-0.0012804163095763
2021-11-16,0,0.0110050935737149,0,0.0,0,-0.0008536303343356
2021-11-17,0,0.0066030561442288,0,0.0,0,-0.010670116451852
2021-11-18,1,-0.0187087717400734,0,0.0,0,0.0
2021-11-19,1,-0.03595008500556,1,0.0,0,0.0
2021-11-22,1,0.0315589305213998,1,0.0529366818289755,0,0.0
2021-11-23,1,0.0541150190859011,1,0.019260716684234,1,0.0
2021-11-24,1,0.0237581206036084,0,0.0052400497493411,1,0.0432238017375528
2021-11-25,1,0.0254733306296541,0,0.0096303679034141,1,0.0168830873977587
2021-11-26,1,0.0271222316230985,0,-0.0177028754262425,1,-0.0060606074791455
2021-11-29,1,0.0156676205368145,0,0.0,1,0.0038960880895201
2021-11-30,1,0.0095368534335769,0,0.0,1,-0.0151515186978641
2021-12-01,1,0.0446185697973106,0,0.0,1,0.0159574840668522
2021-12-02,1,0.0555761861494092,1,0.0,1,0.0265957469099825
2021-12-03,0,0.0161516719106266,0,0.017102203175704,0,0.0274270828941747
2021-12-06,1,0.0277388139306814,1,0.0396771069339335,1,0.0
2021-12-07,0,0.0099044060895201,0,0.0195452305288709,1,0.0008466848061277
2021-12-08,1,0.026980923235974,0,-0.0164793018681076,0,-0.0203218077003659
2021-12-09,1,0.0134021180325897,1,-0.0297649467342631,1,-0.035139735300495
2021-12-10,1,0.0343642895797004,1,-0.026571272483379,0,-0.0503810338943819
2021-12-13,1,0.0128075745591176,1,0.0158709702462842,1,0.0
2021-12-14,1,0.0060667167450153,1,0.0179354882591982,0,0.0183823330881811
2021-12-15,1,-0.0124705040245742,1,0.0087741971992509,0,0.0096506953884556
2021-12-16,1,0.0104482651095691,1,0.038193557105108,0,0.0091911355095229
2021-12-17,1,0.0109140831357992,1,0.0096370412698494,0,0.0041360389103963
2021-12-20,1,-0.0262619251272972,1,-0.0125156516199424,0,0.0
2021-12-21,1,-0.0204637893219973,1,0.0061326534085203,0,0.0
2021-12-22,1,-0.0313778724577965,1,0.0031289044553838,1,0.0
2021-12-23,1,0.0031768353416103,0,0.0013758495490126,0,0.0112517844484427
2021-12-27,1,0.0158842732126645,0,-0.0062539122523264,0,0.0173465010246825
2021-12-28,1,0.0335333262756293,0,-0.0177611020145169,0,0.0173465010246825
2021-12-29,0,0.0069686849281634,0,-0.0246404004254855,0,0.0117206088004612
2021-12-30,1,0.0,0,0.0,0,0.0
2022-01-03,1,0.0181184474485576,0,0.0,0,0.0
2022-01-04,1,0.0243903019880957,0,0.0,0,0.0
2022-01-05,1,0.0027407193512562,1,0.0,1,0.0
2022-01-06,1,-0.0184994341447624,1,0.0217446673766563,1,0.0277264115533065
2022-01-07,1,-0.0308324839026524,1,0.0447761184003516,1,0.0253508101596529
2022-01-10,1,-0.0325453632511513,1,0.0215783743465692,1,0.0137350528004039
2022-01-11,1,0.0345195057478186,1,0.020004802852947,1,0.0345591284644809
2022-01-12,1,0.0331606222509732,1,0.0010405905077537,1,0.0103181233286243
2022-01-13,1,0.0372503036722118,0,-0.0145681578274261,1,0.0240756404392922
2022-01-14,1,0.0435931880305317,1,-0.0180367564262298,1,0.0118794949746061
2022-01-17,1,0.013057345748485,1,-0.0218522289353445,1,0.007636826377167
2022-01-18,1,0.0184713140653642,1,0.0271931765463897,1,0.0165464762353418
2022-01-19,1,0.0257961920421108,1,0.0058770359241078,1,0.0216376556504923
2022-01-20,1,0.0158730282719982,1,0.0055379788004907,1,0.005522521273198
2022-01-21,1,0.012063428580703,1,-0.0197784695552325,1,0.004672929074587
2022-01-24,1,0.0238095424079971,1,-0.0510849881367394,1,0.0004247960993055
2022-01-25,1,0.0482650207385424,1,0.0117772935173958,1,0.0259133646413599
2022-01-26,1,0.0291290727923044,1,0.0297406622616337,0,0.0069872707251528
2022-01-27,1,0.0113868288947936,1,0.0054117716131635,1,0.0242498906349639
2022-01-28,1,0.002919726324649,0,0.0158823445500259,1,0.0269039485179576
2022-01-31,1,-0.0364963794978488,0,-0.0242353022583712,1,0.0340494714244031
2022-02-01,1,-0.0271532871886142,1,0.0038823554790791,1,0.0158165481760413
2022-02-02,1,0.0023944585971259,1,0.0092397596485645,1,0.0086991121614854
2022-02-03,1,-0.01466625325616,0,0.0149707580063648,1,0.0094899502349504
2022-02-04,1,-0.0053875932168272,1,0.0312280718211682,1,0.0185844547715113
2022-02-07,1,-0.0188566580899535,0,0.023709575745084,1,0.0039292248851085
2022-02-08,1,0.0015673650731617,0,0.0,0,0.0106090078671398
2022-02-09,1,0.0247648481015154,0,0.0,1,-0.0015717323445052
2022-02-10,1,0.0185758831016353,0,0.0,0,-0.005501010217691
2022-02-11,1,0.049845200268793,1,0.0,1,0.0
2022-02-14,1,0.002362636098247,1,0.0116342895535864,1,0.0033834832138138
2022-02-15,1,-0.034849387096136,0,-0.0128416122608713,1,0.0112782097830568
2022-02-16,1,-0.0047253529400128,0,-0.0053781183377805,1,0.0101503989441995
2022-02-17,1,-0.0168340547093859,0,-0.0231588224974197,1,-0.0045112433554293
2022-02-18,1,0.0159655953880507,1,0.0,1,0.0125858174766389
2022-02-21,1,0.0439054502732883,1,0.0160508121724181,1,0.0022883117477589
2022-02-22,1,0.0134424196531142,1,0.009237868086947,1,-0.0025174926600132
2022-02-23,0,0.0111046388024323,1,0.0200923833583972,0,-0.0048070387753428
2022-02-24,1,0.0312682283350607,1,0.0404159760921822,1,0.0
2022-02-25,1,0.0164424316281335,1,0.0680767481797033,0,0.0253316871838308
2022-03-02,1,0.0550074254613634,0,0.0073759715409481,0,0.0
2022-03-03,0,0.0031590686958072,0,0.0231383278506261,0,0.0
2022-03-04,1,-0.0040207185409081,0,0.0,1,0.0
2022-03-07,1,-0.0063182159090051,1,0.0,0,0.0074166140100873
2022-03-08,1,-0.0531304412551726,1,0.0011215916990501,1,0.0078286172905746
2022-03-09,1,0.0067484751586019,1,-0.0701648669881116,1,0.0428512824656533
2022-03-10,1,0.0613497436730057,1,-0.0556058565835415,1,0.0153597304388567
2022-03-11,1,0.0138602324903212,1,-0.0448321929226569,1,0.0343573189920463
2022-03-14,1,-0.030079617465936,1,0.0023162737295978,1,0.0207834125892437
2022-03-15,1,-0.0698909304168132,1,-0.0568540699499142,1,0.0131421917356029
2022-03-16,1,-0.0698909304168132,1,-0.0115813823377929,1,0.0219036350127954
2022-03-17,1,0.0047999862820039,1,0.0,1,0.0214508159932491
2022-03-18,1,-0.0137599898374846,1,0.0071271312824034,1,0.0195477316216476
2022-03-21,1,0.0268800106664417,1,0.0421339460166205,0,0.0383288865448933
2022-03-22,1,0.0034385362709854,1,0.0045680604712289,0,0.0
2022-03-23,1,0.015004646220221,1,0.0043650428943101,0,0.0
2022-03-24,1,0.0190684330593461,0,-0.0092376495297843,0,0.0
2022-03-25,1,0.0175054775658883,1,-0.0021317703527364,1,0.0
2022-03-28,1,0.0006238001015306,1,0.0066875629060731,0,0.006172810524413
2022-03-29,1,0.0218340268756789,1,-0.0004179845700868,0,0.0196078287529255
2022-03-30,1,0.0150769929631671,1,0.0147335349045037,0,0.0152505334744976
2022-03-31,1,0.0329231248080959,1,0.0124346877030676,0,0.0167029652339736
2022-04-01,0,0.0071534816384003,1,0.0074395610981801,0,0.0
2022-04-04,1,-0.0193740670970565,0,0.0151890854353997,0,0.0
2022-04-05,1,-0.0146051336645123,1,0.0103327215082741,0,0.0
2022-04-06,1,-0.0229508894058406,1,-0.0006199667836454,0,0.0
2022-04-07,1,0.0435048897455643,0,0.0229319413742596,0,0.0
2022-04-08,1,0.0099794522515617,0,0.0,0,0.0
2022-04-11,1,0.0008805375443779,1,0.0,0,0.0
2022-04-12,1,0.0179042901509633,1,0.0053627763055883,0,0.0
2022-04-13,1,0.0214264403284751,1,-0.0075709718796399,0,0.0
2022-04-14,0,0.0148734766873769,1,-0.011566768670574,0,0.0
2022-04-18,1,-0.0066455014127275,1,-0.0325972658632277,0,0.0
2022-04-19,1,0.0126582830972015,0,0.0,0,0.0
2022-04-20,1,0.0110759679508769,0,-0.0336715244940821,0,0.0
2022-04-22,1,0.0080515548910694,0,-0.0701304480614513,0,0.0
2022-04-25,1,-0.0196457196317959,1,-0.1123871083514097,0,0.0
2022-04-26,1,-0.0151368553538765,0,0.0030348879423967,0,0.0
2022-04-27,1,-0.0157809442092252,1,0.0457764155510014,1,0.0
2022-04-28,1,0.0055829202549379,0,0.0062338342404064,1,0.0032639629092028
2022-04-29,1,0.0374384500151121,1,0.0256410272095948,0,0.017951850918052
2022-05-02,1,0.0053033377181485,1,0.0004810139957655,1,-0.0168173116014787
2022-05-03,1,0.0072920478028519,0,0.0126262734053595,1,-0.0135509323250784
2022-05-04,1,0.0662910565232201,1,-0.0117844989127698,0,0.0033669945992676
2022-05-05,1,0.0216913056770342,0,0.0004810139957655,0,-0.0071548776757129
2022-05-06,1,0.0131538360810066,1,0.0,0,0.0193602472503272
2022-05-09,0,0.0107065786517254,1,0.0058042001623166,0,0.0058922122441806
2022-05-10,1,0.004894438146838,1,-0.0076099531873736,1,0.0
2022-05-11,1,0.0373202538820543,1,0.030439829520519,1,0.0359281667931348
2022-05-12,0,0.0246542366062394,1,0.0110318037432905,1,0.0309235308761203
2022-05-13,0,0.0,1,0.0298507581066967,1,0.0093155292323758
2022-05-16,1,0.0,1,0.0249110377919497,1,0.0251113982037371
2022-05-17,1,0.0040000065916852,1,0.0008552152170897,1,0.0102523658051161
2022-05-18,0,-0.0125714185815452,1,-0.0317654271190389,0,0.0003943340011642
2022-05-19,0,-0.0202856965372945,1,-0.0179596943033326,1,-0.009069416839149
2022-05-20,1,-0.0048571406257959,1,0.0074526601005857,1,-0.005126182902558
2022-05-23,1,0.0321205244427945,1,0.0164034047978904,1,0.0280743587126649
2022-05-24,1,0.0285257052449094,1,0.0217496910347888,1,0.0241433187829329
2022-05-25,1,0.0182965084706058,1,0.0095238139464542,0,0.0030710093065862
2022-05-26,1,0.0271293644117428,1,0.0077380959291333,1,0.0046065139598794
2022-05-27,1,0.0,0,0.0223809620002046,0,0.014203430951135
2022-05-30,0,-0.0398134013881085,0,0.0,0,0.0149712090941281
2022-05-31,0,-0.047589463455497,1,0.0,0,0.0
2022-06-01,1,-0.0566096702557996,1,0.0300498890677695,0,0.0
2022-06-02,1,0.0026693613317808,1,0.0031111118045819,0,0.0
2022-06-03,1,0.015682338267721,0,-0.0019999983819017,0,0.0
2022-06-06,1,0.0186853791516504,1,-0.0023333410770894,0,0.0
2022-06-07,1,0.0443777285567901,1,0.0098888776777792,0,0.0
2022-06-08,1,0.0239973860307251,0,0.006126098799473,0,0.0
2022-06-09,1,0.0049163845113198,1,-0.0309645811170566,0,0.0
2022-06-10,1,-0.0163880958839912,1,-0.0533526326044756,0,0.0
2022-06-13,1,-0.0304817757369857,0,-0.076965906748331,1,0.0
2022-06-14,1,-0.0085218216607094,1,0.0,0,0.0050378120869796
2022-06-15,1,0.0006666167097938,0,0.0203410488495206,0,0.0138538985966376
2022-06-17,1,-0.0516667330507995,1,0.0,1,-0.0100755677455885
2022-06-20,0,-0.0583333502106553,1,0.0076719495592255,1,0.0289672784292056
2022-06-21,1,-0.061333387940846,1,0.0269841281034382,1,0.0036644885403872
2022-06-22,1,0.0364935367518397,1,0.0277027079146555,1,-0.0097719876837545
2022-06-23,1,0.0148257707331463,1,0.0113814721089396,1,-0.0175081423197201
2022-06-24,1,0.0040770806961212,1,-0.0204081750682826,1,-0.0337948067020332
2022-06-27,1,0.0404003149099029,1,0.0330978484802933,1,0.0059498471023478
2022-06-28,1,0.0087473900580403,1,0.0028749994798969,0,0.0131746981633772
2022-06-29,1,0.0083974818577637,1,0.0011249990898197,0,0.0063748484219083
2022-06-30,1,-0.0181945177794151,1,-0.0243750019503862,0,-0.0276242860377699
2022-07-01,1,0.0094472064585936,1,-0.0433749992198454,0,0.0
2022-07-04,1,0.0259285503819021,1,0.0136486631305167,0,0.0
2022-07-05,1,0.0017300910082843,1,0.0056756770006277,0,0.0
2022-07-06,1,-0.0145328734811285,1,0.0195946004239085,0,0.0
2022-07-07,1,0.0006920675494681,1,0.0570270302990411,1,0.0
2022-07-08,1,0.0024221585577524,0,0.0134062258322472,0,0.0012914466075258
2022-07-11,1,0.0165960332731158,1,-0.0347520447070623,0,-0.0223848047202296
2022-07-12,1,0.0038841678562504,0,-0.0476376428745369,0,-0.0223848047202296
2022-07-13,1,0.0056496914763564,1,-0.0415202381967609,0,-0.021093415929179
2022-07-14,0,-0.0112994624127975,1,0.0046808534418472,0,0.0
2022-07-15,0,0.0,1,-0.0285106460754805,0,0.0
2022-07-18,1,0.0,0,-0.0015602906284057,1,0.0
2022-07-19,1,0.0241680889070139,0,-0.0174468006074581,1,0.0411738595981889
2022-07-20,1,0.0051599980244959,1,0.0,1,0.0068085416707267
2022-07-21,1,0.0020639837277915,1,0.019462195624841,1,0.0055319329634403
2022-07-22,1,0.0137598657152663,0,0.0511068251699496,1,0.0085106485123081
2022-07-25,1,0.0577915443781659,1,0.0,1,0.0110638659268809
2022-07-26,1,0.0134615404033737,1,0.0014021341689694,1,0.0114261553358283
2022-07-27,1,0.008653883464825,0,-0.0098149209514683,1,0.0071942417419825
2022-07-28,1,0.0458334000492472,1,0.0091138538669837,0,0.0042319135938459
2022-07-29,1,0.0315476679223304,0,-0.0140213052270591,0,0.0148116975784605
2022-08-01,1,0.0044117320024208,0,0.0,0,0.0
2022-08-02,1,0.0147058395269796,0,0.0,1,0.0
2022-08-03,0,0.0047058607063642,1,0.0,0,0.0101265382666741
2022-08-04,1,0.0117646848586991,1,0.0056154909538716,0,0.0367088215502782
2022-08-05,1,0.0266471591504016,1,0.0159598113387186,1,0.0
2022-08-08,1,0.046385835626602,1,0.0217230632008374,1,0.0083732432510241
2022-08-09,1,0.0121589079826408,1,0.0228896325870972,0,0.0478468978892953
2022-08-10,1,0.0172926664285226,1,0.0011310567887903,0,0.0
2022-08-11,1,0.0229667788984061,1,0.0412837566248012,0,0.0
2022-08-12,1,0.0938144607740349,0,0.0148298957919616,1,0.0
2022-08-15,1,0.043717657011103,1,-0.0033439917047955,1,0.0292331003200391
2022-08-16,1,0.0110340491394897,1,0.0228264062905347,1,0.0152189826366391
2022-08-17,1,0.0346784071423525,1,0.0070257573527621,1,0.0200445185767565
2022-08-18,1,0.0169183979280444,0,0.0042447197305607,1,0.0051132606071347
2022-08-19,1,0.001510542575201,1,-0.0128805581624057,0,-0.0063635260318134
2022-08-22,1,-0.0157099527959595,1,-0.0206381837104247,0,-0.0233551169466526
2022-08-23,1,0.0120845620400862,1,0.0527103952547058,0,-0.0192918891119906
2022-08-24,1,0.0172927742445159,1,0.0067354577325322,0,0.0
2022-08-25,1,0.0244483804755615,1,-0.0050157637580921,1,0.0
2022-08-26,1,0.0117187370952661,1,0.0203496736473537,0,0.0089219100523871
2022-08-29,1,0.054086512784427,1,0.0059259258173993,0,-0.0044610043566703
2022-08-30,1,0.0064705937515258,1,-0.0136296330427906,0,0.0
2022-08-31,1,-0.0164705581813417,0,-0.0269629661319391,0,-0.0089219593828639
2022-09-01,1,-0.0014705576423995,1,-0.0521481508558863,0,0.0
2022-09-02,1,0.0167647128251962,1,0.0051170684432775,1,0.0
2022-09-05,1,0.0076809913881908,1,0.0308574849571221,1,0.0221471151764578
2022-09-06,1,-0.0372230161133493,1,0.0136075418675913,1,0.0119850014644018
2022-09-08,1,-0.0316100151756568,1,0.0004638897800329,1,0.0112359388728767
2022-09-09,0,-0.0348596757885534,1,0.0768517107350169,1,0.0127340640559269
2022-09-12,1,0.0,1,0.0072763517325276,1,0.0232209403372787
2022-09-13,0,0.0161603294962229,1,0.0129832998010569,1,0.0107886750411451
2022-09-14,1,0.0158371418581116,1,-0.0158367914724393,0,0.0003720232772808
2022-09-15,1,0.0093729745249728,1,-0.0208303710324024,0,0.00855653537746
2022-09-16,1,0.0003231876381113,1,0.0233353184328136,0,-0.000372023277281
2022-09-19,1,0.0288524840722086,1,0.0464185220679664,1,0.0
2022-09-20,1,0.0057288559626508,1,0.0042979941932218,1,0.0301941094495413
2022-09-21,1,0.0015913683183978,1,0.0027220700731985,1,0.0027971987766103
2022-09-22,1,0.0210057468767349,1,0.0128939825796653,1,0.0139859938830518
2022-09-23,1,0.0022349822194852,1,-0.0107449854830544,0,-0.0017482492353816
2022-09-26,1,-0.0395913225517961,0,0.025406207028513,0,-0.0146853399437138
2022-09-27,1,-0.0357598910293322,1,0.0,0,0.0
2022-09-28,1,-0.0478927185132304,1,0.016688834390344,1,0.0
2022-09-29,0,0.0141428169786114,1,0.0158026914121413,1,0.0236708090236368
2022-09-30,1,0.051741977878169,1,0.0766504273758936,0,0.0118662181924454
2022-10-03,1,0.0228767894501344,0,0.0126979755705488,0,0.0715117827956549
2022-10-04,1,0.0024315825693771,0,0.041097753063893,0,0.0
2022-10-05,1,-0.0024316382655281,0,0.0,0,0.0
2022-10-06,1,0.0270516763371895,1,0.0,0,0.0
2022-10-07,1,0.0220369155619451,0,0.0541401226868271,0,0.0
2022-10-10,1,0.0071322695773111,0,0.0,0,0.0
2022-10-11,1,-0.0095096564665597,0,0.0,0,0.0
2022-10-13,1,0.0249628346110241,1,0.0,0,0.0
2022-10-14,1,0.0050044518179308,1,0.0103291554823026,0,0.0
2022-10-17,1,0.0052988122983452,0,-0.0188679274193404,0,0.0
2022-10-18,1,0.0076538040252892,1,0.0030298719881383,0,0.0
2022-10-19,1,0.046806013476607,1,-0.0066106731286774,0,0.0
2022-10-20,1,0.0124653683369421,1,0.0311355411513091,1,0.0
2022-10-21,1,0.0634349127770901,1,0.0401114164787982,0,0.0451052363415874
2022-10-24,1,0.0087671213620832,1,0.0092807388971696,0,0.0
2022-10-25,1,-0.0547945336144356,1,0.0,1,0.0
2022-10-26,0,-0.0813699047576971,1,0.0215640742565066,1,0.0113793113690979
2022-10-27,1,-0.081095897700685,1,0.0016666700719,1,0.0217241523496077
2022-10-28,1,0.0128440834802664,1,-0.0409722215187601,1,0.0150633206352697
2022-10-31,1,-0.0336391168263667,1,-0.0361111104911106,1,0.0465594000605049
2022-11-01,1,-0.0620794753162087,1,-0.0166666663805126,0,0.0093548317496206
2022-11-03,1,-0.0706421789574519,1,0.0044352453034312,0,-0.0212903023206779
2022-11-04,1,0.0032467451339872,1,0.0850088683157681,1,-0.0022580643093946
2022-11-07,1,-0.0811688663241499,1,0.014305551876091,1,-0.0219354940698628
2022-11-08,0,-0.1061688574001075,1,0.0406944403119026,1,0.0071307293179145
2022-11-09,1,-0.0925325040399141,1,0.0091767846345298,1,-0.0129032052055543
2022-11-10,1,0.0310582537055229,1,0.0184885320429401,0,-0.0509338065415545
2022-11-11,1,0.0604651222252138,1,0.1199730141182906,1,-0.0424448237933655
2022-11-14,1,0.0337490926208658,0,0.0248816598730223,1,0.0092421644509281
2022-11-16,1,0.0107874597189168,1,0.0,0,-0.0133086795966418
2022-11-17,1,-0.0183387276452218,0,0.0299245728063107,1,-0.022550795083498
2022-11-18,1,-0.007551267926305,0,0.0,1,0.003696885366
2022-11-21,1,-0.0086299545971153,0,0.0,0,0.0051851846037956
2022-11-22,1,0.0186956539317378,0,0.0,0,-0.001851865659854
2022-11-23,1,0.0282608965387347,1,0.0,0,-0.0288888786418977
2022-11-24,1,0.0471938429464926,1,0.0107962180273471,1,0.0051851846037956
2022-11-25,1,0.0028854006696143,1,0.0168077562752192,0,0.0014936235381221
2022-11-28,1,0.0119538499787268,1,0.0101827963761789,1,-0.0212845805378379
2022-11-29,1,0.0667765948743083,1,0.0511593687406349,1,-0.0250186888408763
2022-11-30,1,0.0414062495596523,1,0.0190588261609045,0,-0.0276325794903231
2022-12-01,1,0.007900717231482,1,0.0205882349946954,0,0.0
2022-12-02,1,-0.0048909000848557,1,0.0112955247858631,1,0.0
2022-12-05,1,0.0,1,0.025703085545468,0,0.0
2022-12-06,1,-0.007148247865279,1,0.0223014191962073,0,0.0003825922549373
2022-12-07,1,0.0288082059442886,1,0.0059364392245848,1,0.0072685945987957
2022-12-08,1,0.0093933311772502,1,0.0155977095499704,1,-0.0110941120743148
2022-12-09,1,-0.0195694660983543,1,0.0422535172761002,0,0.0056725924389556
2022-12-12,1,-0.0348336684800103,1,0.0017016448995625,1,-0.007293378211885
2022-12-13,1,-0.0528375898404561,1,-0.0051476086953535,0,-0.0137763635373054
2022-12-14,1,0.0044444431776731,1,-0.0059444049958895,0,-0.0449757008347099
2022-12-15,1,-0.0057777832565634,1,0.0036171085395644,0,0.0
2022-12-16,1,-0.0173333497696903,1,0.0036781722548766,0,0.0
2022-12-19,0,0.0004444229410023,1,-0.0162068902964544,1,0.0
2022-12-20,1,0.0,1,0.0028735707465256,1,0.0328003449122149
2022-12-21,1,0.0093617268623863,1,0.0045977046978218,1,0.0105092957100983
2022-12-22,1,0.0451063843141663,1,0.0042883735631834,1,0.0145513809474245
2022-12-23,1,0.0451719927080691,1,0.0027816461729617,1,0.0315278871302951
