data,PETR4_esmble_jan_tot,PETR4_rend_decisao_esmble_jan_tot,VALE3_esmble_jan_tot,VALE3_rend_decisao_esmble_jan_tot,ITUB4_esmble_jan_tot,ITUB4_rend_decisao_esmble_jan_tot
2020-06-04,1,0.0,1,0.0,1,0.0
2020-06-05,1,0.0331986179337594,0,0.0054974231525936,1,0.0191761487670174
2020-06-08,1,0.0017738051012631,1,-0.0131228924336304,1,0.0315103223026373
2020-06-09,1,-0.0226163878772187,0,-0.0248270874482987,1,0.0243017999946181
2020-06-10,1,-0.0288248548660854,0,-0.0211030360694077,1,0.0021344530469329
2020-06-12,1,-0.0611973199346969,0,0.0,1,-0.0618996794442666
2020-06-15,1,0.0646137256506375,1,0.0,1,-0.0754179822754365
2020-06-16,1,0.0162338751176302,1,0.0001802134355723,1,-0.0547847958742524
2020-06-17,1,0.0172252613786752,0,0.017120216735658,1,0.0290297546787296
2020-06-18,1,0.0278565419844007,0,0.0,1,0.0532075594671616
2020-06-19,1,0.0099999785992081,0,0.0,1,0.0049822028528361
2020-06-22,1,-0.0181818070645236,1,0.0,1,0.0049822028528361
2020-06-23,1,0.0031818391657116,0,0.0185485534260842,0,-0.0124555372029659
2020-06-24,1,-0.0200001100612153,1,0.0,0,-0.0419928955751547
2020-06-25,1,0.0267812986062202,1,0.0117117328787233,1,0.0
2020-06-26,1,0.0122583144215156,1,0.0261261504090938,1,0.019836629698914
2020-06-29,1,0.0212164353883355,0,0.0084776405737095,1,0.0239381881135323
2020-06-30,1,0.0215558629271275,1,0.0198412966103825,1,0.0034324964178092
2020-07-01,1,0.0229884151079052,1,0.0,1,0.0002077351601652
2020-07-02,0,0.0049773653061096,0,-0.0060627642653456,1,0.0398954633876609
2020-07-03,0,0.003619998876977,1,-0.0067760341210454,0,0.0113679957083452
2020-07-06,1,0.0343891523900986,0,0.0117688936028409,1,0.0553239855096487
2020-07-07,0,0.0058192835252721,0,0.0,0,0.0102078163129991
2020-07-08,1,0.0188004842453176,0,0.0,1,-0.0131243528522775
2020-07-09,1,0.0013168479325561,0,0.0,1,-0.0094787129654168
2020-07-10,1,-0.0057067347175884,1,0.0,0,-0.004374804808917
2020-07-13,0,-0.0057067347175884,1,0.0258098307213415,0,0.0
2020-07-14,1,0.0079016781101047,1,0.0699240225338179,0,0.0
2020-07-15,1,0.0099138380898263,0,0.0101123770397181,0,0.0
2020-07-16,0,0.0034482158802314,0,-0.009791321791919,0,0.0
2020-07-17,1,-0.0073276761796528,0,-0.0168539263168245,1,0.0
2020-07-20,1,-0.0125,0,-0.0130015820875874,1,0.0102752442787784
2020-07-21,1,0.0194384706524272,0,0.0,1,0.0289908412231793
2020-07-22,1,0.0047210204413011,0,0.0,0,0.0
2020-07-23,1,-0.0029852598913886,1,0.0,1,-0.0254937105669085
2020-07-24,0,-0.0102816316957439,1,0.0047806252056684,1,-0.0348294167715587
2020-07-27,1,-0.0021269056596965,1,0.0522451780044338,1,0.0025134686929265
2020-07-28,0,0.0121527739767365,0,0.0075782320317487,0,0.0194805131500987
2020-07-29,1,0.0091146169725476,1,0.0370675424078902,1,0.0
2020-07-30,0,-0.005208290001464,0,0.0011236004001942,0,0.0129170904539339
2020-07-31,0,0.0043402659945501,1,-0.0014446025239346,0,0.0039469106339993
2020-08-03,1,0.0,1,0.0059390306867405,0,-0.0051858653232498
2020-08-04,1,0.0274930293105093,1,-0.0234349878130752,1,-0.0418047819748214
2020-08-05,1,0.0472334895181496,1,0.0161550786173173,1,0.0057361265588598
2020-08-06,1,0.0107388018305367,1,0.0041520196742684,1,0.0057361265588598
2020-08-07,1,-0.0158935422733786,0,-0.0196422926583902,1,0.0114722531177197
2020-08-10,1,0.0073023563537189,0,-0.0067071249669208,0,-0.0026768590608012
2020-08-11,1,0.025773124393288,1,0.0031938551895238,1,0.0
2020-08-12,1,0.013698563086882,1,0.0231603345551994,0,0.0066173482311498
2020-08-13,0,0.009417753124699,1,0.0123778499697295,0,-0.005449580896241
2020-08-14,1,-0.016267106648399,1,0.0004886014686505,0,-0.0186842773585407
2020-08-17,1,-0.0222603269717659,1,0.0195439778918953,0,-0.0365901088687435
2020-08-18,1,0.0135192808254738,1,0.0063191166041306,0,0.0
2020-08-19,0,0.0170081795308165,0,0.0091627046976652,0,0.0
2020-08-20,1,0.0,1,0.0031595452308615,1,0.0
2020-08-21,1,0.0039928307487058,1,-0.0080568808594284,0,0.01380178230813
2020-08-24,1,0.0261757045454444,1,0.0030187348178863,0,0.0384776406294061
2020-08-25,1,0.0025985787192977,0,-0.0015888216367482,0,0.0
2020-08-26,1,-0.0082285898712522,1,-0.0093740213648791,0,0.0
2020-08-27,1,-0.026851348975781,1,-0.0120749918554157,0,0.0
2020-08-28,1,-0.0238197708992099,1,0.008499519608834,0,0.0
2020-08-31,1,0.0049283624623008,0,-0.000490358460988,0,0.0
2020-09-01,1,0.0255376864539941,1,0.0099705949917978,0,0.0
2020-09-02,1,0.0074138180862491,1,0.0189604460133293,0,0.0
2020-09-03,1,0.0082860060975431,1,0.0091666511987489,1,0.0
2020-09-04,1,0.0043610867166368,0,0.0083333142570007,1,0.0051669016961326
2020-09-08,1,-0.0187528488737379,1,-0.0040000173203905,0,-0.015500771991178
2020-09-09,1,0.0124499730473134,0,0.0054999962352973,0,-0.0139109612310433
2020-09-10,0,0.0040017076265261,1,0.0,0,-0.0198728017586332
2020-09-11,0,-0.0102267689149169,0,0.0374687738172368,0,0.0
2020-09-14,1,-0.0226767419622303,0,0.0,1,0.0
2020-09-15,0,0.0045495778681457,0,0.0,0,0.0024824286948561
2020-09-16,0,0.0004548659874225,0,0.0,0,0.0020686789718615
2020-09-17,0,0.0086441367498822,1,0.0,1,-0.0140670030800361
2020-09-18,1,0.0077342517760504,0,0.0099231655476539,0,-0.0227554686904768
2020-09-21,0,0.007984915679063,0,-0.0174455789069431,0,0.0
2020-09-22,0,0.0028181219091642,1,-0.0282294704223114,0,0.0
2020-09-23,1,-0.0155002233520755,1,-0.0060528385840849,0,0.0
2020-09-24,0,-0.0272427928676447,0,0.0015077838342527,1,0.0
2020-09-25,0,0.0,1,-0.0040207746320612,0,0.0074528965558414
2020-09-28,1,0.0,1,0.0092142729808836,0,0.0477860888660909
2020-09-29,0,0.0117167618065737,1,0.004523378113839,0,0.0
2020-09-30,0,0.0208864089297715,1,0.0179023886671966,0,0.0
2020-10-01,1,0.0,1,0.0053754239665601,1,0.0
2020-10-02,1,0.0005069091512782,0,-0.0015118630055359,0,0.0429338251795015
2020-10-05,0,0.0217941959072625,1,0.0052074569765696,1,0.0
2020-10-06,1,0.0,1,0.0125986716012407,0,0.0125595282283406
2020-10-07,0,0.0024999932741638,1,0.0273926185256294,0,-0.0038977971832673
2020-10-08,1,0.0295000215226754,0,0.0188898257951769,0,0.0515375000610135
2020-10-09,0,0.0024582036760957,0,0.0,0,0.0
2020-10-13,0,-0.0103245215736802,0,0.0,0,0.0
2020-10-14,0,0.0014749552726964,0,0.0,0,0.0
2020-10-15,0,-0.0280236541756479,0,0.0,0,0.0
2020-10-16,1,0.0,0,0.0,1,0.0
2020-10-19,0,0.0273056476753331,0,0.0,1,0.0301075411962462
2020-10-20,0,0.0,1,0.0,0,0.0374149912859988
2020-10-21,0,0.0,1,0.0253041403278062,0,0.0
2020-10-22,1,0.0,0,0.0060212295457852,0,0.0
2020-10-23,0,0.0095510713799333,0,0.0123593619357174,0,0.0
2020-10-26,0,-0.0195797605679765,0,0.0053874238574911,1,0.0
2020-10-27,0,-0.0272206819110364,0,-0.0033275176170396,0,0.0026819676682813
2020-10-28,1,-0.0716333565450662,0,0.0,1,-0.0643678685411116
2020-10-29,1,0.0510037661759445,1,0.0,0,-0.0789272412907913
2020-10-30,1,0.0208985843064535,0,0.0098705366908664,0,-0.0831417711195528
2020-11-03,1,0.0199896233911515,1,0.0249190762752706,1,0.0
2020-11-04,1,0.0029985597098579,0,0.0,0,0.0094117861119756
2020-11-05,1,-0.0009994638826659,1,-0.0034766166199509,0,0.0172548972555802
2020-11-06,0,-0.0029985597098579,1,0.0107459013523243,0,0.0
2020-11-09,1,0.1339330340711809,0,0.0156447622390884,1,0.0
2020-11-10,1,0.057560589366358,0,0.0,1,0.0542495176861386
2020-11-11,0,0.000428321961582,0,0.0,1,0.0083449423655606
2020-11-12,0,-0.0226980394980826,0,0.0,1,0.003129338774113
2020-11-13,0,-0.0235545393990673,0,0.0,1,-0.0055632754264108
2020-11-16,0,0.0119914306803248,1,0.0,0,0.0288595095407219
2020-11-17,0,0.0,0,0.0509259469204999,1,0.0
2020-11-18,1,0.0,0,0.0,0,0.0047570519096154
2020-11-19,0,0.0165605503018986,0,0.0,0,-0.0010193274655028
2020-11-20,0,0.0,0,0.0,1,-0.0152904831943487
2020-11-23,1,0.0,0,0.0,1,-0.0074753346458637
2020-11-24,0,0.0401716557164163,1,0.0,1,0.0371134289809938
2020-11-25,0,0.0,0,0.0284552780783737,1,0.0057393829984499
2020-11-26,0,0.0,0,0.0,1,-0.0094530747010839
2020-11-27,0,0.0,0,0.0,1,0.0057393829984499
2020-11-30,0,0.0,0,0.0,0,-0.0141796120516258
2020-12-01,0,0.0,1,0.0,0,0.0
2020-12-02,0,0.0,0,0.0043263213137409,1,0.0
2020-12-03,0,0.0,0,0.0018541461205918,1,0.0245521243887486
2020-12-04,0,0.0,1,0.0220024789882976,1,0.0062872160551796
2020-12-07,1,0.0,1,0.0069158127681042,0,0.0277961423485495
2020-12-08,0,0.0123088304873759,1,0.0106770348065144,1,0.0
2020-12-09,1,0.0059678303875295,0,0.0171075155465534,1,0.0115169290990313
2020-12-10,1,0.0518462555837477,1,0.0,1,0.043764374806493
2020-12-11,1,0.0127318673099558,1,0.0077995663787384,1,0.0099454454844319
2020-12-14,1,0.0283739001858107,1,0.0070905234221067,1,0.014757778639453
2020-12-15,1,0.0068344649712802,1,0.0089813234109492,1,0.0073788893197266
2020-12-16,1,0.0158272457062615,1,0.0190262206424248,1,0.0324029464129324
2020-12-17,1,0.0031802746208665,1,0.0167630161507692,1,0.0081530597779931
2020-12-18,0,0.0007066880831854,1,0.0086738322898714,1,0.007212291776472
2020-12-21,0,-0.028621877432694,1,-0.0025108457121086,1,-0.0122295107964327
2020-12-22,0,-0.0293285655158794,1,-0.0071901268361136,1,-0.0075258285299411
2020-12-23,0,0.0,1,-0.001027158386808,1,0.023307781233134
2020-12-28,0,0.0,0,0.0089987469810561,1,0.0065177198035169
2020-12-29,1,0.0,1,0.0046702380652763,0,0.0052762617556655
2020-12-30,0,0.0049383293047512,1,-0.0022781521121537,0,0.0034140486629696
2021-01-04,1,0.0292769584133385,1,0.0420321244941347,1,-0.0066675482554041
2021-01-05,0,0.0442905570201895,1,0.0168379675257447,1,0.0107386821239813
2021-01-06,0,0.0,1,0.0144240929672214,1,0.0432801645909275
2021-01-07,1,0.0,1,0.0794904246964247,1,0.0445497522416077
2021-01-08,1,0.0095359996305705,1,0.0033006535479065,0,0.0154873885455611
2021-01-11,0,-0.0127145236473743,0,-0.0099990141986389,1,0.0
2021-01-12,0,0.0031786309118435,1,-0.0037860292625873,1,0.008390330383679
2021-01-13,0,-0.0190717854710613,1,-0.0397048807097855,1,0.0108763522721086
2021-01-14,0,0.0,0,0.0168689652528978,1,0.023617181899169
2021-01-15,0,0.0,0,0.0,1,0.0106084357419229
2021-01-18,0,0.0,1,0.0,1,-0.003744132258822
2021-01-19,0,0.0,0,0.0007407394583046,1,-0.0137285546731214
2021-01-20,0,0.0,1,0.0067724822510545,0,-0.0296411821394658
2021-01-21,1,0.0,0,0.0169312140319507,0,0.0
2021-01-22,0,0.0115113436973138,1,0.0,0,0.0
2021-01-26,1,0.0386186087860191,0,0.0125819958177478,0,0.0
2021-01-27,1,0.0507272481875868,0,-0.0194644517105657,1,0.0
2021-01-28,1,0.0413615483601591,0,-0.0176363135097131,1,0.0473665207343632
2021-01-29,1,0.0058138639704669,1,-0.0230132337773744,1,0.0112936210932749
2021-02-01,1,0.0058138639704669,1,0.013998455808204,1,0.0073775341019992
2021-02-02,1,0.058866212819413,1,0.0063326440140967,0,0.0032685973477889
2021-02-03,1,0.0055210805526789,1,0.0156649420038662,0,-0.0104279157590093
2021-02-04,1,0.0003451110505626,0,0.0100054451813651,0,0.0
2021-02-05,1,0.0383023367754698,1,0.008917894538855,0,0.0
2021-02-08,1,0.0277095698779758,1,0.0321914195543423,0,0.0
2021-02-09,1,0.0114081442076707,1,0.0065539094336913,0,0.0
2021-02-10,1,-0.0003565532118502,0,0.0113107770173886,0,0.0
2021-02-11,1,0.0160427365111329,0,0.0091966061842518,0,0.0
2021-02-12,1,0.0244517149793388,1,-0.0048625828416983,0,0.0
2021-02-17,1,0.0378682023835213,1,0.0073950572933051,0,0.0
2021-02-18,1,0.0177747580149352,1,0.0248932373408287,0,0.0
2021-02-19,1,0.0164109905382394,1,0.016870684064061,1,0.0
2021-02-22,1,0.0175438104836598,1,0.020932648733418,0,0.0022598797464324
2021-02-23,0,0.0524944898482922,1,0.0078683050856098,0,0.0331449659320609
2021-02-24,1,0.0,1,0.0167719169340474,0,0.0
2021-02-25,1,0.0100001076133773,1,0.002532935198428,1,0.0
2021-02-26,1,-0.0631999913909298,1,-0.0101317086069762,0,0.0072519507884073
2021-03-01,0,-0.0783999774011907,1,0.0063829838253443,0,-0.0081963894151283
2021-03-02,0,-0.1067999548023815,1,0.0352583646205842,0,0.00517020014026
2021-03-03,0,0.0,1,0.0196078358089255,0,0.0040245105972475
2021-03-04,1,0.0,1,0.021026161745306,0,0.0
2021-03-05,0,0.0347592913714934,1,0.0620777056436898,0,0.0
2021-03-08,1,0.0,1,0.0275201585641826,0,0.0
2021-03-09,1,0.0276217416419447,0,0.0185641092474465,1,0.0
2021-03-10,1,0.0182316446600418,1,0.0,0,0.0140169746241286
2021-03-11,1,0.0384615498977002,1,0.011213262669709,0,0.0284028508776768
2021-03-12,1,0.0099352068150872,0,0.0045459123186955,0,0.0
2021-03-15,1,0.0224622572398245,0,-0.0165673279656998,0,0.0
2021-03-16,1,0.0021159485136272,0,-0.0116173314811107,0,0.0
2021-03-17,1,0.0211596274518844,0,0.0,1,0.0
2021-03-18,1,0.0008376313340588,0,0.0,0,0.0282849904767276
2021-03-19,1,0.0067002057181998,0,0.0,0,0.0
2021-03-22,1,-0.0041875933674469,0,0.0,1,0.0
2021-03-23,0,-0.0104689834186174,0,0.0,0,0.0185714213644911
2021-03-24,1,0.0,0,0.0,0,0.0
2021-03-25,1,0.0264316436622853,1,0.0,0,0.0
2021-03-26,1,0.0170357282808213,1,0.021228927719939,1,0.0
2021-03-29,1,0.0209940319010386,0,0.025520825252049,1,0.0032005485576001
2021-03-30,1,0.0148053732710634,0,0.0,0,0.0152915622105445
2021-03-31,1,0.0249577145816055,1,0.0,1,0.0
2021-04-01,1,0.0041169093717836,1,0.003654833551783,1,0.0
2021-04-05,1,-0.003705163055141,1,0.0540101603051858,0,-0.019196607198458
2021-04-06,1,0.003293555187159,0,0.0073217821026106,0,-0.0177746297462925
2021-04-07,1,0.0020584546858918,0,0.014643549562243,0,-0.0277284129742669
2021-04-08,1,0.0025021344292126,0,0.0144508772513231,0,0.0
2021-04-09,1,-0.0083402611127752,0,0.0082851729431669,0,0.0
2021-04-12,1,0.0162635933129819,0,0.0,1,0.0
2021-04-13,1,0.0054211977709939,0,0.0,1,0.0099374109571218
2021-04-14,1,0.0250209235767761,1,0.0,1,0.0338608845452684
2021-04-15,1,0.0054851203683769,0,0.0112276735038839,0,0.015184377878179
2021-04-16,1,-0.0194093733111298,0,0.0041413570447509,0,0.0
2021-04-19,1,0.0502109302570817,0,0.0112276735038839,0,0.0
2021-04-20,1,0.0106863116716292,0,-0.002852946043488,0,0.0
2021-04-22,1,-0.0057542398430083,0,0.0,1,0.0
2021-04-23,0,-0.0160296681340945,1,0.0,0,0.0163934297514171
2021-04-26,1,-0.0115084796860166,1,0.006730332593951,0,0.0
2021-04-27,1,0.0146936051020711,1,0.0059117762012935,0,0.0
2021-04-28,1,0.0113350667930262,1,0.0225557054975849,1,0.0
2021-04-29,1,0.0197314125656382,0,0.0067742174626513,0,0.0060326231210688
2021-04-30,0,0.0226495406760818,0,-0.0056154774040472,1,-0.0209368475306802
2021-05-03,1,0.0,1,-0.0164007462844693,1,0.0009003170278395
2021-05-04,1,0.0042481083269005,1,-0.0099830694352039,0,0.0065812088601057
2021-05-05,0,0.017417105900516,1,0.0074113791109188,0,0.0
2021-05-06,0,0.0,1,0.028663275338962,1,0.0
2021-05-07,1,0.0,1,8.580481255837765e-05,1,0.0105800919493911
2021-05-10,0,0.0072580988016802,1,0.0335507120462614,0,0.0302809216173971
2021-05-11,1,0.0149192940982578,1,0.0415862462260673,1,0.0
2021-05-12,1,0.0294354917016183,1,0.0038983141843073,0,0.0036100998985725
2021-05-13,1,0.0137317590677634,1,-0.03203389355445,0,0.0314079765681379
2021-05-14,1,0.0654281565657893,1,-0.0526271126795759,0,0.0
2021-05-17,0,0.0136881535549828,1,-0.0354237230149903,0,0.0
2021-05-18,0,0.019011372500109,1,0.0073324025728134,0,0.0
2021-05-19,0,0.0,0,-0.0155377098979228,0,0.0
2021-05-20,0,0.0,0,-0.0214734675205917,0,0.0
2021-05-21,0,0.0,0,-0.0288931579151062,0,0.0
2021-05-24,1,0.0,0,0.0,0,0.0
2021-05-25,1,0.0052870344028368,0,0.0,0,0.0
2021-05-26,0,-0.0113292365432365,1,0.0,0,0.0
2021-05-27,1,-0.008685719341818,0,0.0116425983481832,0,0.0
2021-05-28,1,0.0203928469823707,0,0.0175992724255691,1,0.0
2021-05-31,0,0.0089019983538466,0,0.0,0,0.0087630281322809
2021-06-01,1,0.0274480797231641,1,0.0,1,0.0318689710331397
2021-06-02,0,0.0263254176425691,1,0.0129574517876449,0,0.0371941794595056
2021-06-04,1,0.0,0,0.0049028149198446,0,0.0
2021-06-07,1,0.0017542799967435,0,-0.0137454072746336,0,0.0
2021-06-08,1,0.0105262508864744,0,-0.0126947955229361,1,0.0
2021-06-09,1,0.0203508582829728,1,0.0,0,0.0465258782031915
2021-06-10,1,0.0069372510629085,0,0.0102477244021363,1,0.0
2021-06-11,1,0.0006937251062907,0,0.0226341070405347,1,0.0033292826761144
2021-06-14,1,0.0180367398893176,0,0.0,1,0.0006053014237292
2021-06-15,1,0.0034530549704327,1,0.0,0,-0.0063559396094848
2021-06-16,1,0.0113949690348727,1,0.0011659243696637,1,0.0172518146807843
2021-06-17,0,0.0082873319290384,0,-0.0209865432316319,1,0.0202020038625523
2021-06-18,0,-0.0186463844727815,1,-0.021614353904435,0,0.0067175771118021
2021-06-21,0,0.0,1,-0.0072645689870143,0,-0.0003053558642734
2021-06-22,0,0.0,0,0.012557592024342,1,-0.0088549674008305
2021-06-23,0,0.0,1,0.032161894316016,0,-0.0039694750942266
2021-06-24,1,0.0,1,0.0017901814533587,0,0.0
2021-06-25,0,0.0033681532940495,1,0.020139628069664,0,0.0
2021-06-28,0,-0.014146243835008,0,0.0040621684195139,0,0.0
2021-06-29,0,-0.0171774721949245,1,-0.0016778590405971,0,0.0
2021-06-30,1,-0.0040417839528595,0,0.0091840255088698,0,0.0
2021-07-01,1,0.0047074868430109,0,0.0098904890095521,0,0.0
2021-07-02,1,-0.0121049661677422,0,0.0,0,0.0
2021-07-05,0,-0.0195023360720177,0,0.0,0,0.0
2021-07-06,0,-0.03160730223976,0,0.0,0,0.0
2021-07-07,1,0.0,0,0.0,0,0.0
2021-07-08,1,0.0102190266485192,0,0.0,0,0.0
2021-07-12,0,0.0138686790229904,0,0.0,0,0.0
2021-07-13,0,0.0208028997693581,0,0.0,0,0.0
2021-07-14,0,0.0,0,0.0,0,0.0
2021-07-15,0,0.0,0,0.0,1,0.0
2021-07-16,1,0.0,0,0.0,0,0.0006718388880712
2021-07-19,0,0.0184829528517045,0,0.0,1,-0.0228418020504934
2021-07-20,0,0.0,0,0.0,0,-0.0100772509469476
2021-07-21,1,0.0,0,0.0,1,-0.0036950030930181
2021-07-22,0,0.0081480659235843,0,0.0,1,0.003399045522815
2021-07-23,1,0.0062962053671777,0,0.0,1,-0.0030591297595915
2021-07-26,0,0.0174073687056175,0,0.0,1,0.010876968094892
2021-07-27,0,0.0,1,0.0,1,0.0203942731368898
2021-07-28,1,0.0,1,0.0181818242822755,0,0.0354892133252731
2021-07-29,0,0.0043164499174753,0,0.0102259955179281,0,0.0
2021-07-30,0,0.0010790246871671,1,-0.024576787308077,1,0.0
2021-08-02,1,-0.0140288426646689,0,-0.0429664058244929,1,0.0230519279136972
2021-08-03,1,-0.0334532769902492,0,-0.0287015579636278,1,0.0009553917612788
2021-08-04,1,0.0082862919634023,0,0.0,0,-0.0213375726130546
2021-08-05,1,0.0915254935299118,0,0.0,1,-0.0264331178259986
2021-08-06,0,0.0014034011611544,1,0.0,1,-0.0114649636056105
2021-08-09,0,-0.0101754862320876,0,0.0115526748045628,1,0.0214494464410146
2021-08-10,1,0.0098244932152958,1,0.0234750419253017,0,0.0003208815153733
2021-08-11,1,0.0171929487626697,1,0.0028133215604237,0,0.0041719886835573
2021-08-12,1,0.0184927609031544,0,-0.0019058024035195,1,-0.0022464879978357
2021-08-13,0,0.0189263362902256,0,-0.0026318204343809,0,-0.0070603455088808
2021-08-16,0,0.0,0,-0.0117070525834922,1,0.0
2021-08-17,0,0.0,1,0.0,1,0.0089079315375181
2021-08-18,0,0.0,1,0.0,1,0.026723848810899
2021-08-19,1,0.0,1,-0.051636080517883,0,0.0311036649463189
2021-08-20,0,0.0087120877658384,1,-0.0627955357330132,1,0.0
2021-08-23,0,0.0344696809736487,1,-0.0738604071091411,0,0.0123911683767296
2021-08-24,0,0.0,1,0.0190179143430004,1,0.0385130685972136
2021-08-25,0,0.0,1,0.0036966752275329,1,0.0097560761918458
2021-08-26,1,0.0,0,-0.0028973953046872,1,0.0061788838700518
2021-08-27,0,0.0285198589579466,1,0.0090918184296561,1,0.0035772457446182
2021-08-30,0,0.0,1,0.0154860727040791,1,0.001626030506249
2021-08-31,0,0.0,1,0.0026262564701885,1,0.0208945376382977
2021-09-01,0,0.0,0,0.0059595999409698,1,0.0183515711411952
2021-09-02,0,0.0,1,0.0101010084281638,1,0.0003237133934104
2021-09-03,0,0.0,1,0.0189899042760928,1,-0.0236322471269506
2021-09-06,1,0.0,0,0.0068118538560807,1,-0.0200711871798014
2021-09-08,1,0.0022822277935764,0,-0.0016513557135676,1,-0.0255746337972302
2021-09-09,0,-0.0155953400777588,0,-0.0120755444242701,0,0.0189917397637196
2021-09-10,0,-0.0057056863055936,0,-0.0072246850927295,0,0.0
2021-09-13,1,0.0038037129892943,0,0.0,0,0.0
2021-09-14,1,0.0115607682103907,0,0.0,0,0.0
2021-09-15,0,0.0196532231110741,0,0.0,0,0.0
2021-09-16,0,0.0,0,0.0,0,0.0
2021-09-17,0,0.0,0,0.0,0,0.0
2021-09-20,1,0.0,0,0.0,0,0.0
2021-09-21,0,0.008373173955334,1,0.0,0,0.0
2021-09-22,0,0.0454546178159677,1,0.0156640166056915,0,0.0
2021-09-23,0,0.0,0,0.0143939332202922,1,0.0
2021-09-24,0,0.0,0,-0.0051767798131074,1,0.0063158236772929
2021-09-27,0,0.0,0,0.0016414017725938,0,0.0291228111009533
2021-09-28,0,0.0,0,-0.0176767708626106,1,0.0
2021-09-29,0,0.0,0,0.0,1,0.0111692491210382
2021-09-30,1,0.0,0,0.0,1,0.020244303433073
2021-10-01,1,0.032448365889019,0,0.0,1,0.0257555365020103
2021-10-04,0,0.0378242864839927,0,0.0,1,0.0024242662251301
2021-10-05,1,0.0,0,0.0,1,0.0254545464602167
2021-10-06,1,0.007599280130734,0,0.0,1,0.0236252445883861
2021-10-07,1,0.0010362654723727,0,0.0,1,0.0047751615117744
2021-10-08,1,0.0227979464799859,0,0.0,0,0.0087544900093512
2021-10-11,1,0.0118643610771914,0,0.0,1,-0.0127337640313983
2021-10-13,1,0.0067796349012521,0,0.0,1,-0.0270593030422513
2021-10-14,0,0.0244067897543807,0,0.0,1,0.0073680063240475
2021-10-15,0,0.0,0,0.0,0,0.0180106136364769
2021-10-18,0,0.0,0,0.0,0,0.0
2021-10-19,0,0.0,0,0.0,1,0.0
2021-10-20,0,0.0,0,0.0,1,0.0203665940080934
2021-10-21,1,0.0,0,0.0,1,0.031583284617353
2021-10-22,1,0.0243541497002311,0,0.0,0,0.0062189381571176
2021-10-25,1,0.0558357461092258,0,0.0,0,0.0074627030858868
2021-10-26,1,0.0149304982363823,0,0.0,0,-0.0053897237001807
2021-10-27,1,0.0090277431196729,0,0.0,1,0.0132670340145359
2021-10-28,0,0.0156249400148186,0,0.0,1,0.0130967692943084
2021-10-29,0,0.0,0,0.0,1,0.0198563697678898
2021-11-01,1,0.0,0,0.0,1,0.0278363263542559
2021-11-03,1,0.0050524194755058,0,0.0,0,0.0358183844366631
2021-11-04,1,-0.016961321864114,0,0.0,1,0.0
2021-11-05,1,-0.0422229759011173,0,0.0,1,0.0021276317080049
2021-11-08,1,-0.0378924256379393,0,0.0,1,-0.0136170524870345
2021-11-09,1,0.0286258434630564,0,0.0,1,-0.0131915377874225
2021-11-10,1,0.0124059677683609,0,0.0,1,0.0012766023087809
2021-11-11,1,0.0105262756822456,0,0.0,1,0.0017072022848172
2021-11-12,1,0.0210526668246932,1,0.0,1,-0.0012804163095763
2021-11-16,1,0.0110050935737149,0,0.0010294238742901,1,-0.0008536303343356
2021-11-17,0,0.0066030561442288,0,-0.004264693644285,0,-0.010670116451852
2021-11-18,1,-0.0187087717400734,1,-0.0492647124087384,0,0.0
2021-11-19,1,-0.03595008500556,0,-0.0470588267999046,0,0.0
2021-11-22,1,0.0315589305213998,0,0.0,0,0.0
2021-11-23,1,0.0541150190859011,0,0.0,0,0.0
2021-11-24,1,0.0237581206036084,1,0.0,1,0.0
2021-11-25,1,0.0254733306296541,0,0.0,0,0.0168830873977587
2021-11-26,1,0.0271222316230985,0,-0.0270725249542727,1,0.0
2021-11-29,1,0.0156676205368145,0,-0.0096787796272918,1,0.005201519705977
2021-11-30,1,0.011604156595161,0,0.0025248982097198,1,-0.0138708559279174
2021-12-01,1,0.0467577123800173,0,0.0,0,-0.0057174707127787
2021-12-02,0,0.0555761861494092,0,0.0,1,0.0046938300087323
2021-12-03,0,0.0,0,0.0,1,0.0274270828941747
2021-12-06,0,0.0,1,0.0,1,0.0290043383694279
2021-12-07,0,0.0,0,0.0195452305288709,1,0.0008466848061277
2021-12-08,1,0.0,0,0.0,1,-0.0203218077003659
2021-12-09,1,0.0134021180325897,0,0.0,1,-0.035139735300495
2021-12-10,0,0.0343642895797004,0,0.0,0,-0.0503810338943819
2021-12-13,1,0.0,1,0.0,0,0.0
2021-12-14,1,0.0081053466073495,1,0.0047121741425755,0,0.0
2021-12-15,0,-0.0104694368121087,0,-0.0043301087574277,0,0.0
2021-12-16,1,0.0124957734639461,1,0.0247070840645305,0,0.0
2021-12-17,0,0.0010131683259186,1,0.0096370412698494,0,0.0
2021-12-20,0,0.0,1,-0.0125156516199424,0,0.0
2021-12-21,0,0.0,0,0.0061326534085203,0,0.0
2021-12-22,0,0.0,0,0.0031289044553838,0,0.0
2021-12-23,0,0.0,0,0.0,0,0.0
2021-12-27,0,0.0,0,0.0,0,0.0
2021-12-28,0,0.0,0,0.0,0,0.0
2021-12-29,0,0.0,0,0.0,0,0.0
2021-12-30,0,0.0,0,0.0,0,0.0
2022-01-03,0,0.0,0,0.0,0,0.0
2022-01-04,1,0.0,0,0.0,0,0.0
2022-01-05,0,0.0027407193512562,0,0.0,1,0.0
2022-01-06,0,-0.0184994341447624,1,0.0,0,0.0277264115533065
2022-01-07,1,-0.0308324839026524,1,0.0447761184003516,1,0.0
2022-01-10,1,-0.0325453632511513,0,0.0215783743465692,0,0.0137350528004039
2022-01-11,1,0.0345195057478186,1,0.0,0,0.0345591284644809
2022-01-12,0,0.0331606222509732,1,0.0010405905077537,1,0.0
2022-01-13,0,0.0,0,-0.0145681578274261,1,0.0316154051474434
2022-01-14,1,0.0,1,-0.0180367564262298,1,0.0118794949746061
2022-01-17,1,0.013057345748485,1,-0.0218522289353445,1,0.007636826377167
2022-01-18,0,0.0184713140653642,1,0.0271931765463897,0,0.0165464762353418
2022-01-19,1,0.0,1,0.0058770359241078,1,0.0
2022-01-20,1,0.0158730282719982,0,0.0055379788004907,1,0.005522521273198
2022-01-21,1,0.0098194502154013,1,-0.0197784695552325,1,0.004672929074587
2022-01-24,0,0.0215395201954814,1,-0.0510849881367394,1,0.0004247960993055
2022-01-25,1,0.0,0,0.0117772935173958,1,0.0259133646413599
2022-01-26,1,0.0291290727923044,0,0.0297406622616337,0,0.0069872707251528
2022-01-27,1,0.0113868288947936,0,0.0,0,0.0242498906349639
2022-01-28,1,0.002919726324649,0,0.0,1,0.0
2022-01-31,1,-0.0364963794978488,1,0.0,1,0.0340494714244031
2022-02-01,0,-0.0271532871886142,1,0.0469938760444652,1,0.0158165481760413
2022-02-02,1,0.0,1,0.0092397596485645,0,0.0015704982262931
2022-02-03,1,0.017619818492747,0,0.0149707580063648,1,0.0023557473394397
2022-02-04,0,0.0253008744082747,1,0.0312280718211682,1,0.0113859797744479
2022-02-07,1,0.0,0,0.023709575745084,1,0.0031409435061152
2022-02-08,0,0.0015673650731617,0,0.0,1,0.0174050528248317
2022-02-09,1,0.0247648481015154,0,0.0,1,0.0184368750472936
2022-02-10,1,0.0185758831016353,0,0.0,0,0.0309572472818133
2022-02-11,0,0.0347878995592268,0,0.0,1,0.0
2022-02-14,0,0.0,0,0.0,0,0.0033834832138138
2022-02-15,1,0.0,0,0.0,1,0.0112782097830568
2022-02-16,1,0.026500159808077,1,0.0,0,0.0101503989441995
2022-02-17,1,0.0133942337165532,0,0.0016882411015759,1,-0.0045112433554293
2022-02-18,1,0.0073059153995571,0,-0.02048395961236,1,0.0125858174766389
2022-02-21,0,0.0350076222576081,1,-0.0096792226410409,0,0.0022883117477589
2022-02-22,1,0.0,1,-0.0163196386537018,0,-0.0025174926600132
2022-02-23,0,0.012287932912812,1,0.002838015881221,0,-0.0048070387753428
2022-02-24,0,0.0324751198613975,1,-0.0005675970450312,0,0.0
2022-02-25,1,0.0,1,0.0490407525634793,0,0.0
2022-03-02,1,0.0008508200647764,0,0.0073759715409481,0,0.0
2022-03-03,0,-0.0093590207125411,0,0.0231383278506261,0,0.0
2022-03-04,0,-0.0164492137648775,1,0.0,0,0.0
2022-03-07,1,-0.018718041425082,1,0.01397931651107,0,0.0
2022-03-08,0,0.030312441288943,0,0.0255649192232293,0,0.0
2022-03-09,1,0.0,1,0.0,0,0.0
2022-03-10,0,0.0613497436730057,1,0.0296296365602597,1,0.0
2022-03-11,0,0.0,1,0.0100585058517863,0,0.0142687174217718
2022-03-14,0,0.0,0,-0.0228882298437924,1,0.0122869778054452
2022-03-15,1,0.0,0,-0.0805706607977536,1,0.0083234451882863
2022-03-16,0,0.0012697797708894,1,-0.0364364118667192,1,0.0170432169460358
2022-03-17,0,-0.0031746230129747,0,0.0223896654129375,1,0.0214508159932491
2022-03-18,1,-0.0215872976196271,1,0.0,1,0.0195477316216476
2022-03-21,1,0.0187301629458127,1,0.021576086375684,0,0.0245839716292979
2022-03-22,1,0.0034385362709854,1,0.0045680604712289,0,0.0
2022-03-23,1,0.015004646220221,1,0.0043650428943101,0,0.0
2022-03-24,1,0.0171606660664148,0,-0.0092376495297843,0,0.0
2022-03-25,1,0.0124416723528823,0,-0.0021317703527364,0,0.0
2022-03-28,1,-0.0021773160472376,1,0.0,0,0.0
2022-03-29,1,0.0189735354564743,0,0.0033564074726268,1,0.0
2022-03-30,1,0.0150769929631671,0,0.0185651386353602,0,0.0043103416995878
2022-03-31,1,0.0307031261673118,1,0.0,0,0.005747122266117
2022-04-01,0,0.0071534816384003,0,0.0074395610981801,0,0.0020800855430642
2022-04-04,1,-0.0193740670970565,1,0.0151890854353997,0,-0.0112186737157837
2022-04-05,1,-0.0146051336645123,1,0.0043138875693628,0,0.0
2022-04-06,1,-0.0229508894058406,1,-0.0065735525022325,0,0.0
2022-04-07,1,0.0435048897455643,1,0.0033894840441531,0,0.0
2022-04-08,0,0.0099794522515617,1,0.0004108445272987,0,0.0
2022-04-11,0,0.0008805375443779,1,0.0095938661218992,0,0.0
2022-04-12,1,0.0179042901509633,1,0.0191877183832553,0,0.0
2022-04-13,1,0.0125109016981035,0,0.0095197379279345,0,0.0
2022-04-14,1,0.0172727284297513,1,0.005455129160054,0,0.0
2022-04-18,1,0.0073813163156964,1,-0.0159375361216461,0,0.0
2022-04-19,1,0.0269576829372227,0,-0.0406460598628347,0,0.0
2022-04-20,1,0.0094786545858342,0,0.0,0,0.0
2022-04-22,1,-0.011058469966354,0,0.0,0,0.0
2022-04-25,1,-0.0382306764983546,0,0.0,0,0.0
2022-04-26,1,-0.033807288511813,0,0.0,0,0.0
2022-04-27,1,0.0062562197229747,0,0.0,0,0.0
2022-04-28,1,0.0082318332894601,0,0.0,0,0.0
2022-04-29,1,0.0401712770922296,1,0.0,1,0.0
2022-05-02,1,0.0053033377181485,0,0.0004810139957655,1,0.0087976453662558
2022-05-03,1,0.0072920478028519,0,0.0126262734053595,0,0.0121491239488101
2022-05-04,1,0.0662910565232201,0,-0.0117844989127698,1,-0.0012567903814064
2022-05-05,1,0.0216913056770342,1,0.0004810139957655,1,-0.0117301750389395
2022-05-06,1,0.0131538360810066,0,0.0214646419664465,0,0.0403779885571778
2022-05-09,0,0.0107065786517254,0,0.0,1,0.0
2022-05-10,1,0.004894438146838,0,0.0,1,0.0063585956957505
2022-05-11,1,0.0373202538820543,0,0.0,1,0.026706204552798
2022-05-12,0,0.0246542366062394,0,0.0,1,0.0309235308761203
2022-05-13,0,0.0,1,0.0,0,0.0093155292323758
2022-05-16,0,0.0,1,0.0249110377919497,0,0.0251113982037371
2022-05-17,1,0.0,1,0.0008552152170897,0,0.0
2022-05-18,0,0.0111176204522602,1,-0.0317654271190389,0,0.0
2022-05-19,0,0.0032182720670639,0,-0.0179596943033326,1,0.0
2022-05-20,0,0.0190169688374566,1,0.0074526601005857,1,0.0055799246868045
2022-05-23,1,0.0,1,0.0164034047978904,1,0.0362694300518136
2022-05-24,0,0.0285257052449094,1,0.0277438287268055,0,0.0241433187829329
2022-05-25,0,0.0,1,0.0095238139464542,1,0.0
2022-05-26,1,0.0,1,0.0077380959291333,1,0.0171006689559214
2022-05-27,0,0.0,0,0.0223809620002046,0,0.0138142387443536
2022-05-30,0,-0.0398134013881085,0,0.0,0,0.014581722258813
2022-05-31,0,-0.047589463455497,1,0.0,0,0.0130468068427735
2022-06-01,0,-0.0566096702557996,1,0.0300498890677695,0,0.0106591434357528
2022-06-02,1,0.0,0,0.0031111118045819,0,0.0
2022-06-03,0,0.0245708676008191,0,-0.0019999983819017,0,0.0
2022-06-06,1,0.0,1,-0.0023333410770894,0,0.0
2022-06-07,1,0.0367671837310433,1,0.0098888776777792,0,0.0
2022-06-08,1,0.0239973860307251,0,0.006126098799473,0,0.0
2022-06-09,1,0.0049163845113198,0,-0.0309645811170566,0,0.0
2022-06-10,1,-0.0163880958839912,1,-0.0533526326044756,0,0.0
2022-06-13,1,-0.0304817757369857,0,-0.076965906748331,0,0.0
2022-06-14,1,-0.0085218216607094,0,0.0,0,0.0
2022-06-15,1,0.0006666167097938,1,0.0,1,0.0
2022-06-17,1,-0.0516667330507995,1,0.0,1,0.0102827773859176
2022-06-20,0,-0.0583333502106553,0,-0.0399495981827265,1,0.0501285613521678
2022-06-21,1,-0.061333387940846,0,-0.0215500934833565,0,0.0036644885403872
2022-06-22,0,0.0364935367518397,1,-0.0415879063167626,1,-0.0097719876837545
2022-06-23,0,0.0,0,0.0113814721089396,1,-0.0175081423197201
2022-06-24,1,0.0,1,-0.0204081750682826,1,-0.0337948067020332
2022-06-27,1,0.0466069996207531,1,0.0330978484802933,0,0.0059498471023478
2022-06-28,1,0.0087473900580403,1,0.0028749994798969,0,0.0131746981633772
2022-06-29,1,0.0083974818577637,0,0.0011249990898197,0,0.0063748484219083
2022-06-30,1,-0.0181945177794151,1,-0.0243750019503862,0,-0.0276242860377699
2022-07-01,1,0.0094472064585936,0,-0.0433749992198454,0,0.0
2022-07-04,1,0.0259285503819021,0,0.0,0,0.0
2022-07-05,1,0.0017300910082843,1,0.0,0,0.0
2022-07-06,1,-0.0145328734811285,0,0.0107166828114588,0,0.0
2022-07-07,1,0.0006920675494681,1,0.0478231772331013,1,0.0
2022-07-08,1,0.0024221585577524,1,0.0134062258322472,0,0.0012914466075258
2022-07-11,1,0.0165960332731158,0,-0.0347520447070623,0,-0.0223848047202296
2022-07-12,1,0.004593653315704,0,-0.0476376428745369,0,-0.0223848047202296
2022-07-13,1,0.0063604247026111,0,-0.0415202381967609,0,-0.021093415929179
2022-07-14,1,-0.0106007078376855,0,0.0,0,0.0
2022-07-15,1,-0.0088339364507783,0,0.0,1,0.0
2022-07-18,1,0.0105671026275201,0,0.0,0,0.0141093521425657
2022-07-19,1,0.0299401373220014,0,0.0,1,0.0480599381722824
2022-07-20,1,0.0051599980244959,0,0.0,0,0.0068085416707267
2022-07-21,1,0.0020639837277915,1,0.0,0,0.0055319329634403
2022-07-22,1,0.0137598657152663,0,0.013610324954111,1,0.0085106485123081
2022-07-25,1,0.0577915443781659,0,0.0204871040529437,0,0.0110638659268809
2022-07-26,0,0.0134615404033737,1,0.0,0,0.0
2022-07-27,1,0.008653883464825,0,0.0092896964390094,0,0.0
2022-07-28,1,0.0458334000492472,0,0.0285836827802654,0,0.0
2022-07-29,1,0.0315476679223304,0,0.0,1,0.0
2022-08-01,0,0.0044117320024208,0,0.0,0,0.0
2022-08-02,1,0.0147058395269796,0,0.0,1,-0.0004192783640321
2022-08-03,1,0.0047058607063642,0,0.0,0,0.0037735615477115
2022-08-04,0,0.0117646848586991,1,0.0,0,0.030188661195959
2022-08-05,1,0.0,0,0.0126675616207938,0,0.0
2022-08-08,0,0.046385835626602,0,0.0184121374840143,0,0.0
2022-08-09,0,0.0,1,0.0,0,0.0
2022-08-10,1,0.0,1,0.0011310567887903,0,0.0
2022-08-11,1,0.0109479217654156,0,0.0412837566248012,0,0.0
2022-08-12,1,0.0437728794001064,0,0.0,0,0.0
2022-08-15,1,0.043717657011103,0,0.0,0,0.0
2022-08-16,1,0.0110340491394897,1,0.0,0,0.0
2022-08-17,1,0.0346784071423525,0,0.0070257573527621,0,0.0
2022-08-18,1,0.0169183979280444,0,0.0042447197305607,1,0.0
2022-08-19,1,0.0069866225643005,0,-0.0128805581624057,1,0.0037313667475651
2022-08-22,1,-0.0103280313864212,1,-0.0206381837104247,0,-0.0134328509708689
2022-08-23,1,0.0176184588707808,0,0.0527103952547058,0,-0.0093283425970925
2022-08-24,1,0.0172927742445159,0,0.0,0,-0.0055970253640742
2022-08-25,1,0.0076246253312633,1,0.0,0,0.0
2022-08-26,1,-0.0126099448779728,1,0.0222541273867876,0,0.0
2022-08-29,1,0.0287390178715221,1,0.0059259258173993,0,0.0
2022-08-30,1,0.0064705937515258,1,-0.0136296330427906,0,0.0
2022-08-31,1,-0.0164705581813417,0,-0.0269629661319391,0,0.0
2022-09-01,1,-0.0014705576423995,1,-0.0521481508558863,0,0.0
2022-09-02,1,0.0167647128251962,1,0.0051170684432775,1,0.0
2022-09-05,1,0.0076809913881908,1,0.0308574849571221,0,0.0221471151764578
2022-09-06,0,-0.0372230161133493,1,0.0136075418675913,1,0.0
2022-09-08,0,-0.0316100151756568,1,0.0004638897800329,0,0.003717466804441
2022-09-09,0,-0.0348596757885534,1,0.0768517107350169,1,0.0052044535262175
2022-09-12,0,0.0,0,0.0072763517325276,1,0.0156133605786528
2022-09-13,0,0.0,0,0.0129832998010569,0,0.0107886750411451
2022-09-14,1,0.0,0,-0.0158367914724393,0,0.0003720232772808
2022-09-15,1,0.0100258302499926,1,-0.0208303710324024,0,0.00855653537746
2022-09-16,1,0.0009701900211769,1,0.0233353184328136,0,-0.000372023277281
2022-09-19,1,0.0148770766694873,0,0.0464185220679664,0,0.0
2022-09-20,1,0.0219922183305052,0,0.0,0,0.0
2022-09-21,1,0.0038277650675287,1,0.0,0,0.0
2022-09-22,1,0.0232854928943077,0,0.0075530816810384,0,0.0
2022-09-23,1,0.0022349822194852,0,-0.0159612401818419,0,0.0
2022-09-26,1,-0.0395913225517961,0,-0.010688328119491,0,0.0
2022-09-27,0,-0.0357598910293322,1,-0.0195240162216723,0,0.0
2022-09-28,1,-0.0478927185132304,1,0.016688834390344,1,0.0
2022-09-29,1,0.0141428169786114,0,0.0125128807246489,0,0.0236708090236368
2022-09-30,1,0.051741977878169,1,0.0731635532884165,0,0.0
2022-10-03,1,0.0228767894501344,0,0.0126979755705488,0,0.0
2022-10-04,1,0.0024315825693771,0,0.041097753063893,0,0.0
2022-10-05,0,-0.0024316382655281,0,0.0,0,0.0
2022-10-06,0,0.0270516763371895,0,0.0,0,0.0
2022-10-07,1,0.0,1,0.0,0,0.0
2022-10-10,1,0.0071322695773111,0,0.007983241587956,0,0.0
2022-10-11,1,-0.0095096564665597,0,-0.0291846738806991,0,0.0
2022-10-13,1,0.0249628346110241,0,-0.0472451334676791,0,0.0
2022-10-14,1,0.0050044518179308,0,-0.0399162402964243,0,0.0
2022-10-17,1,0.0052988122983452,0,0.0,0,0.0
2022-10-18,1,0.0076538040252892,1,0.0,0,0.0
2022-10-19,1,0.046806013476607,1,0.0069803154138884,0,0.0
2022-10-20,1,0.0124653683369421,1,0.0217785944460905,0,0.0
2022-10-21,1,0.0634349127770901,0,0.0401114164787982,0,0.0
2022-10-24,1,0.0087671213620832,0,0.0,0,0.0
2022-10-25,0,-0.0547945336144356,1,0.0,0,0.0
2022-10-26,0,-0.0813699047576971,1,0.0500841778578345,0,0.0
2022-10-27,1,-0.081095897700685,0,0.0016666700719,0,0.0
2022-10-28,1,0.0128440834802664,0,-0.0409722215187601,0,0.0
2022-10-31,0,-0.0336391168263667,1,-0.0361111104911106,1,0.0
2022-11-01,0,-0.0620794753162087,0,-0.0166666663805126,0,0.0093548317496206
2022-11-03,0,-0.0706421789574519,0,0.0,0,-0.0212903023206779
2022-11-04,1,0.0,1,0.0,0,-0.0022580643093946
2022-11-07,0,0.0121601853479951,1,0.014305551876091,0,-0.0219354940698628
2022-11-08,0,-0.0153791466072782,1,0.0406944403119026,0,0.0
2022-11-09,0,-0.0003576987713657,0,0.0091767846345298,0,0.0
2022-11-10,1,-0.038268984364212,1,0.0184885320429401,0,0.0
2022-11-11,1,0.0604651222252138,1,0.0641107820111045,0,0.0
2022-11-14,1,0.0337490926208658,0,0.0248816598730223,0,0.0
2022-11-16,1,0.0107874597189168,0,0.0,0,0.0
2022-11-17,1,-0.0183387276452218,0,0.0,0,0.0
2022-11-18,1,-0.007551267926305,0,0.0,1,0.0
2022-11-21,1,-0.0086299545971153,0,0.0,0,0.0051851846037956
2022-11-22,1,0.0186956539317378,0,0.0,0,-0.001851865659854
2022-11-23,1,0.0282608965387347,0,0.0,0,-0.0288888786418977
2022-11-24,1,0.0471938429464926,1,0.0,1,0.0051851846037956
2022-11-25,1,0.0028854006696143,1,0.0107317192156353,0,0.0014936235381221
2022-11-28,1,0.0119538499787268,1,0.0041463474310802,0,-0.0212845805378379
2022-11-29,1,0.0667765948743083,1,0.0448780601642789,1,-0.0250186888408763
2022-11-30,1,0.0414062495596523,0,0.0190588261609045,1,-0.0276325794903231
2022-12-01,1,0.007900717231482,1,0.0,0,0.0191331298023013
2022-12-02,1,-0.0048909000848557,1,0.0112955247858631,0,0.0
2022-12-05,1,0.0,0,0.025703085545468,0,0.0
2022-12-06,1,-0.007148247865279,1,0.0,0,0.0
2022-12-07,1,0.0288082059442886,1,0.0059364392245848,0,0.0
2022-12-08,1,0.0093933311772502,0,0.0155977095499704,1,0.0
2022-12-09,1,-0.0195694660983543,1,0.0,0,0.0056725924389556
2022-12-12,1,-0.0348336684800103,1,0.0017016448995625,0,-0.007293378211885
2022-12-13,1,-0.0528375898404561,1,-0.0051476086953535,0,-0.0137763635373054
2022-12-14,1,0.0044444431776731,1,-0.0059444049958895,0,-0.0449757008347099
2022-12-15,0,-0.0057777832565634,1,0.0036171085395644,0,0.0
2022-12-16,1,-0.0173333497696903,0,0.0036781722548766,0,0.0
2022-12-19,0,0.0004444229410023,0,-0.0162068902964544,1,0.0
2022-12-20,0,0.0,1,0.0028735707465256,0,0.0328003449122149
2022-12-21,1,0.0,1,0.0045977046978218,0,0.0
2022-12-22,1,0.0276150687680026,0,0.0042883735631834,0,0.0
2022-12-23,1,0.0451719927080691,1,0.0027816461729617,0,0.0
