ativo,target,janela,tecnica,data,target_real,target_pred,resultado_real,valor_obtido,investido,disponivel,inicio_janela,fim_janela
PETR4,1.01,15,RNA,2005-02-18,1,1,0.0763636363636364,101000.0,101000.0,0,2005-02-18 00:00:00,2005-02-18 00:00:00
PETR4,1.01,15,RNA,2005-02-21,1,0,0.086021505376344,101000.0,0,101000.0,2005-02-21 00:00:00,2005-02-24 00:00:00
PETR4,1.01,15,RNA,2005-02-22,1,0,0.0706713780918726,101000.0,0,101000.0,2005-02-21 00:00:00,2005-02-24 00:00:00
PETR4,1.01,15,RNA,2005-02-23,1,0,0.0448275862068965,101000.0,0,101000.0,2005-02-21 00:00:00,2005-02-24 00:00:00
PETR4,1.01,15,RNA,2005-02-24,1,1,0.0271186440677964,102010.0,102010.0,0,2005-02-21 00:00:00,2005-02-24 00:00:00
PETR4,1.01,15,RNA,2005-02-25,1,0,0.0133779264214044,102010.0,0,102010.0,2005-02-25 00:00:00,2005-03-02 00:00:00
PETR4,1.01,15,RNA,2005-02-28,1,0,0.0616438356164383,102010.0,0,102010.0,2005-02-25 00:00:00,2005-03-02 00:00:00
PETR4,1.01,15,RNA,2005-03-01,1,0,0.0947368421052632,102010.0,0,102010.0,2005-02-25 00:00:00,2005-03-02 00:00:00
PETR4,1.01,15,RNA,2005-03-02,1,1,0.0505050505050503,103030.1,103030.1,0,2005-02-25 00:00:00,2005-03-02 00:00:00
PETR4,1.01,15,RNA,2005-03-03,1,0,0.0229508196721313,103030.1,0,103030.1,2005-03-03 00:00:00,2005-03-08 00:00:00
PETR4,1.01,15,RNA,2005-03-04,0,0,-0.0641025641025642,103030.1,0,103030.1,2005-03-03 00:00:00,2005-03-08 00:00:00
PETR4,1.01,15,RNA,2005-03-07,0,0,-0.0620915032679738,103030.1,0,103030.1,2005-03-03 00:00:00,2005-03-08 00:00:00
PETR4,1.01,15,RNA,2005-03-08,1,1,0.0198019801980198,104060.40100000001,104060.40100000001,0,2005-03-03 00:00:00,2005-03-08 00:00:00
PETR4,1.01,15,RNA,2005-03-09,0,1,-0.0733333333333333,105101.00501000001,105101.00501000001,0,2005-03-09 00:00:00,2005-03-09 00:00:00
PETR4,1.01,15,RNA,2005-03-10,0,1,-0.0372881355932204,106152.0150601,106152.0150601,0,2005-03-10 00:00:00,2005-03-10 00:00:00
PETR4,1.01,15,RNA,2005-03-11,0,1,-0.003472222222222,107213.53521070101,107213.53521070101,0,2005-03-11 00:00:00,2005-03-11 00:00:00
PETR4,1.01,15,RNA,2005-03-14,0,1,-0.0139372822299651,108285.67056280802,108285.67056280802,0,2005-03-14 00:00:00,2005-03-14 00:00:00
PETR4,1.01,15,RNA,2005-03-15,1,1,0.0510948905109487,109368.52726843611,109368.52726843611,0,2005-03-15 00:00:00,2005-03-15 00:00:00
PETR4,1.01,15,RNA,2005-03-16,1,1,0.032258064516129,110462.21254112048,110462.21254112048,0,2005-03-16 00:00:00,2005-03-16 00:00:00
PETR4,1.01,15,RNA,2005-03-17,0,0,-0.0557491289198607,104304.04041339249,104304.04041339249,0,2005-03-17 00:00:00,2005-03-17 00:00:00
PETR4,1.01,15,Random Forest,2005-02-18,1,1,0.0763636363636364,101000.0,101000.0,0,2005-02-18 00:00:00,2005-02-18 00:00:00
PETR4,1.01,15,Random Forest,2005-02-21,1,1,0.086021505376344,102010.0,102010.0,0,2005-02-21 00:00:00,2005-02-21 00:00:00
PETR4,1.01,15,Random Forest,2005-02-22,1,1,0.0706713780918726,103030.1,103030.1,0,2005-02-22 00:00:00,2005-02-22 00:00:00
PETR4,1.01,15,Random Forest,2005-02-23,1,0,0.0448275862068965,103030.1,0,103030.1,2005-02-23 00:00:00,2005-02-24 00:00:00
PETR4,1.01,15,Random Forest,2005-02-24,1,1,0.0271186440677964,104060.40100000001,104060.40100000001,0,2005-02-23 00:00:00,2005-02-24 00:00:00
PETR4,1.01,15,Random Forest,2005-02-25,1,1,0.0133779264214044,105101.00501000001,105101.00501000001,0,2005-02-25 00:00:00,2005-02-25 00:00:00
PETR4,1.01,15,Random Forest,2005-02-28,1,1,0.0616438356164383,106152.0150601,106152.0150601,0,2005-02-28 00:00:00,2005-02-28 00:00:00
PETR4,1.01,15,Random Forest,2005-03-01,1,0,0.0947368421052632,106152.0150601,0,106152.0150601,2005-03-01 00:00:00,2005-03-04 00:00:00
PETR4,1.01,15,Random Forest,2005-03-02,1,0,0.0505050505050503,106152.0150601,0,106152.0150601,2005-03-01 00:00:00,2005-03-04 00:00:00
PETR4,1.01,15,Random Forest,2005-03-03,1,0,0.0229508196721313,106152.0150601,0,106152.0150601,2005-03-01 00:00:00,2005-03-04 00:00:00
PETR4,1.01,15,Random Forest,2005-03-04,0,0,-0.0641025641025642,99347.39871009358,99347.39871009358,0,2005-03-01 00:00:00,2005-03-04 00:00:00
PETR4,1.01,15,Random Forest,2005-03-07,0,0,-0.0620915032679738,99347.39871009358,0,99347.39871009358,2005-03-07 00:00:00,2005-03-09 00:00:00
PETR4,1.01,15,Random Forest,2005-03-08,1,0,0.0198019801980198,99347.39871009358,0,99347.39871009358,2005-03-07 00:00:00,2005-03-09 00:00:00
PETR4,1.01,15,Random Forest,2005-03-09,0,1,-0.0733333333333333,100340.87269719451,100340.87269719451,0,2005-03-07 00:00:00,2005-03-09 00:00:00
PETR4,1.01,15,Random Forest,2005-03-10,0,1,-0.0372881355932204,101344.28142416646,101344.28142416646,0,2005-03-10 00:00:00,2005-03-10 00:00:00
PETR4,1.01,15,Random Forest,2005-03-11,0,1,-0.003472222222222,102357.72423840813,102357.72423840813,0,2005-03-11 00:00:00,2005-03-11 00:00:00
PETR4,1.01,15,Random Forest,2005-03-14,0,1,-0.0139372822299651,103381.30148079222,103381.30148079222,0,2005-03-14 00:00:00,2005-03-14 00:00:00
PETR4,1.01,15,Random Forest,2005-03-15,1,1,0.0510948905109487,104415.11449560014,104415.11449560014,0,2005-03-15 00:00:00,2005-03-15 00:00:00
PETR4,1.01,15,Random Forest,2005-03-16,1,1,0.032258064516129,105459.26564055614,105459.26564055614,0,2005-03-16 00:00:00,2005-03-16 00:00:00
PETR4,1.01,15,Random Forest,2005-03-17,0,1,-0.0557491289198607,106513.8582969617,106513.8582969617,0,2005-03-17 00:00:00,2005-03-17 00:00:00
PETR4,1.01,15,SVC,2005-02-18,1,1,0.0763636363636364,101000.0,101000.0,0,2005-02-18 00:00:00,2005-02-18 00:00:00
PETR4,1.01,15,SVC,2005-02-21,1,1,0.086021505376344,102010.0,102010.0,0,2005-02-21 00:00:00,2005-02-21 00:00:00
PETR4,1.01,15,SVC,2005-02-22,1,1,0.0706713780918726,103030.1,103030.1,0,2005-02-22 00:00:00,2005-02-22 00:00:00
PETR4,1.01,15,SVC,2005-02-23,1,0,0.0448275862068965,103030.1,0,103030.1,2005-02-23 00:00:00,2005-02-24 00:00:00
PETR4,1.01,15,SVC,2005-02-24,1,1,0.0271186440677964,104060.40100000001,104060.40100000001,0,2005-02-23 00:00:00,2005-02-24 00:00:00
PETR4,1.01,15,SVC,2005-02-25,1,0,0.0133779264214044,104060.40100000001,0,104060.40100000001,2005-02-25 00:00:00,2005-03-02 00:00:00
PETR4,1.01,15,SVC,2005-02-28,1,0,0.0616438356164383,104060.40100000001,0,104060.40100000001,2005-02-25 00:00:00,2005-03-02 00:00:00
PETR4,1.01,15,SVC,2005-03-01,1,0,0.0947368421052632,104060.40100000001,0,104060.40100000001,2005-02-25 00:00:00,2005-03-02 00:00:00
PETR4,1.01,15,SVC,2005-03-02,1,1,0.0505050505050503,105101.00501000001,105101.00501000001,0,2005-02-25 00:00:00,2005-03-02 00:00:00
PETR4,1.01,15,SVC,2005-03-03,1,0,0.0229508196721313,105101.00501000001,0,105101.00501000001,2005-03-03 00:00:00,2005-03-08 00:00:00
PETR4,1.01,15,SVC,2005-03-04,0,0,-0.0641025641025642,105101.00501000001,0,105101.00501000001,2005-03-03 00:00:00,2005-03-08 00:00:00
PETR4,1.01,15,SVC,2005-03-07,0,0,-0.0620915032679738,105101.00501000001,0,105101.00501000001,2005-03-03 00:00:00,2005-03-08 00:00:00
PETR4,1.01,15,SVC,2005-03-08,1,0,0.0198019801980198,107182.21303000001,107182.21303000001,0,2005-03-03 00:00:00,2005-03-08 00:00:00
PETR4,1.01,15,SVC,2005-03-09,0,0,-0.0733333333333333,107182.21303000001,0,107182.21303000001,2005-03-09 00:00:00,2005-03-10 00:00:00
PETR4,1.01,15,SVC,2005-03-10,0,1,-0.0372881355932204,108254.03516030002,108254.03516030002,0,2005-03-09 00:00:00,2005-03-10 00:00:00
PETR4,1.01,15,SVC,2005-03-11,0,1,-0.003472222222222,109336.57551190302,109336.57551190302,0,2005-03-11 00:00:00,2005-03-11 00:00:00
PETR4,1.01,15,SVC,2005-03-14,0,1,-0.0139372822299651,110429.94126702205,110429.94126702205,0,2005-03-14 00:00:00,2005-03-14 00:00:00
PETR4,1.01,15,SVC,2005-03-15,1,1,0.0510948905109487,111534.24067969227,111534.24067969227,0,2005-03-15 00:00:00,2005-03-15 00:00:00
PETR4,1.01,15,SVC,2005-03-16,1,1,0.032258064516129,112649.58308648919,112649.58308648919,0,2005-03-16 00:00:00,2005-03-16 00:00:00
PETR4,1.01,15,SVC,2005-03-17,0,1,-0.0557491289198607,113776.07891735408,113776.07891735408,0,2005-03-17 00:00:00,2005-03-17 00:00:00
PETR4,1.01,20,RNA,2005-02-25,1,0,0.0133779264214044,100000.0,0,100000.0,2005-02-25 00:00:00,2005-03-02 00:00:00
PETR4,1.01,20,RNA,2005-02-28,1,0,0.0616438356164383,100000.0,0,100000.0,2005-02-25 00:00:00,2005-03-02 00:00:00
PETR4,1.01,20,RNA,2005-03-01,1,0,0.0947368421052632,100000.0,0,100000.0,2005-02-25 00:00:00,2005-03-02 00:00:00
PETR4,1.01,20,RNA,2005-03-02,1,0,0.0505050505050503,105050.50505050505,105050.50505050505,0,2005-02-25 00:00:00,2005-03-02 00:00:00
PETR4,1.01,20,RNA,2005-03-03,1,0,0.0229508196721313,105050.50505050505,0,105050.50505050505,2005-03-03 00:00:00,2005-03-08 00:00:00
PETR4,1.01,20,RNA,2005-03-04,0,0,-0.0641025641025642,105050.50505050505,0,105050.50505050505,2005-03-03 00:00:00,2005-03-08 00:00:00
PETR4,1.01,20,RNA,2005-03-07,0,0,-0.0620915032679738,105050.50505050505,0,105050.50505050505,2005-03-03 00:00:00,2005-03-08 00:00:00
PETR4,1.01,20,RNA,2005-03-08,1,1,0.0198019801980198,106101.01010101009,106101.01010101009,0,2005-03-03 00:00:00,2005-03-08 00:00:00
PETR4,1.01,20,RNA,2005-03-09,0,1,-0.0733333333333333,107162.0202020202,107162.0202020202,0,2005-03-09 00:00:00,2005-03-09 00:00:00
PETR4,1.01,20,RNA,2005-03-10,0,1,-0.0372881355932204,108233.6404040404,108233.6404040404,0,2005-03-10 00:00:00,2005-03-10 00:00:00
PETR4,1.01,20,RNA,2005-03-11,0,1,-0.003472222222222,109315.97680808081,109315.97680808081,0,2005-03-11 00:00:00,2005-03-11 00:00:00
PETR4,1.01,20,RNA,2005-03-14,0,1,-0.0139372822299651,110409.13657616162,110409.13657616162,0,2005-03-14 00:00:00,2005-03-14 00:00:00
PETR4,1.01,20,RNA,2005-03-15,1,1,0.0510948905109487,111513.22794192324,111513.22794192324,0,2005-03-15 00:00:00,2005-03-15 00:00:00
PETR4,1.01,20,RNA,2005-03-16,1,1,0.032258064516129,112628.36022134247,112628.36022134247,0,2005-03-16 00:00:00,2005-03-16 00:00:00
PETR4,1.01,20,RNA,2005-03-17,0,1,-0.0557491289198607,113754.6438235559,113754.6438235559,0,2005-03-17 00:00:00,2005-03-17 00:00:00
PETR4,1.01,20,Random Forest,2005-02-25,1,0,0.0133779264214044,100000.0,0,100000.0,2005-02-25 00:00:00,2005-03-02 00:00:00
PETR4,1.01,20,Random Forest,2005-02-28,1,0,0.0616438356164383,100000.0,0,100000.0,2005-02-25 00:00:00,2005-03-02 00:00:00
PETR4,1.01,20,Random Forest,2005-03-01,1,0,0.0947368421052632,100000.0,0,100000.0,2005-02-25 00:00:00,2005-03-02 00:00:00
PETR4,1.01,20,Random Forest,2005-03-02,1,0,0.0505050505050503,105050.50505050505,105050.50505050505,0,2005-02-25 00:00:00,2005-03-02 00:00:00
PETR4,1.01,20,Random Forest,2005-03-03,1,0,0.0229508196721313,105050.50505050505,0,105050.50505050505,2005-03-03 00:00:00,2005-03-08 00:00:00
PETR4,1.01,20,Random Forest,2005-03-04,0,0,-0.0641025641025642,105050.50505050505,0,105050.50505050505,2005-03-03 00:00:00,2005-03-08 00:00:00
PETR4,1.01,20,Random Forest,2005-03-07,0,0,-0.0620915032679738,105050.50505050505,0,105050.50505050505,2005-03-03 00:00:00,2005-03-08 00:00:00
PETR4,1.01,20,Random Forest,2005-03-08,1,1,0.0198019801980198,106101.01010101009,106101.01010101009,0,2005-03-03 00:00:00,2005-03-08 00:00:00
PETR4,1.01,20,Random Forest,2005-03-09,0,1,-0.0733333333333333,107162.0202020202,107162.0202020202,0,2005-03-09 00:00:00,2005-03-09 00:00:00
PETR4,1.01,20,Random Forest,2005-03-10,0,1,-0.0372881355932204,108233.6404040404,108233.6404040404,0,2005-03-10 00:00:00,2005-03-10 00:00:00
PETR4,1.01,20,Random Forest,2005-03-11,0,1,-0.003472222222222,109315.97680808081,109315.97680808081,0,2005-03-11 00:00:00,2005-03-11 00:00:00
PETR4,1.01,20,Random Forest,2005-03-14,0,1,-0.0139372822299651,110409.13657616162,110409.13657616162,0,2005-03-14 00:00:00,2005-03-14 00:00:00
PETR4,1.01,20,Random Forest,2005-03-15,1,1,0.0510948905109487,111513.22794192324,111513.22794192324,0,2005-03-15 00:00:00,2005-03-15 00:00:00
PETR4,1.01,20,Random Forest,2005-03-16,1,1,0.032258064516129,112628.36022134247,112628.36022134247,0,2005-03-16 00:00:00,2005-03-16 00:00:00
PETR4,1.01,20,Random Forest,2005-03-17,0,1,-0.0557491289198607,113754.6438235559,113754.6438235559,0,2005-03-17 00:00:00,2005-03-17 00:00:00
PETR4,1.01,20,SVC,2005-02-25,1,0,0.0133779264214044,100000.0,0,100000.0,2005-02-25 00:00:00,2005-02-28 00:00:00
PETR4,1.01,20,SVC,2005-02-28,1,1,0.0616438356164383,101000.0,101000.0,0,2005-02-25 00:00:00,2005-02-28 00:00:00
PETR4,1.01,20,SVC,2005-03-01,1,0,0.0947368421052632,101000.0,0,101000.0,2005-03-01 00:00:00,2005-03-04 00:00:00
PETR4,1.01,20,SVC,2005-03-02,1,0,0.0505050505050503,101000.0,0,101000.0,2005-03-01 00:00:00,2005-03-04 00:00:00
PETR4,1.01,20,SVC,2005-03-03,1,0,0.0229508196721313,101000.0,0,101000.0,2005-03-01 00:00:00,2005-03-04 00:00:00
PETR4,1.01,20,SVC,2005-03-04,0,0,-0.0641025641025642,94525.64102564102,94525.64102564102,0,2005-03-01 00:00:00,2005-03-04 00:00:00
PETR4,1.01,20,SVC,2005-03-07,0,0,-0.0620915032679738,94525.64102564102,0,94525.64102564102,2005-03-07 00:00:00,2005-03-08 00:00:00
PETR4,1.01,20,SVC,2005-03-08,1,1,0.0198019801980198,95470.89743589742,95470.89743589742,0,2005-03-07 00:00:00,2005-03-08 00:00:00
PETR4,1.01,20,SVC,2005-03-09,0,1,-0.0733333333333333,96425.6064102564,96425.6064102564,0,2005-03-09 00:00:00,2005-03-09 00:00:00
PETR4,1.01,20,SVC,2005-03-10,0,1,-0.0372881355932204,97389.86247435896,97389.86247435896,0,2005-03-10 00:00:00,2005-03-10 00:00:00
PETR4,1.01,20,SVC,2005-03-11,0,1,-0.003472222222222,98363.76109910256,98363.76109910256,0,2005-03-11 00:00:00,2005-03-11 00:00:00
PETR4,1.01,20,SVC,2005-03-14,0,1,-0.0139372822299651,99347.39871009358,99347.39871009358,0,2005-03-14 00:00:00,2005-03-14 00:00:00
PETR4,1.01,20,SVC,2005-03-15,1,1,0.0510948905109487,100340.87269719451,100340.87269719451,0,2005-03-15 00:00:00,2005-03-15 00:00:00
PETR4,1.01,20,SVC,2005-03-16,1,1,0.032258064516129,101344.28142416646,101344.28142416646,0,2005-03-16 00:00:00,2005-03-16 00:00:00
PETR4,1.01,20,SVC,2005-03-17,0,1,-0.0557491289198607,102357.72423840813,102357.72423840813,0,2005-03-17 00:00:00,2005-03-17 00:00:00
PETR4,1.01,25,RNA,2005-03-04,0,0,-0.0641025641025642,100000.0,0,100000.0,2005-03-04 00:00:00,2005-03-07 00:00:00
PETR4,1.01,25,RNA,2005-03-07,0,1,-0.0620915032679738,101000.0,101000.0,0,2005-03-04 00:00:00,2005-03-07 00:00:00
PETR4,1.01,25,RNA,2005-03-08,1,1,0.0198019801980198,102010.0,102010.0,0,2005-03-08 00:00:00,2005-03-08 00:00:00
PETR4,1.01,25,RNA,2005-03-09,0,1,-0.0733333333333333,103030.1,103030.1,0,2005-03-09 00:00:00,2005-03-09 00:00:00
PETR4,1.01,25,RNA,2005-03-10,0,1,-0.0372881355932204,104060.40100000001,104060.40100000001,0,2005-03-10 00:00:00,2005-03-10 00:00:00
PETR4,1.01,25,RNA,2005-03-11,0,1,-0.003472222222222,105101.00501000001,105101.00501000001,0,2005-03-11 00:00:00,2005-03-11 00:00:00
PETR4,1.01,25,RNA,2005-03-14,0,1,-0.0139372822299651,106152.0150601,106152.0150601,0,2005-03-14 00:00:00,2005-03-14 00:00:00
PETR4,1.01,25,RNA,2005-03-15,1,1,0.0510948905109487,107213.53521070101,107213.53521070101,0,2005-03-15 00:00:00,2005-03-15 00:00:00
PETR4,1.01,25,RNA,2005-03-16,1,1,0.032258064516129,108285.67056280802,108285.67056280802,0,2005-03-16 00:00:00,2005-03-16 00:00:00
PETR4,1.01,25,RNA,2005-03-17,0,1,-0.0557491289198607,109368.52726843611,109368.52726843611,0,2005-03-17 00:00:00,2005-03-17 00:00:00
PETR4,1.01,25,Random Forest,2005-03-04,0,1,-0.0641025641025642,101000.0,101000.0,0,2005-03-04 00:00:00,2005-03-04 00:00:00
PETR4,1.01,25,Random Forest,2005-03-07,0,0,-0.0620915032679738,101000.0,0,101000.0,2005-03-07 00:00:00,2005-03-08 00:00:00
PETR4,1.01,25,Random Forest,2005-03-08,1,1,0.0198019801980198,102010.0,102010.0,0,2005-03-07 00:00:00,2005-03-08 00:00:00
PETR4,1.01,25,Random Forest,2005-03-09,0,1,-0.0733333333333333,103030.1,103030.1,0,2005-03-09 00:00:00,2005-03-09 00:00:00
PETR4,1.01,25,Random Forest,2005-03-10,0,1,-0.0372881355932204,104060.40100000001,104060.40100000001,0,2005-03-10 00:00:00,2005-03-10 00:00:00
PETR4,1.01,25,Random Forest,2005-03-11,0,1,-0.003472222222222,105101.00501000001,105101.00501000001,0,2005-03-11 00:00:00,2005-03-11 00:00:00
PETR4,1.01,25,Random Forest,2005-03-14,0,1,-0.0139372822299651,106152.0150601,106152.0150601,0,2005-03-14 00:00:00,2005-03-14 00:00:00
PETR4,1.01,25,Random Forest,2005-03-15,1,1,0.0510948905109487,107213.53521070101,107213.53521070101,0,2005-03-15 00:00:00,2005-03-15 00:00:00
PETR4,1.01,25,Random Forest,2005-03-16,1,1,0.032258064516129,108285.67056280802,108285.67056280802,0,2005-03-16 00:00:00,2005-03-16 00:00:00
PETR4,1.01,25,Random Forest,2005-03-17,0,1,-0.0557491289198607,109368.52726843611,109368.52726843611,0,2005-03-17 00:00:00,2005-03-17 00:00:00
PETR4,1.01,25,SVC,2005-03-04,0,1,-0.0641025641025642,101000.0,101000.0,0,2005-03-04 00:00:00,2005-03-04 00:00:00
PETR4,1.01,25,SVC,2005-03-07,0,0,-0.0620915032679738,101000.0,0,101000.0,2005-03-07 00:00:00,2005-03-08 00:00:00
PETR4,1.01,25,SVC,2005-03-08,1,1,0.0198019801980198,102010.0,102010.0,0,2005-03-07 00:00:00,2005-03-08 00:00:00
PETR4,1.01,25,SVC,2005-03-09,0,1,-0.0733333333333333,103030.1,103030.1,0,2005-03-09 00:00:00,2005-03-09 00:00:00
PETR4,1.01,25,SVC,2005-03-10,0,1,-0.0372881355932204,104060.40100000001,104060.40100000001,0,2005-03-10 00:00:00,2005-03-10 00:00:00
PETR4,1.01,25,SVC,2005-03-11,0,1,-0.003472222222222,105101.00501000001,105101.00501000001,0,2005-03-11 00:00:00,2005-03-11 00:00:00
PETR4,1.01,25,SVC,2005-03-14,0,1,-0.0139372822299651,106152.0150601,106152.0150601,0,2005-03-14 00:00:00,2005-03-14 00:00:00
PETR4,1.01,25,SVC,2005-03-15,1,1,0.0510948905109487,107213.53521070101,107213.53521070101,0,2005-03-15 00:00:00,2005-03-15 00:00:00
PETR4,1.01,25,SVC,2005-03-16,1,1,0.032258064516129,108285.67056280802,108285.67056280802,0,2005-03-16 00:00:00,2005-03-16 00:00:00
PETR4,1.01,25,SVC,2005-03-17,0,1,-0.0557491289198607,109368.52726843611,109368.52726843611,0,2005-03-17 00:00:00,2005-03-17 00:00:00
PETR4,1.015,15,RNA,2005-02-18,1,1,0.0763636363636364,101499.99999999999,101499.99999999999,0,2005-02-18 00:00:00,2005-02-18 00:00:00
PETR4,1.015,15,RNA,2005-02-21,1,1,0.086021505376344,103022.49999999997,103022.49999999997,0,2005-02-21 00:00:00,2005-02-21 00:00:00
PETR4,1.015,15,RNA,2005-02-22,1,0,0.0706713780918726,103022.49999999997,0,103022.49999999997,2005-02-22 00:00:00,2005-02-24 00:00:00
PETR4,1.015,15,RNA,2005-02-23,1,0,0.0448275862068965,103022.49999999997,0,103022.49999999997,2005-02-22 00:00:00,2005-02-24 00:00:00
PETR4,1.015,15,RNA,2005-02-24,1,1,0.0271186440677964,104567.83749999997,104567.83749999997,0,2005-02-22 00:00:00,2005-02-24 00:00:00
PETR4,1.015,15,RNA,2005-02-25,0,0,0.0133779264214044,104567.83749999997,0,104567.83749999997,2005-02-25 00:00:00,2005-03-02 00:00:00
PETR4,1.015,15,RNA,2005-02-28,1,0,0.0616438356164383,104567.83749999997,0,104567.83749999997,2005-02-25 00:00:00,2005-03-02 00:00:00
PETR4,1.015,15,RNA,2005-03-01,1,0,0.0947368421052632,104567.83749999997,0,104567.83749999997,2005-02-25 00:00:00,2005-03-02 00:00:00
PETR4,1.015,15,RNA,2005-03-02,1,1,0.0505050505050503,106136.35506249995,106136.35506249995,0,2005-02-25 00:00:00,2005-03-02 00:00:00
PETR4,1.015,15,RNA,2005-03-03,1,0,0.0229508196721313,106136.35506249995,0,106136.35506249995,2005-03-03 00:00:00,2005-03-08 00:00:00
PETR4,1.015,15,RNA,2005-03-04,0,0,-0.0641025641025642,106136.35506249995,0,106136.35506249995,2005-03-03 00:00:00,2005-03-08 00:00:00
PETR4,1.015,15,RNA,2005-03-07,0,0,-0.0620915032679738,106136.35506249995,0,106136.35506249995,2005-03-03 00:00:00,2005-03-08 00:00:00
PETR4,1.015,15,RNA,2005-03-08,1,0,0.0198019801980198,108238.06506373757,108238.06506373757,0,2005-03-03 00:00:00,2005-03-08 00:00:00
PETR4,1.015,15,RNA,2005-03-09,0,1,-0.0733333333333333,109861.63603969362,109861.63603969362,0,2005-03-09 00:00:00,2005-03-09 00:00:00
PETR4,1.015,15,RNA,2005-03-10,0,1,-0.0372881355932204,111509.56058028902,111509.56058028902,0,2005-03-10 00:00:00,2005-03-10 00:00:00
PETR4,1.015,15,RNA,2005-03-11,0,1,-0.003472222222222,113182.20398899335,113182.20398899335,0,2005-03-11 00:00:00,2005-03-11 00:00:00
PETR4,1.015,15,RNA,2005-03-14,0,0,-0.0139372822299651,113182.20398899335,0,113182.20398899335,2005-03-14 00:00:00,2005-03-16 00:00:00
PETR4,1.015,15,RNA,2005-03-15,1,0,0.0510948905109487,113182.20398899335,0,113182.20398899335,2005-03-14 00:00:00,2005-03-16 00:00:00
PETR4,1.015,15,RNA,2005-03-16,1,1,0.032258064516129,114879.93704882824,114879.93704882824,0,2005-03-14 00:00:00,2005-03-16 00:00:00
PETR4,1.015,15,RNA,2005-03-17,0,1,-0.0557491289198607,116603.13610456066,116603.13610456066,0,2005-03-17 00:00:00,2005-03-17 00:00:00
PETR4,1.015,15,Random Forest,2005-02-18,1,1,0.0763636363636364,101499.99999999999,101499.99999999999,0,2005-02-18 00:00:00,2005-02-18 00:00:00
PETR4,1.015,15,Random Forest,2005-02-21,1,1,0.086021505376344,103022.49999999997,103022.49999999997,0,2005-02-21 00:00:00,2005-02-21 00:00:00
PETR4,1.015,15,Random Forest,2005-02-22,1,1,0.0706713780918726,104567.83749999997,104567.83749999997,0,2005-02-22 00:00:00,2005-02-22 00:00:00
PETR4,1.015,15,Random Forest,2005-02-23,1,0,0.0448275862068965,104567.83749999997,0,104567.83749999997,2005-02-23 00:00:00,2005-02-28 00:00:00
PETR4,1.015,15,Random Forest,2005-02-24,1,0,0.0271186440677964,104567.83749999997,0,104567.83749999997,2005-02-23 00:00:00,2005-02-28 00:00:00
PETR4,1.015,15,Random Forest,2005-02-25,0,0,0.0133779264214044,104567.83749999997,0,104567.83749999997,2005-02-23 00:00:00,2005-02-28 00:00:00
PETR4,1.015,15,Random Forest,2005-02-28,1,0,0.0616438356164383,111013.8000856164,111013.8000856164,0,2005-02-23 00:00:00,2005-02-28 00:00:00
PETR4,1.015,15,Random Forest,2005-03-01,1,0,0.0947368421052632,111013.8000856164,0,111013.8000856164,2005-03-01 00:00:00,2005-03-04 00:00:00
PETR4,1.015,15,Random Forest,2005-03-02,1,0,0.0505050505050503,111013.8000856164,0,111013.8000856164,2005-03-01 00:00:00,2005-03-04 00:00:00
PETR4,1.015,15,Random Forest,2005-03-03,1,0,0.0229508196721313,111013.8000856164,0,111013.8000856164,2005-03-01 00:00:00,2005-03-04 00:00:00
PETR4,1.015,15,Random Forest,2005-03-04,0,0,-0.0641025641025642,103897.53084935893,103897.53084935893,0,2005-03-01 00:00:00,2005-03-04 00:00:00
PETR4,1.015,15,Random Forest,2005-03-07,0,0,-0.0620915032679738,103897.53084935893,0,103897.53084935893,2005-03-07 00:00:00,2005-03-10 00:00:00
PETR4,1.015,15,Random Forest,2005-03-08,1,0,0.0198019801980198,103897.53084935893,0,103897.53084935893,2005-03-07 00:00:00,2005-03-10 00:00:00
PETR4,1.015,15,Random Forest,2005-03-09,0,0,-0.0733333333333333,103897.53084935893,0,103897.53084935893,2005-03-07 00:00:00,2005-03-10 00:00:00
PETR4,1.015,15,Random Forest,2005-03-10,0,1,-0.0372881355932204,105455.9938120993,105455.9938120993,0,2005-03-07 00:00:00,2005-03-10 00:00:00
PETR4,1.015,15,Random Forest,2005-03-11,0,0,-0.003472222222222,105455.9938120993,0,105455.9938120993,2005-03-11 00:00:00,2005-03-15 00:00:00
PETR4,1.015,15,Random Forest,2005-03-14,0,0,-0.0139372822299651,105455.9938120993,0,105455.9938120993,2005-03-11 00:00:00,2005-03-15 00:00:00
PETR4,1.015,15,Random Forest,2005-03-15,1,1,0.0510948905109487,107037.83371928078,107037.83371928078,0,2005-03-11 00:00:00,2005-03-15 00:00:00
PETR4,1.015,15,Random Forest,2005-03-16,1,1,0.032258064516129,108643.40122506999,108643.40122506999,0,2005-03-16 00:00:00,2005-03-16 00:00:00
PETR4,1.015,15,Random Forest,2005-03-17,0,1,-0.0557491289198607,110273.05224344603,110273.05224344603,0,2005-03-17 00:00:00,2005-03-17 00:00:00
PETR4,1.015,15,SVC,2005-02-18,1,1,0.0763636363636364,101499.99999999999,101499.99999999999,0,2005-02-18 00:00:00,2005-02-18 00:00:00
PETR4,1.015,15,SVC,2005-02-21,1,1,0.086021505376344,103022.49999999997,103022.49999999997,0,2005-02-21 00:00:00,2005-02-21 00:00:00
PETR4,1.015,15,SVC,2005-02-22,1,1,0.0706713780918726,104567.83749999997,104567.83749999997,0,2005-02-22 00:00:00,2005-02-22 00:00:00
PETR4,1.015,15,SVC,2005-02-23,1,1,0.0448275862068965,106136.35506249995,106136.35506249995,0,2005-02-23 00:00:00,2005-02-23 00:00:00
PETR4,1.015,15,SVC,2005-02-24,1,1,0.0271186440677964,107728.40038843744,107728.40038843744,0,2005-02-24 00:00:00,2005-02-24 00:00:00
PETR4,1.015,15,SVC,2005-02-25,0,0,0.0133779264214044,107728.40038843744,0,107728.40038843744,2005-02-25 00:00:00,2005-03-02 00:00:00
PETR4,1.015,15,SVC,2005-02-28,1,0,0.0616438356164383,107728.40038843744,0,107728.40038843744,2005-02-25 00:00:00,2005-03-02 00:00:00
PETR4,1.015,15,SVC,2005-03-01,1,0,0.0947368421052632,107728.40038843744,0,107728.40038843744,2005-02-25 00:00:00,2005-03-02 00:00:00
PETR4,1.015,15,SVC,2005-03-02,1,1,0.0505050505050503,109344.32639426399,109344.32639426399,0,2005-02-25 00:00:00,2005-03-02 00:00:00
PETR4,1.015,15,SVC,2005-03-03,1,0,0.0229508196721313,109344.32639426399,0,109344.32639426399,2005-03-03 00:00:00,2005-03-08 00:00:00
PETR4,1.015,15,SVC,2005-03-04,0,0,-0.0641025641025642,109344.32639426399,0,109344.32639426399,2005-03-03 00:00:00,2005-03-08 00:00:00
PETR4,1.015,15,SVC,2005-03-07,0,0,-0.0620915032679738,109344.32639426399,0,109344.32639426399,2005-03-03 00:00:00,2005-03-08 00:00:00
PETR4,1.015,15,SVC,2005-03-08,1,0,0.0198019801980198,111509.56058028902,111509.56058028902,0,2005-03-03 00:00:00,2005-03-08 00:00:00
PETR4,1.015,15,SVC,2005-03-09,0,0,-0.0733333333333333,111509.56058028902,0,111509.56058028902,2005-03-09 00:00:00,2005-03-10 00:00:00
PETR4,1.015,15,SVC,2005-03-10,0,1,-0.0372881355932204,113182.20398899335,113182.20398899335,0,2005-03-09 00:00:00,2005-03-10 00:00:00
PETR4,1.015,15,SVC,2005-03-11,0,1,-0.003472222222222,114879.93704882824,114879.93704882824,0,2005-03-11 00:00:00,2005-03-11 00:00:00
PETR4,1.015,15,SVC,2005-03-14,0,0,-0.0139372822299651,114879.93704882824,0,114879.93704882824,2005-03-14 00:00:00,2005-03-15 00:00:00
PETR4,1.015,15,SVC,2005-03-15,1,1,0.0510948905109487,116603.13610456066,116603.13610456066,0,2005-03-14 00:00:00,2005-03-15 00:00:00
PETR4,1.015,15,SVC,2005-03-16,1,1,0.032258064516129,118352.18314612906,118352.18314612906,0,2005-03-16 00:00:00,2005-03-16 00:00:00
PETR4,1.015,15,SVC,2005-03-17,0,0,-0.0557491289198607,111754.15202996854,111754.15202996854,0,2005-03-17 00:00:00,2005-03-17 00:00:00
PETR4,1.015,20,RNA,2005-02-25,0,0,0.0133779264214044,100000.0,0,100000.0,2005-02-25 00:00:00,2005-03-02 00:00:00
PETR4,1.015,20,RNA,2005-02-28,1,0,0.0616438356164383,100000.0,0,100000.0,2005-02-25 00:00:00,2005-03-02 00:00:00
PETR4,1.015,20,RNA,2005-03-01,1,0,0.0947368421052632,100000.0,0,100000.0,2005-02-25 00:00:00,2005-03-02 00:00:00
PETR4,1.015,20,RNA,2005-03-02,1,1,0.0505050505050503,101499.99999999999,101499.99999999999,0,2005-02-25 00:00:00,2005-03-02 00:00:00
PETR4,1.015,20,RNA,2005-03-03,1,1,0.0229508196721313,103022.49999999997,103022.49999999997,0,2005-03-03 00:00:00,2005-03-03 00:00:00
PETR4,1.015,20,RNA,2005-03-04,0,0,-0.0641025641025642,103022.49999999997,0,103022.49999999997,2005-03-04 00:00:00,2005-03-09 00:00:00
PETR4,1.015,20,RNA,2005-03-07,0,0,-0.0620915032679738,103022.49999999997,0,103022.49999999997,2005-03-04 00:00:00,2005-03-09 00:00:00
PETR4,1.015,20,RNA,2005-03-08,1,0,0.0198019801980198,103022.49999999997,0,103022.49999999997,2005-03-04 00:00:00,2005-03-09 00:00:00
PETR4,1.015,20,RNA,2005-03-09,0,1,-0.0733333333333333,104567.83749999997,104567.83749999997,0,2005-03-04 00:00:00,2005-03-09 00:00:00
PETR4,1.015,20,RNA,2005-03-10,0,1,-0.0372881355932204,106136.35506249995,106136.35506249995,0,2005-03-10 00:00:00,2005-03-10 00:00:00
PETR4,1.015,20,RNA,2005-03-11,0,1,-0.003472222222222,107728.40038843744,107728.40038843744,0,2005-03-11 00:00:00,2005-03-11 00:00:00
PETR4,1.015,20,RNA,2005-03-14,0,1,-0.0139372822299651,109344.32639426399,109344.32639426399,0,2005-03-14 00:00:00,2005-03-14 00:00:00
PETR4,1.015,20,RNA,2005-03-15,1,1,0.0510948905109487,110984.49129017793,110984.49129017793,0,2005-03-15 00:00:00,2005-03-15 00:00:00
PETR4,1.015,20,RNA,2005-03-16,1,1,0.032258064516129,112649.25865953059,112649.25865953059,0,2005-03-16 00:00:00,2005-03-16 00:00:00
PETR4,1.015,20,RNA,2005-03-17,0,1,-0.0557491289198607,114338.99753942354,114338.99753942354,0,2005-03-17 00:00:00,2005-03-17 00:00:00
PETR4,1.015,20,Random Forest,2005-02-25,0,0,0.0133779264214044,100000.0,0,100000.0,2005-02-25 00:00:00,2005-03-02 00:00:00
PETR4,1.015,20,Random Forest,2005-02-28,1,0,0.0616438356164383,100000.0,0,100000.0,2005-02-25 00:00:00,2005-03-02 00:00:00
PETR4,1.015,20,Random Forest,2005-03-01,1,0,0.0947368421052632,100000.0,0,100000.0,2005-02-25 00:00:00,2005-03-02 00:00:00
PETR4,1.015,20,Random Forest,2005-03-02,1,0,0.0505050505050503,105050.50505050505,105050.50505050505,0,2005-02-25 00:00:00,2005-03-02 00:00:00
PETR4,1.015,20,Random Forest,2005-03-03,1,0,0.0229508196721313,105050.50505050505,0,105050.50505050505,2005-03-03 00:00:00,2005-03-08 00:00:00
PETR4,1.015,20,Random Forest,2005-03-04,0,0,-0.0641025641025642,105050.50505050505,0,105050.50505050505,2005-03-03 00:00:00,2005-03-08 00:00:00
PETR4,1.015,20,Random Forest,2005-03-07,0,0,-0.0620915032679738,105050.50505050505,0,105050.50505050505,2005-03-03 00:00:00,2005-03-08 00:00:00
PETR4,1.015,20,Random Forest,2005-03-08,1,0,0.0198019801980198,107130.71307130712,107130.71307130712,0,2005-03-03 00:00:00,2005-03-08 00:00:00
PETR4,1.015,20,Random Forest,2005-03-09,0,1,-0.0733333333333333,108737.67376737672,108737.67376737672,0,2005-03-09 00:00:00,2005-03-09 00:00:00
PETR4,1.015,20,Random Forest,2005-03-10,0,1,-0.0372881355932204,110368.73887388736,110368.73887388736,0,2005-03-10 00:00:00,2005-03-10 00:00:00
PETR4,1.015,20,Random Forest,2005-03-11,0,0,-0.003472222222222,110368.73887388736,0,110368.73887388736,2005-03-11 00:00:00,2005-03-15 00:00:00
PETR4,1.015,20,Random Forest,2005-03-14,0,0,-0.0139372822299651,110368.73887388736,0,110368.73887388736,2005-03-11 00:00:00,2005-03-15 00:00:00
PETR4,1.015,20,Random Forest,2005-03-15,1,1,0.0510948905109487,112024.26995699566,112024.26995699566,0,2005-03-11 00:00:00,2005-03-15 00:00:00
PETR4,1.015,20,Random Forest,2005-03-16,1,1,0.032258064516129,113704.63400635058,113704.63400635058,0,2005-03-16 00:00:00,2005-03-16 00:00:00
PETR4,1.015,20,Random Forest,2005-03-17,0,0,-0.0557491289198607,107365.69970634495,107365.69970634495,0,2005-03-17 00:00:00,2005-03-17 00:00:00
PETR4,1.015,20,SVC,2005-02-25,0,0,0.0133779264214044,100000.0,0,100000.0,2005-02-25 00:00:00,2005-02-28 00:00:00
PETR4,1.015,20,SVC,2005-02-28,1,1,0.0616438356164383,101499.99999999999,101499.99999999999,0,2005-02-25 00:00:00,2005-02-28 00:00:00
PETR4,1.015,20,SVC,2005-03-01,1,0,0.0947368421052632,101499.99999999999,0,101499.99999999999,2005-03-01 00:00:00,2005-03-03 00:00:00
PETR4,1.015,20,SVC,2005-03-02,1,0,0.0505050505050503,101499.99999999999,0,101499.99999999999,2005-03-01 00:00:00,2005-03-03 00:00:00
PETR4,1.015,20,SVC,2005-03-03,1,1,0.0229508196721313,103022.49999999997,103022.49999999997,0,2005-03-01 00:00:00,2005-03-03 00:00:00
PETR4,1.015,20,SVC,2005-03-04,0,0,-0.0641025641025642,103022.49999999997,0,103022.49999999997,2005-03-04 00:00:00,2005-03-09 00:00:00
PETR4,1.015,20,SVC,2005-03-07,0,0,-0.0620915032679738,103022.49999999997,0,103022.49999999997,2005-03-04 00:00:00,2005-03-09 00:00:00
PETR4,1.015,20,SVC,2005-03-08,1,0,0.0198019801980198,103022.49999999997,0,103022.49999999997,2005-03-04 00:00:00,2005-03-09 00:00:00
PETR4,1.015,20,SVC,2005-03-09,0,1,-0.0733333333333333,104567.83749999997,104567.83749999997,0,2005-03-04 00:00:00,2005-03-09 00:00:00
PETR4,1.015,20,SVC,2005-03-10,0,1,-0.0372881355932204,106136.35506249995,106136.35506249995,0,2005-03-10 00:00:00,2005-03-10 00:00:00
PETR4,1.015,20,SVC,2005-03-11,0,1,-0.003472222222222,107728.40038843744,107728.40038843744,0,2005-03-11 00:00:00,2005-03-11 00:00:00
PETR4,1.015,20,SVC,2005-03-14,0,0,-0.0139372822299651,107728.40038843744,0,107728.40038843744,2005-03-14 00:00:00,2005-03-16 00:00:00
PETR4,1.015,20,SVC,2005-03-15,1,0,0.0510948905109487,107728.40038843744,0,107728.40038843744,2005-03-14 00:00:00,2005-03-16 00:00:00
PETR4,1.015,20,SVC,2005-03-16,1,1,0.032258064516129,109344.32639426399,109344.32639426399,0,2005-03-14 00:00:00,2005-03-16 00:00:00
PETR4,1.015,20,SVC,2005-03-17,0,0,-0.0557491289198607,103248.47544545484,103248.47544545484,0,2005-03-17 00:00:00,2005-03-17 00:00:00
PETR4,1.015,25,RNA,2005-03-04,0,1,-0.0641025641025642,101499.99999999999,101499.99999999999,0,2005-03-04 00:00:00,2005-03-04 00:00:00
PETR4,1.015,25,RNA,2005-03-07,0,0,-0.0620915032679738,101499.99999999999,0,101499.99999999999,2005-03-07 00:00:00,2005-03-09 00:00:00
PETR4,1.015,25,RNA,2005-03-08,1,0,0.0198019801980198,101499.99999999999,0,101499.99999999999,2005-03-07 00:00:00,2005-03-09 00:00:00
PETR4,1.015,25,RNA,2005-03-09,0,1,-0.0733333333333333,103022.49999999997,103022.49999999997,0,2005-03-07 00:00:00,2005-03-09 00:00:00
PETR4,1.015,25,RNA,2005-03-10,0,1,-0.0372881355932204,104567.83749999997,104567.83749999997,0,2005-03-10 00:00:00,2005-03-10 00:00:00
PETR4,1.015,25,RNA,2005-03-11,0,1,-0.003472222222222,106136.35506249995,106136.35506249995,0,2005-03-11 00:00:00,2005-03-11 00:00:00
PETR4,1.015,25,RNA,2005-03-14,0,0,-0.0139372822299651,106136.35506249995,0,106136.35506249995,2005-03-14 00:00:00,2005-03-16 00:00:00
PETR4,1.015,25,RNA,2005-03-15,1,0,0.0510948905109487,106136.35506249995,0,106136.35506249995,2005-03-14 00:00:00,2005-03-16 00:00:00
PETR4,1.015,25,RNA,2005-03-16,1,1,0.032258064516129,107728.40038843744,107728.40038843744,0,2005-03-14 00:00:00,2005-03-16 00:00:00
PETR4,1.015,25,RNA,2005-03-17,0,1,-0.0557491289198607,109344.32639426399,109344.32639426399,0,2005-03-17 00:00:00,2005-03-17 00:00:00
PETR4,1.015,25,Random Forest,2005-03-04,0,0,-0.0641025641025642,100000.0,0,100000.0,2005-03-04 00:00:00,2005-03-09 00:00:00
PETR4,1.015,25,Random Forest,2005-03-07,0,0,-0.0620915032679738,100000.0,0,100000.0,2005-03-04 00:00:00,2005-03-09 00:00:00
PETR4,1.015,25,Random Forest,2005-03-08,1,0,0.0198019801980198,100000.0,0,100000.0,2005-03-04 00:00:00,2005-03-09 00:00:00
PETR4,1.015,25,Random Forest,2005-03-09,0,1,-0.0733333333333333,101499.99999999999,101499.99999999999,0,2005-03-04 00:00:00,2005-03-09 00:00:00
PETR4,1.015,25,Random Forest,2005-03-10,0,1,-0.0372881355932204,103022.49999999997,103022.49999999997,0,2005-03-10 00:00:00,2005-03-10 00:00:00
PETR4,1.015,25,Random Forest,2005-03-11,0,1,-0.003472222222222,104567.83749999997,104567.83749999997,0,2005-03-11 00:00:00,2005-03-11 00:00:00
PETR4,1.015,25,Random Forest,2005-03-14,0,0,-0.0139372822299651,104567.83749999997,0,104567.83749999997,2005-03-14 00:00:00,2005-03-15 00:00:00
PETR4,1.015,25,Random Forest,2005-03-15,1,1,0.0510948905109487,106136.35506249995,106136.35506249995,0,2005-03-14 00:00:00,2005-03-15 00:00:00
PETR4,1.015,25,Random Forest,2005-03-16,1,1,0.032258064516129,107728.40038843744,107728.40038843744,0,2005-03-16 00:00:00,2005-03-16 00:00:00
PETR4,1.015,25,Random Forest,2005-03-17,0,1,-0.0557491289198607,109344.32639426399,109344.32639426399,0,2005-03-17 00:00:00,2005-03-17 00:00:00
PETR4,1.015,25,SVC,2005-03-04,0,1,-0.0641025641025642,101499.99999999999,101499.99999999999,0,2005-03-04 00:00:00,2005-03-04 00:00:00
PETR4,1.015,25,SVC,2005-03-07,0,1,-0.0620915032679738,103022.49999999997,103022.49999999997,0,2005-03-07 00:00:00,2005-03-07 00:00:00
PETR4,1.015,25,SVC,2005-03-08,1,0,0.0198019801980198,103022.49999999997,0,103022.49999999997,2005-03-08 00:00:00,2005-03-09 00:00:00
PETR4,1.015,25,SVC,2005-03-09,0,1,-0.0733333333333333,104567.83749999997,104567.83749999997,0,2005-03-08 00:00:00,2005-03-09 00:00:00
PETR4,1.015,25,SVC,2005-03-10,0,1,-0.0372881355932204,106136.35506249995,106136.35506249995,0,2005-03-10 00:00:00,2005-03-10 00:00:00
PETR4,1.015,25,SVC,2005-03-11,0,1,-0.003472222222222,107728.40038843744,107728.40038843744,0,2005-03-11 00:00:00,2005-03-11 00:00:00
PETR4,1.015,25,SVC,2005-03-14,0,1,-0.0139372822299651,109344.32639426399,109344.32639426399,0,2005-03-14 00:00:00,2005-03-14 00:00:00
PETR4,1.015,25,SVC,2005-03-15,1,1,0.0510948905109487,110984.49129017793,110984.49129017793,0,2005-03-15 00:00:00,2005-03-15 00:00:00
PETR4,1.015,25,SVC,2005-03-16,1,1,0.032258064516129,112649.25865953059,112649.25865953059,0,2005-03-16 00:00:00,2005-03-16 00:00:00
PETR4,1.015,25,SVC,2005-03-17,0,0,-0.0557491289198607,106369.16061579368,106369.16061579368,0,2005-03-17 00:00:00,2005-03-17 00:00:00
PETR4,1.02,15,RNA,2005-02-18,1,1,0.0763636363636364,102000.0,102000.0,0,2005-02-18 00:00:00,2005-02-18 00:00:00
PETR4,1.02,15,RNA,2005-02-21,1,1,0.086021505376344,104040.0,104040.0,0,2005-02-21 00:00:00,2005-02-21 00:00:00
PETR4,1.02,15,RNA,2005-02-22,1,0,0.0706713780918726,104040.0,0,104040.0,2005-02-22 00:00:00,2005-02-24 00:00:00
PETR4,1.02,15,RNA,2005-02-23,1,0,0.0448275862068965,104040.0,0,104040.0,2005-02-22 00:00:00,2005-02-24 00:00:00
PETR4,1.02,15,RNA,2005-02-24,1,1,0.0271186440677964,106120.8,106120.8,0,2005-02-22 00:00:00,2005-02-24 00:00:00
PETR4,1.02,15,RNA,2005-02-25,0,0,0.0133779264214044,106120.8,0,106120.8,2005-02-25 00:00:00,2005-03-02 00:00:00
PETR4,1.02,15,RNA,2005-02-28,1,0,0.0616438356164383,106120.8,0,106120.8,2005-02-25 00:00:00,2005-03-02 00:00:00
PETR4,1.02,15,RNA,2005-03-01,1,0,0.0947368421052632,106120.8,0,106120.8,2005-02-25 00:00:00,2005-03-02 00:00:00
PETR4,1.02,15,RNA,2005-03-02,1,0,0.0505050505050503,111480.43636363636,111480.43636363636,0,2005-02-25 00:00:00,2005-03-02 00:00:00
PETR4,1.02,15,RNA,2005-03-03,1,0,0.0229508196721313,111480.43636363636,0,111480.43636363636,2005-03-03 00:00:00,2005-03-04 00:00:00
PETR4,1.02,15,RNA,2005-03-04,0,1,-0.0641025641025642,113710.04509090909,113710.04509090909,0,2005-03-03 00:00:00,2005-03-04 00:00:00
PETR4,1.02,15,RNA,2005-03-07,0,0,-0.0620915032679738,113710.04509090909,0,113710.04509090909,2005-03-07 00:00:00,2005-03-09 00:00:00
PETR4,1.02,15,RNA,2005-03-08,0,0,-0.0594059405940593,113710.04509090909,0,113710.04509090909,2005-03-07 00:00:00,2005-03-09 00:00:00
PETR4,1.02,15,RNA,2005-03-09,0,1,-0.0733333333333333,115984.24599272727,115984.24599272727,0,2005-03-07 00:00:00,2005-03-09 00:00:00
PETR4,1.02,15,RNA,2005-03-10,0,1,-0.0372881355932204,118303.93091258183,118303.93091258183,0,2005-03-10 00:00:00,2005-03-10 00:00:00
PETR4,1.02,15,RNA,2005-03-11,0,1,-0.003472222222222,120670.00953083347,120670.00953083347,0,2005-03-11 00:00:00,2005-03-11 00:00:00
PETR4,1.02,15,RNA,2005-03-14,0,0,-0.0139372822299651,120670.00953083347,0,120670.00953083347,2005-03-14 00:00:00,2005-03-15 00:00:00
PETR4,1.02,15,RNA,2005-03-15,1,1,0.0510948905109487,123083.40972145014,123083.40972145014,0,2005-03-14 00:00:00,2005-03-15 00:00:00
PETR4,1.02,15,RNA,2005-03-16,1,1,0.032258064516129,125545.07791587914,125545.07791587914,0,2005-03-16 00:00:00,2005-03-16 00:00:00
PETR4,1.02,15,RNA,2005-03-17,0,1,-0.0557491289198607,128055.97947419672,128055.97947419672,0,2005-03-17 00:00:00,2005-03-17 00:00:00
PETR4,1.02,15,Random Forest,2005-02-18,1,0,0.0763636363636364,100000.0,0,100000.0,2005-02-18 00:00:00,2005-02-22 00:00:00
PETR4,1.02,15,Random Forest,2005-02-21,1,0,0.086021505376344,100000.0,0,100000.0,2005-02-18 00:00:00,2005-02-22 00:00:00
PETR4,1.02,15,Random Forest,2005-02-22,1,1,0.0706713780918726,102000.0,102000.0,0,2005-02-18 00:00:00,2005-02-22 00:00:00
PETR4,1.02,15,Random Forest,2005-02-23,1,0,0.0448275862068965,102000.0,0,102000.0,2005-02-23 00:00:00,2005-02-28 00:00:00
PETR4,1.02,15,Random Forest,2005-02-24,1,0,0.0271186440677964,102000.0,0,102000.0,2005-02-23 00:00:00,2005-02-28 00:00:00
PETR4,1.02,15,Random Forest,2005-02-25,0,0,0.0133779264214044,102000.0,0,102000.0,2005-02-23 00:00:00,2005-02-28 00:00:00
PETR4,1.02,15,Random Forest,2005-02-28,1,0,0.0616438356164383,108287.67123287672,108287.67123287672,0,2005-02-23 00:00:00,2005-02-28 00:00:00
PETR4,1.02,15,Random Forest,2005-03-01,1,0,0.0947368421052632,108287.67123287672,0,108287.67123287672,2005-03-01 00:00:00,2005-03-04 00:00:00
PETR4,1.02,15,Random Forest,2005-03-02,1,0,0.0505050505050503,108287.67123287672,0,108287.67123287672,2005-03-01 00:00:00,2005-03-04 00:00:00
PETR4,1.02,15,Random Forest,2005-03-03,1,0,0.0229508196721313,108287.67123287672,0,108287.67123287672,2005-03-01 00:00:00,2005-03-04 00:00:00
PETR4,1.02,15,Random Forest,2005-03-04,0,0,-0.0641025641025642,101346.15384615384,101346.15384615384,0,2005-03-01 00:00:00,2005-03-04 00:00:00
PETR4,1.02,15,Random Forest,2005-03-07,0,0,-0.0620915032679738,101346.15384615384,0,101346.15384615384,2005-03-07 00:00:00,2005-03-09 00:00:00
PETR4,1.02,15,Random Forest,2005-03-08,0,0,-0.0594059405940593,101346.15384615384,0,101346.15384615384,2005-03-07 00:00:00,2005-03-09 00:00:00
PETR4,1.02,15,Random Forest,2005-03-09,0,1,-0.0733333333333333,103373.07692307692,103373.07692307692,0,2005-03-07 00:00:00,2005-03-09 00:00:00
PETR4,1.02,15,Random Forest,2005-03-10,0,1,-0.0372881355932204,105440.53846153847,105440.53846153847,0,2005-03-10 00:00:00,2005-03-10 00:00:00
PETR4,1.02,15,Random Forest,2005-03-11,0,0,-0.003472222222222,105440.53846153847,0,105440.53846153847,2005-03-11 00:00:00,2005-03-15 00:00:00
PETR4,1.02,15,Random Forest,2005-03-14,0,0,-0.0139372822299651,105440.53846153847,0,105440.53846153847,2005-03-11 00:00:00,2005-03-15 00:00:00
PETR4,1.02,15,Random Forest,2005-03-15,1,1,0.0510948905109487,107549.34923076924,107549.34923076924,0,2005-03-11 00:00:00,2005-03-15 00:00:00
PETR4,1.02,15,Random Forest,2005-03-16,1,1,0.032258064516129,109700.33621538462,109700.33621538462,0,2005-03-16 00:00:00,2005-03-16 00:00:00
PETR4,1.02,15,Random Forest,2005-03-17,0,1,-0.0557491289198607,111894.34293969232,111894.34293969232,0,2005-03-17 00:00:00,2005-03-17 00:00:00
PETR4,1.02,15,SVC,2005-02-18,1,1,0.0763636363636364,102000.0,102000.0,0,2005-02-18 00:00:00,2005-02-18 00:00:00
PETR4,1.02,15,SVC,2005-02-21,1,1,0.086021505376344,104040.0,104040.0,0,2005-02-21 00:00:00,2005-02-21 00:00:00
PETR4,1.02,15,SVC,2005-02-22,1,1,0.0706713780918726,106120.8,106120.8,0,2005-02-22 00:00:00,2005-02-22 00:00:00
PETR4,1.02,15,SVC,2005-02-23,1,0,0.0448275862068965,106120.8,0,106120.8,2005-02-23 00:00:00,2005-02-24 00:00:00
PETR4,1.02,15,SVC,2005-02-24,1,1,0.0271186440677964,108243.216,108243.216,0,2005-02-23 00:00:00,2005-02-24 00:00:00
PETR4,1.02,15,SVC,2005-02-25,0,0,0.0133779264214044,108243.216,0,108243.216,2005-02-25 00:00:00,2005-03-02 00:00:00
PETR4,1.02,15,SVC,2005-02-28,1,0,0.0616438356164383,108243.216,0,108243.216,2005-02-25 00:00:00,2005-03-02 00:00:00
PETR4,1.02,15,SVC,2005-03-01,1,0,0.0947368421052632,108243.216,0,108243.216,2005-02-25 00:00:00,2005-03-02 00:00:00
PETR4,1.02,15,SVC,2005-03-02,1,0,0.0505050505050503,113710.04509090907,113710.04509090907,0,2005-02-25 00:00:00,2005-03-02 00:00:00
PETR4,1.02,15,SVC,2005-03-03,1,0,0.0229508196721313,113710.04509090907,0,113710.04509090907,2005-03-03 00:00:00,2005-03-04 00:00:00
PETR4,1.02,15,SVC,2005-03-04,0,1,-0.0641025641025642,115984.24599272726,115984.24599272726,0,2005-03-03 00:00:00,2005-03-04 00:00:00
PETR4,1.02,15,SVC,2005-03-07,0,0,-0.0620915032679738,115984.24599272726,0,115984.24599272726,2005-03-07 00:00:00,2005-03-09 00:00:00
PETR4,1.02,15,SVC,2005-03-08,0,0,-0.0594059405940593,115984.24599272726,0,115984.24599272726,2005-03-07 00:00:00,2005-03-09 00:00:00
PETR4,1.02,15,SVC,2005-03-09,0,1,-0.0733333333333333,118303.93091258181,118303.93091258181,0,2005-03-07 00:00:00,2005-03-09 00:00:00
PETR4,1.02,15,SVC,2005-03-10,0,1,-0.0372881355932204,120670.00953083344,120670.00953083344,0,2005-03-10 00:00:00,2005-03-10 00:00:00
PETR4,1.02,15,SVC,2005-03-11,0,1,-0.003472222222222,123083.40972145011,123083.40972145011,0,2005-03-11 00:00:00,2005-03-11 00:00:00
PETR4,1.02,15,SVC,2005-03-14,0,0,-0.0139372822299651,123083.40972145011,0,123083.40972145011,2005-03-14 00:00:00,2005-03-15 00:00:00
PETR4,1.02,15,SVC,2005-03-15,1,1,0.0510948905109487,125545.07791587911,125545.07791587911,0,2005-03-14 00:00:00,2005-03-15 00:00:00
PETR4,1.02,15,SVC,2005-03-16,1,1,0.032258064516129,128055.97947419669,128055.97947419669,0,2005-03-16 00:00:00,2005-03-16 00:00:00
PETR4,1.02,15,SVC,2005-03-17,0,0,-0.0557491289198607,120916.97016553066,120916.97016553066,0,2005-03-17 00:00:00,2005-03-17 00:00:00
PETR4,1.02,20,RNA,2005-02-25,0,0,0.0133779264214044,100000.0,0,100000.0,2005-02-25 00:00:00,2005-03-02 00:00:00
PETR4,1.02,20,RNA,2005-02-28,1,0,0.0616438356164383,100000.0,0,100000.0,2005-02-25 00:00:00,2005-03-02 00:00:00
PETR4,1.02,20,RNA,2005-03-01,1,0,0.0947368421052632,100000.0,0,100000.0,2005-02-25 00:00:00,2005-03-02 00:00:00
PETR4,1.02,20,RNA,2005-03-02,1,1,0.0505050505050503,102000.0,102000.0,0,2005-02-25 00:00:00,2005-03-02 00:00:00
PETR4,1.02,20,RNA,2005-03-03,1,0,0.0229508196721313,102000.0,0,102000.0,2005-03-03 00:00:00,2005-03-08 00:00:00
PETR4,1.02,20,RNA,2005-03-04,0,0,-0.0641025641025642,102000.0,0,102000.0,2005-03-03 00:00:00,2005-03-08 00:00:00
PETR4,1.02,20,RNA,2005-03-07,0,0,-0.0620915032679738,102000.0,0,102000.0,2005-03-03 00:00:00,2005-03-08 00:00:00
PETR4,1.02,20,RNA,2005-03-08,0,0,-0.0594059405940593,95940.59405940595,95940.59405940595,0,2005-03-03 00:00:00,2005-03-08 00:00:00
PETR4,1.02,20,RNA,2005-03-09,0,1,-0.0733333333333333,97859.40594059406,97859.40594059406,0,2005-03-09 00:00:00,2005-03-09 00:00:00
PETR4,1.02,20,RNA,2005-03-10,0,1,-0.0372881355932204,99816.59405940595,99816.59405940595,0,2005-03-10 00:00:00,2005-03-10 00:00:00
PETR4,1.02,20,RNA,2005-03-11,0,1,-0.003472222222222,101812.92594059407,101812.92594059407,0,2005-03-11 00:00:00,2005-03-11 00:00:00
PETR4,1.02,20,RNA,2005-03-14,0,1,-0.0139372822299651,103849.18445940595,103849.18445940595,0,2005-03-14 00:00:00,2005-03-14 00:00:00
PETR4,1.02,20,RNA,2005-03-15,1,1,0.0510948905109487,105926.16814859408,105926.16814859408,0,2005-03-15 00:00:00,2005-03-15 00:00:00
PETR4,1.02,20,RNA,2005-03-16,1,1,0.032258064516129,108044.69151156596,108044.69151156596,0,2005-03-16 00:00:00,2005-03-16 00:00:00
PETR4,1.02,20,RNA,2005-03-17,0,0,-0.0557491289198607,102021.2940753811,102021.2940753811,0,2005-03-17 00:00:00,2005-03-17 00:00:00
PETR4,1.02,20,Random Forest,2005-02-25,0,0,0.0133779264214044,100000.0,0,100000.0,2005-02-25 00:00:00,2005-03-02 00:00:00
PETR4,1.02,20,Random Forest,2005-02-28,1,0,0.0616438356164383,100000.0,0,100000.0,2005-02-25 00:00:00,2005-03-02 00:00:00
PETR4,1.02,20,Random Forest,2005-03-01,1,0,0.0947368421052632,100000.0,0,100000.0,2005-02-25 00:00:00,2005-03-02 00:00:00
PETR4,1.02,20,Random Forest,2005-03-02,1,0,0.0505050505050503,105050.50505050505,105050.50505050505,0,2005-02-25 00:00:00,2005-03-02 00:00:00
PETR4,1.02,20,Random Forest,2005-03-03,1,0,0.0229508196721313,105050.50505050505,0,105050.50505050505,2005-03-03 00:00:00,2005-03-08 00:00:00
PETR4,1.02,20,Random Forest,2005-03-04,0,0,-0.0641025641025642,105050.50505050505,0,105050.50505050505,2005-03-03 00:00:00,2005-03-08 00:00:00
PETR4,1.02,20,Random Forest,2005-03-07,0,0,-0.0620915032679738,105050.50505050505,0,105050.50505050505,2005-03-03 00:00:00,2005-03-08 00:00:00
PETR4,1.02,20,Random Forest,2005-03-08,0,0,-0.0594059405940593,98809.88098809881,98809.88098809881,0,2005-03-03 00:00:00,2005-03-08 00:00:00
PETR4,1.02,20,Random Forest,2005-03-09,0,1,-0.0733333333333333,100786.07860786079,100786.07860786079,0,2005-03-09 00:00:00,2005-03-09 00:00:00
PETR4,1.02,20,Random Forest,2005-03-10,0,1,-0.0372881355932204,102801.800180018,102801.800180018,0,2005-03-10 00:00:00,2005-03-10 00:00:00
PETR4,1.02,20,Random Forest,2005-03-11,0,1,-0.003472222222222,104857.83618361836,104857.83618361836,0,2005-03-11 00:00:00,2005-03-11 00:00:00
PETR4,1.02,20,Random Forest,2005-03-14,0,0,-0.0139372822299651,104857.83618361836,0,104857.83618361836,2005-03-14 00:00:00,2005-03-15 00:00:00
PETR4,1.02,20,Random Forest,2005-03-15,1,1,0.0510948905109487,106954.99290729073,106954.99290729073,0,2005-03-14 00:00:00,2005-03-15 00:00:00
PETR4,1.02,20,Random Forest,2005-03-16,1,1,0.032258064516129,109094.09276543654,109094.09276543654,0,2005-03-16 00:00:00,2005-03-16 00:00:00
PETR4,1.02,20,Random Forest,2005-03-17,0,0,-0.0557491289198607,103012.19212346098,103012.19212346098,0,2005-03-17 00:00:00,2005-03-17 00:00:00
PETR4,1.02,20,SVC,2005-02-25,0,0,0.0133779264214044,100000.0,0,100000.0,2005-02-25 00:00:00,2005-03-02 00:00:00
PETR4,1.02,20,SVC,2005-02-28,1,0,0.0616438356164383,100000.0,0,100000.0,2005-02-25 00:00:00,2005-03-02 00:00:00
PETR4,1.02,20,SVC,2005-03-01,1,0,0.0947368421052632,100000.0,0,100000.0,2005-02-25 00:00:00,2005-03-02 00:00:00
PETR4,1.02,20,SVC,2005-03-02,1,0,0.0505050505050503,105050.50505050505,105050.50505050505,0,2005-02-25 00:00:00,2005-03-02 00:00:00
PETR4,1.02,20,SVC,2005-03-03,1,0,0.0229508196721313,105050.50505050505,0,105050.50505050505,2005-03-03 00:00:00,2005-03-08 00:00:00
PETR4,1.02,20,SVC,2005-03-04,0,0,-0.0641025641025642,105050.50505050505,0,105050.50505050505,2005-03-03 00:00:00,2005-03-08 00:00:00
PETR4,1.02,20,SVC,2005-03-07,0,0,-0.0620915032679738,105050.50505050505,0,105050.50505050505,2005-03-03 00:00:00,2005-03-08 00:00:00
PETR4,1.02,20,SVC,2005-03-08,0,0,-0.0594059405940593,98809.88098809881,98809.88098809881,0,2005-03-03 00:00:00,2005-03-08 00:00:00
PETR4,1.02,20,SVC,2005-03-09,0,1,-0.0733333333333333,100786.07860786079,100786.07860786079,0,2005-03-09 00:00:00,2005-03-09 00:00:00
PETR4,1.02,20,SVC,2005-03-10,0,1,-0.0372881355932204,102801.800180018,102801.800180018,0,2005-03-10 00:00:00,2005-03-10 00:00:00
PETR4,1.02,20,SVC,2005-03-11,0,1,-0.003472222222222,104857.83618361836,104857.83618361836,0,2005-03-11 00:00:00,2005-03-11 00:00:00
PETR4,1.02,20,SVC,2005-03-14,0,0,-0.0139372822299651,104857.83618361836,0,104857.83618361836,2005-03-14 00:00:00,2005-03-15 00:00:00
PETR4,1.02,20,SVC,2005-03-15,1,1,0.0510948905109487,106954.99290729073,106954.99290729073,0,2005-03-14 00:00:00,2005-03-15 00:00:00
PETR4,1.02,20,SVC,2005-03-16,1,0,0.032258064516129,106954.99290729073,0,106954.99290729073,2005-03-16 00:00:00,2005-03-17 00:00:00
PETR4,1.02,20,SVC,2005-03-17,0,0,-0.0557491289198607,100992.34521907939,100992.34521907939,0,2005-03-16 00:00:00,2005-03-17 00:00:00
PETR4,1.02,25,RNA,2005-03-04,0,1,-0.0641025641025642,102000.0,102000.0,0,2005-03-04 00:00:00,2005-03-04 00:00:00
PETR4,1.02,25,RNA,2005-03-07,0,0,-0.0620915032679738,102000.0,0,102000.0,2005-03-07 00:00:00,2005-03-09 00:00:00
PETR4,1.02,25,RNA,2005-03-08,0,0,-0.0594059405940593,102000.0,0,102000.0,2005-03-07 00:00:00,2005-03-09 00:00:00
PETR4,1.02,25,RNA,2005-03-09,0,1,-0.0733333333333333,104040.0,104040.0,0,2005-03-07 00:00:00,2005-03-09 00:00:00
PETR4,1.02,25,RNA,2005-03-10,0,1,-0.0372881355932204,106120.8,106120.8,0,2005-03-10 00:00:00,2005-03-10 00:00:00
PETR4,1.02,25,RNA,2005-03-11,0,1,-0.003472222222222,108243.216,108243.216,0,2005-03-11 00:00:00,2005-03-11 00:00:00
PETR4,1.02,25,RNA,2005-03-14,0,1,-0.0139372822299651,110408.08032000001,110408.08032000001,0,2005-03-14 00:00:00,2005-03-14 00:00:00
PETR4,1.02,25,RNA,2005-03-15,1,1,0.0510948905109487,112616.2419264,112616.2419264,0,2005-03-15 00:00:00,2005-03-15 00:00:00
PETR4,1.02,25,RNA,2005-03-16,1,1,0.032258064516129,114868.56676492801,114868.56676492801,0,2005-03-16 00:00:00,2005-03-16 00:00:00
PETR4,1.02,25,RNA,2005-03-17,0,1,-0.0557491289198607,117165.93810022657,117165.93810022657,0,2005-03-17 00:00:00,2005-03-17 00:00:00
PETR4,1.02,25,Random Forest,2005-03-04,0,0,-0.0641025641025642,100000.0,0,100000.0,2005-03-04 00:00:00,2005-03-09 00:00:00
PETR4,1.02,25,Random Forest,2005-03-07,0,0,-0.0620915032679738,100000.0,0,100000.0,2005-03-04 00:00:00,2005-03-09 00:00:00
PETR4,1.02,25,Random Forest,2005-03-08,0,0,-0.0594059405940593,100000.0,0,100000.0,2005-03-04 00:00:00,2005-03-09 00:00:00
PETR4,1.02,25,Random Forest,2005-03-09,0,1,-0.0733333333333333,102000.0,102000.0,0,2005-03-04 00:00:00,2005-03-09 00:00:00
PETR4,1.02,25,Random Forest,2005-03-10,0,1,-0.0372881355932204,104040.0,104040.0,0,2005-03-10 00:00:00,2005-03-10 00:00:00
PETR4,1.02,25,Random Forest,2005-03-11,0,0,-0.003472222222222,104040.0,0,104040.0,2005-03-11 00:00:00,2005-03-15 00:00:00
PETR4,1.02,25,Random Forest,2005-03-14,0,0,-0.0139372822299651,104040.0,0,104040.0,2005-03-11 00:00:00,2005-03-15 00:00:00
PETR4,1.02,25,Random Forest,2005-03-15,1,1,0.0510948905109487,106120.8,106120.8,0,2005-03-11 00:00:00,2005-03-15 00:00:00
PETR4,1.02,25,Random Forest,2005-03-16,1,1,0.032258064516129,108243.216,108243.216,0,2005-03-16 00:00:00,2005-03-16 00:00:00
PETR4,1.02,25,Random Forest,2005-03-17,0,1,-0.0557491289198607,110408.08032000001,110408.08032000001,0,2005-03-17 00:00:00,2005-03-17 00:00:00
PETR4,1.02,25,SVC,2005-03-04,0,1,-0.0641025641025642,102000.0,102000.0,0,2005-03-04 00:00:00,2005-03-04 00:00:00
PETR4,1.02,25,SVC,2005-03-07,0,1,-0.0620915032679738,104040.0,104040.0,0,2005-03-07 00:00:00,2005-03-07 00:00:00
PETR4,1.02,25,SVC,2005-03-08,0,0,-0.0594059405940593,104040.0,0,104040.0,2005-03-08 00:00:00,2005-03-09 00:00:00
PETR4,1.02,25,SVC,2005-03-09,0,1,-0.0733333333333333,106120.8,106120.8,0,2005-03-08 00:00:00,2005-03-09 00:00:00
PETR4,1.02,25,SVC,2005-03-10,0,1,-0.0372881355932204,108243.216,108243.216,0,2005-03-10 00:00:00,2005-03-10 00:00:00
PETR4,1.02,25,SVC,2005-03-11,0,0,-0.003472222222222,108243.216,0,108243.216,2005-03-11 00:00:00,2005-03-15 00:00:00
PETR4,1.02,25,SVC,2005-03-14,0,0,-0.0139372822299651,108243.216,0,108243.216,2005-03-11 00:00:00,2005-03-15 00:00:00
PETR4,1.02,25,SVC,2005-03-15,1,1,0.0510948905109487,110408.08032000001,110408.08032000001,0,2005-03-11 00:00:00,2005-03-15 00:00:00
PETR4,1.02,25,SVC,2005-03-16,1,1,0.032258064516129,112616.2419264,112616.2419264,0,2005-03-16 00:00:00,2005-03-16 00:00:00
PETR4,1.02,25,SVC,2005-03-17,0,0,-0.0557491289198607,106337.98453677491,106337.98453677491,0,2005-03-17 00:00:00,2005-03-17 00:00:00
