Exchange Date,Close,Open,Low,High,Volume,data_adicional,ibov_status,r1,r2,r3,r4,r5,r6,r7,r8,r9,r10,r11,r12,r13,r14,r15,Momentum,RSI,Parabolic_SAR,ATR,True_Range,Chaikin_AD,OBV,compra,maximo,venda,target,resultado_real
2005-02-16,2.87,2.92,2.87,2.93,106406491.0,0,1.0,-0.020690393257446166,0.010291686036547724,0.03509131981127019,0.0,0.0034188067487856823,0.013745920904635136,0.04181793968332162,0.04538300584781775,0.017153079226249493,0.03152625364677395,0.007117467768863955,-0.017271586508660595,0.0,-0.003565066164496257,-0.014388737452099669,0.3500000000000001,74.2857142857143,2.43,0.07071428571428573,0.06000000000000005,252732531.58333802,113289602.0,2.89,2.93,2.86,0,-0.01038062283737029
2005-02-17,2.89,2.89,2.86,2.93,114153237.0,0,1.0,0.006944472352810995,-0.020690393257446166,0.010291686036547724,0.03509131981127019,0.013745920904635136,0.0034188067487856823,0.013745920904635136,0.04181793968332162,0.0034188067487856823,0.017153079226249493,0.03152625364677395,-0.010434877292579619,-0.017271586508660595,0.0,-0.003565066164496257,0.31000000000000005,75.05330490405122,2.43,0.07066326530612248,0.07000000000000028,236424926.29762414,227442839.0,2.89,2.89,2.86,0,-0.01038062283737029
2005-02-18,2.8,2.89,2.8,2.89,52964387.0,0,1.0,-0.0316370849431827,0.006944472352810995,-0.020690393257446166,0.010291686036547724,0.0,0.0,-0.010327114155849517,0.0,0.013745920904635136,0.0034188067487856823,0.017153079226249493,-0.0316370849431827,-0.010434877292579619,-0.017271586508660595,0.0,0.1499999999999999,65.56813297033959,2.43,0.07204446064139947,0.0900000000000003,183460539.29762414,174478452.0,2.81,3.02,2.89,1,0.07473309608540935
2005-02-21,2.79,2.81,2.77,2.85,59997880.0,0,1.0,-0.003577821347883855,-0.0316370849431827,0.006944472352810995,-0.020690393257446166,0.014134510934904716,-0.013937507843781624,-0.013937507843781624,-0.024264621999631208,0.0,0.013745920904635136,0.0034188067487856823,-0.01433716314640733,-0.0316370849431827,-0.010434877292579619,-0.017271586508660595,0.04999999999999982,64.59136364129905,2.43,0.07261271345272809,0.08000000000000007,153461599.29762414,114480572.0,2.82,3.02,2.89,1,0.07092198581560294
2005-02-22,2.86,2.82,2.79,2.89,121202432.0,0,1.0,0.024780028998486865,-0.003577821347883855,-0.0316370849431827,0.006944472352810995,0.02451961717431866,0.028072018778686522,0.0,0.0,0.014134510934904716,0.0,0.013745920904635136,-0.010695289116747919,-0.01433716314640733,-0.0316370849431827,-0.010434877292579619,0.020000000000000018,68.16630536071901,2.43,0.07456894820610464,0.10000000000000009,201942572.09762362,235683004.0,2.89,3.02,3.02,1,0.04498269896193774
2005-02-23,2.86,2.89,2.84,2.89,65761889.0,0,1.0,0.0,0.024780028998486865,-0.003577821347883855,-0.0316370849431827,0.0,0.02451961717431866,0.028072018778686522,0.0,0.02451961717431866,0.014134510934904716,0.0,-0.017452449951226166,-0.010695289116747919,-0.01433716314640733,-0.0316370849431827,0.04999999999999982,68.16630536071901,2.43,0.07281402333424004,0.050000000000000266,188790194.2976234,235683004.0,2.88,3.02,3.02,1,0.04861111111111116
2005-02-24,3.0,2.88,2.88,3.02,111824442.0,0,1.0,0.04779066383634848,0.0,0.024780028998486865,-0.003577821347883855,0.04746653723892375,0.0440003292624375,0.06851994643675614,0.07207234804112396,0.0,0.02451961717431866,0.014134510934904716,0.0,-0.017452449951226166,-0.010695289116747919,-0.01433716314640733,0.20000000000000018,74.20670814469511,2.43,0.07904159309608005,0.16000000000000014,268664795.7261948,347507446.0,3.01,3.02,2.96,0,-0.01661129568106301
2005-02-25,2.96,3.01,2.95,3.02,93148786.0,0,1.0,-0.013423020332140661,0.04779066383634848,0.0,0.024780028998486865,0.003316752625994042,0.04746653723892375,0.0440003292624375,0.06851994643675614,0.04746653723892375,0.0,0.02451961717431866,-0.02013490840905581,0.0,-0.017452449951226166,-0.010695289116747919,0.16000000000000014,70.11320336476838,2.43,0.0783957650177886,0.06999999999999984,202129948.58333716,254358660.0,2.97,3.08,3.08,1,0.03703703703703698
2005-02-28,2.91,2.97,2.88,2.97,77751923.0,0,1.0,-0.017036187152567852,-0.013423020332140661,0.04779066383634848,0.0,0.0,-0.013378125946175974,0.030771658666753687,0.02730545069026744,0.003316752625994042,0.04746653723892375,0.0,-0.030771658666753774,-0.02013490840905581,0.0,-0.017452449951226166,0.010000000000000231,65.26659645309097,2.43,0.07922463894508944,0.0900000000000003,176212640.91667074,176606737.0,2.88,3.18,2.95,1,0.10416666666666674
2005-03-01,2.93,2.88,2.87,2.95,165157233.0,0,1.0,0.006849341845574768,-0.017036187152567852,-0.013423020332140661,0.04779066383634848,0.02401487620387392,-0.0067567824628797625,-0.02013490840905581,0.02401487620387392,0.0,0.003316752625994042,0.04746653723892375,-0.003478264376324697,-0.030771658666753774,-0.02013490840905581,0.0,0.0,66.27095034528075,2.43,0.07928002187758305,0.08000000000000007,258791257.41667074,341763970.0,2.94,3.18,3.08,1,0.08163265306122458
2005-03-02,2.96,2.94,2.92,2.97,137461723.0,0,1.0,0.010186845306992997,0.006849341845574768,-0.017036187152567852,-0.013423020332140661,0.010152371464018128,0.030771658666753687,0.0,-0.013378125946175974,0.02401487620387392,0.0,0.003316752625994042,-0.006825965070399871,-0.003478264376324697,-0.030771658666753774,-0.02013490840905581,0.08999999999999986,67.77614564392526,2.43,0.07718859174347001,0.050000000000000266,341268291.21666974,479225693.0,3.0,3.18,3.08,1,0.06000000000000005
2005-03-03,3.07,3.0,2.99,3.08,100269850.0,0,1.0,0.036488293263136684,0.010186845306992997,0.006849341845574768,-0.017036187152567852,0.026317308317373358,0.04652001563489291,0.06713930283762852,0.03636764417087479,0.010152371464018128,0.02401487620387392,0.0,-0.0033389012655145986,-0.006825965070399871,-0.003478264376324697,-0.030771658666753774,0.17999999999999972,72.60379075490825,2.43,0.0802465494760793,0.1200000000000001,419255952.3277803,579495543.0,3.1,3.18,3.18,1,0.02580645161290329
2005-03-04,3.15,3.1,3.1,3.18,152690086.0,0,1.0,0.02572489123843592,0.036488293263136684,0.010186845306992997,0.006849341845574768,0.025479085300984968,0.058268908123975824,0.07847161544149531,0.09909090264423097,0.026317308317373358,0.010152371464018128,0.02401487620387392,0.0,-0.0033389012655145986,-0.006825965070399871,-0.003478264376324697,0.3500000000000001,75.48082890174146,2.43,0.08237179594207367,0.11000000000000032,457428473.8277795,732185629.0,3.13,3.15,3.06,0,-0.022364217252396124
2005-03-07,3.13,3.13,3.13,3.15,116285752.0,0,1.0,-0.006369448285479823,0.02572489123843592,0.036488293263136684,0.010186845306992997,0.0063694482854799285,0.01600034134644112,0.04879016416943205,0.06899287148695142,0.025479085300984968,0.026317308317373358,0.010152371464018128,0.0,0.0,-0.0033389012655145986,-0.006825965070399871,0.33999999999999986,73.40540006036812,2.43,0.07791666766049699,0.020000000000000018,341142721.8277795,615899877.0,3.13,3.14,3.04,0,-0.02875399361022357
2005-03-08,3.13,3.13,3.1,3.13,60862119.0,0,1.0,0.0,-0.006369448285479823,0.02572489123843592,0.036488293263136684,0.0,0.0,0.009630893060961146,0.042420715883952055,0.0063694482854799285,0.025479085300984968,0.026317308317373358,-0.009630893060961189,0.0,0.0,-0.0033389012655145986,0.27,73.40540006036812,2.43,0.07449404854189004,0.029999999999999805,402004840.8277795,615899877.0,3.09,3.14,3.0,0,-0.029126213592232997
2005-03-09,3.07,3.09,3.02,3.14,64682647.0,0,1.0,-0.01935544295295609,0.0,-0.006369448285479823,0.02572489123843592,0.016051709010508043,0.003189795368100302,0.003189795368100302,0.012820688429061469,0.0,0.0063694482854799285,0.025479085300984968,-0.022914259522875777,-0.009630893060961189,0.0,0.0,0.20999999999999996,66.99609021706097,2.43,0.07774447364604076,0.1200000000000001,391224399.66111255,551217230.0,3.07,3.09,2.97,0,-0.032573289902280034
2005-03-10,3.06,3.07,3.04,3.09,62294062.0,0,1.0,-0.0032626456348162714,-0.01935544295295609,0.0,-0.006369448285479823,0.0064935293105483115,0.0,-0.01286191364240781,-0.01286191364240781,0.016051709010508043,0.0,0.0063694482854799285,-0.009820046180975348,-0.022914259522875777,-0.009630893060961189,0.0,0.06000000000000005,65.9623467257297,2.43,0.0757627255284664,0.04999999999999982,378765587.26111275,488923168.0,3.09,3.09,3.02,0,-0.02265372168284785
2005-03-11,3.04,3.09,3.01,3.09,88128831.0,0,1.0,-0.006557400546159052,-0.0032626456348162714,-0.01935544295295609,0.0,0.0,0.0064935293105483115,0.0,-0.01286191364240781,0.0064935293105483115,0.016051709010508043,0.0,-0.02623101214886976,-0.009820046180975348,-0.022914259522875777,-0.009630893060961189,0.08000000000000007,63.840687813895094,2.43,0.07606538799071881,0.08000000000000007,356733379.5111132,400794337.0,3.0,3.04,3.04,0,0.01333333333333342
2005-03-14,3.0,3.0,3.0,3.04,78799156.0,0,1.0,-0.01324522675002068,-0.006557400546159052,-0.0032626456348162714,-0.01935544295295609,0.013245226750020723,-0.016313575491523683,-0.009820046180975348,-0.016313575491523683,0.0,0.0064935293105483115,0.016051709010508043,0.0,-0.02623101214886976,-0.009820046180975348,-0.022914259522875777,0.08999999999999986,59.70449143334841,2.43,0.0734892888485246,0.040000000000000036,277934223.5111132,321995181.0,3.04,3.04,2.96,0,-0.02631578947368418
2005-03-15,2.97,3.04,2.96,3.04,89471995.0,0,1.0,-0.010050335853501338,-0.01324522675002068,-0.006557400546159052,-0.0032626456348162714,0.0,0.013245226750020723,-0.016313575491523683,-0.009820046180975348,0.013245226750020723,0.0,0.0064935293105483115,-0.026668247082161294,0.0,-0.02623101214886976,-0.009820046180975348,0.040000000000000036,56.735529352742006,2.43,0.07395433964505857,0.08000000000000007,210830227.26111373,232523186.0,2.95,3.04,3.02,1,0.03050847457627115
2005-03-16,3.02,2.95,2.93,3.02,42018567.0,0,1.0,0.016694878572170054,-0.010050335853501338,-0.01324522675002068,-0.006557400546159052,0.023451661035049663,-0.006600684031352024,0.006644542718668511,-0.022914259522875777,0.0,0.013245226750020723,0.0,-0.006802747322752523,-0.026668247082161294,0.0,-0.02623101214886976,0.06000000000000005,60.280666438844165,2.43,0.0751004582418401,0.08999999999999986,252848794.26111373,274541753.0,3.01,3.04,2.82,0,-0.06312292358803984
2005-03-17,3.04,3.01,2.95,3.04,60815011.0,0,1.0,0.006600684031352093,0.016694878572170054,-0.010050335853501338,-0.01324522675002068,0.009917436657346144,0.030052345066401837,0.0,0.013245226750020723,0.023451661035049663,0.0,0.013245226750020723,-0.02013490840905581,-0.006802747322752523,-0.026668247082161294,0.0,-0.029999999999999805,61.63486709784197,2.43,0.0761647112245658,0.08999999999999986,313663805.26111376,335356764.0,3.01,3.03,2.74,0,-0.08970099667774067
2005-03-18,2.96,3.01,2.93,3.03,80740825.0,0,1.0,-0.026668247082161294,0.006600684031352093,0.016694878572170054,-0.010050335853501338,0.006622540760493457,0.006622540760493457,0.026757449169549117,-0.0032948958968526494,0.009917436657346144,0.023451661035049663,0.0,-0.026937655731808258,-0.02013490840905581,-0.006802747322752523,-0.026668247082161294,-0.18999999999999995,53.74192430000875,2.43,0.07858151756566824,0.10999999999999988,281367475.26111364,254615939.0,2.96,2.96,2.86,0,-0.03378378378378377
2005-03-21,2.86,2.96,2.85,2.96,50721955.0,0,1.0,-0.03436764350420777,-0.026668247082161294,0.006600684031352093,0.016694878572170054,0.0,-0.01675081042481524,-0.01675081042481524,0.003384097984240494,0.006622540760493457,0.009917436657346144,0.023451661035049663,-0.03787027405540985,-0.026937655731808258,-0.02013490840905581,-0.006802747322752523,-0.27,45.839706178690406,2.43,0.08082569488240621,0.10999999999999988,239867693.8974771,203893984.0,2.86,2.92,2.92,1,0.020979020979021046
2005-03-22,2.82,2.86,2.81,2.92,73257396.0,0,1.0,-0.014084739881738972,-0.03436764350420777,-0.026668247082161294,0.006600684031352093,0.020761991448429225,-0.013605652055778598,-0.030356462480593954,-0.030356462480593954,0.0,0.006622540760493457,0.009917436657346144,-0.01763714148610673,-0.03787027405540985,-0.026937655731808258,-0.02013490840905581,-0.31000000000000005,43.109156985431795,2.43,0.08290957381937718,0.10999999999999988,179929824.44293135,130636588.0,2.79,2.87,2.87,1,0.028673835125448077
2005-03-23,2.74,2.79,2.74,2.82,109101878.0,0,1.0,-0.028778964550043175,-0.014084739881738972,-0.03436764350420777,-0.026668247082161294,0.01069528911674795,-0.014084739881738972,-0.04845238338594686,-0.0652031938107621,0.020761991448429225,0.0,0.006622540760493457,-0.01808367543329535,-0.01763714148610673,-0.03787027405540985,-0.026937655731808258,-0.3299999999999996,38.20721425854378,2.43,0.08270174711799307,0.07999999999999963,70827946.44293135,21534710.0,2.74,2.87,2.87,1,0.04744525547445244
2005-03-24,2.86,2.74,2.74,2.87,95908190.0,0,1.0,0.042863704431782314,-0.028778964550043175,-0.014084739881738972,-0.03436764350420777,0.046354109371550774,0.028270433938255526,0.0034904049397685676,-0.03087723856443923,0.01069528911674795,0.020761991448429225,0.0,0.0,-0.01808367543329535,-0.01763714148610673,-0.03787027405540985,-0.20000000000000018,47.796276279370275,2.43,0.08608019375242212,0.1299999999999999,151981030.28908485,117442900.0,2.83,2.86,2.82,0,-0.0035335689045937757
2005-03-28,2.79,2.83,2.78,2.86,52199194.0,0,1.0,-0.02478002899848685,0.042863704431782314,-0.028778964550043175,-0.014084739881738972,0.01054491317661482,0.042863704431782314,0.024780028998486865,0.0,0.046354109371550774,0.01069528911674795,0.020761991448429225,-0.017825783952600687,0.0,-0.01808367543329535,-0.01763714148610673,-0.25,43.55071494516907,2.43,0.0856458941986777,0.08000000000000007,112831634.78908513,65243706.0,2.8,2.87,2.87,1,0.025000000000000133
2005-03-29,2.73,2.8,2.73,2.83,130739259.0,0,1.0,-0.021739986636405875,-0.02478002899848685,0.042863704431782314,-0.028778964550043175,0.010657294473988199,0.0,0.03231879125516731,0.01423511582187191,0.01054491317661482,0.046354109371550774,0.01069528911674795,-0.025317807984289783,-0.017825783952600687,0.0,-0.01808367543329535,-0.27,40.25044379150186,2.43,0.08667118747020074,0.10000000000000009,-17907624.210914865,-65495553.0,2.74,2.87,2.82,1,0.04744525547445244
2005-03-30,2.78,2.74,2.73,2.79,58062250.0,0,1.0,0.01814931850567727,-0.021739986636405875,-0.02478002899848685,0.042863704431782314,0.018083675433295327,-0.003577821347883855,-0.014235115821871985,0.018083675433295327,0.010657294473988199,0.01054491317661482,0.046354109371550774,-0.0036563112031105433,-0.025317807984289783,-0.017825783952600687,0.0,-0.1900000000000004,44.055123410439535,2.43,0.08476610265090069,0.06000000000000005,20800542.455751374,-7433303.0,2.78,2.87,2.87,1,0.03237410071942448
2005-03-31,2.82,2.78,2.78,2.82,101763999.0,0,1.0,0.014285957247476434,0.01814931850567727,-0.021739986636405875,-0.02478002899848685,0.014285957247476434,0.028778964550043327,0.007117467768863955,-0.0035398267051241737,0.018083675433295327,0.010657294473988199,0.01054491317661482,0.0,-0.0036563112031105433,-0.025317807984289783,-0.017825783952600687,-0.20000000000000018,46.964657540082065,2.43,0.08156852389012206,0.040000000000000036,122564541.45575137,94330696.0,2.82,2.87,2.77,0,-0.01773049645390068
2005-04-01,2.81,2.82,2.81,2.87,60545654.0,0,1.0,-0.003552401604367772,0.014285957247476434,0.01814931850567727,-0.021739986636405875,0.01757514482150771,0.031861102068984064,0.046354109371550774,0.024692612590371633,0.014285957247476434,0.018083675433295327,0.010657294473988199,-0.003552401604367772,0.0,-0.0036563112031105433,-0.025317807984289783,-0.22999999999999998,46.31614226912895,2.43,0.08002791504082764,0.06000000000000005,62018887.455751374,33785042.0,2.81,2.82,2.78,0,-0.01067615658362997
2005-04-04,2.78,2.81,2.76,2.81,40105886.0,0,1.0,-0.010733555643108777,-0.003552401604367772,0.014285957247476434,0.01814931850567727,0.0,-0.003552401604367772,0.010733555643108851,0.025226562945675563,0.01757514482150771,0.014285957247476434,0.018083675433295327,-0.01795380361659582,-0.003552401604367772,0.0,-0.0036563112031105433,-0.18000000000000016,44.33811527761692,2.43,0.07788306396648283,0.050000000000000266,53997710.25575123,-6320844.0,2.77,,,0,
2005-04-05,2.77,2.77,2.76,2.82,70562613.0,0,1.0,-0.0036036075032985443,-0.010733555643108777,-0.003552401604367772,0.014285957247476434,0.017889564750775123,0.0035524016043677006,0.0,0.014285957247476434,0.0,0.01757514482150771,0.014285957247476434,-0.0036166404701885504,-0.01795380361659582,-0.003552401604367772,0.0,-0.08999999999999986,43.668642451175906,2.43,0.0766057022545912,0.06000000000000005,6955968.2557517495,-76883457.0,2.77,,,0,
2005-04-06,2.77,2.77,2.76,2.8,68092496.0,0,1.0,0.0,-0.0036036075032985443,-0.010733555643108777,-0.003552401604367772,0.01077209698191104,0.01077209698191104,-0.003565066164496257,-0.0071174677688639896,0.017889564750775123,0.0,0.01757514482150771,-0.0036166404701885504,-0.0036166404701885504,-0.01795380361659582,-0.003552401604367772,-0.04999999999999982,43.668642451175906,2.43,0.07399100923640611,0.040000000000000036,-27090279.744247496,-76883457.0,2.77,,,0,
2005-04-07,2.78,2.77,2.76,2.78,68142019.0,0,1.0,0.0036036075032983964,0.0,-0.0036036075032985443,-0.010733555643108777,0.0036036075032983964,0.0036036075032983964,0.0036036075032983964,-0.010733555643108777,0.01077209698191104,0.017889564750775123,0.0,-0.0036166404701885504,-0.0036166404701885504,-0.0036166404701885504,-0.01795380361659582,0.03999999999999959,44.63811597633457,2.43,0.07013450857666283,0.020000000000000018,41051739.255752504,-8741438.0,,,,0,
