Exchange Date,Close,Open,Low,High,Volume
2-jan.-2020,"9,128804","9,072306","9,012835","9,128804",37774500.0
3-jan.-2020,"9,054465","9,182328","9,054465","9,289375",71595600.0
6-jan.-2020,"9,161513","9,048518","8,905787","9,200169",81844000.0
7-jan.-2020,"9,12583","9,164486","9,060412","9,182328",32822000.0
8-jan.-2020,"9,069333","9,12583","8,99202","9,149618",48215600.0
9-jan.-2020,"9,039597","9,060412","8,994994","9,105015",36102700.0
10-jan.-2020,"9,000941","9,036624","8,959311","9,051491",25397500.0
13-jan.-2020,"9,018782","9,024729","8,9831","9,048518",30676800.0
14-jan.-2020,"8,920655","8,989047","8,852263","9,000941",39796500.0
15-jan.-2020,"8,786845","8,890919","8,783872","8,89984",34405700.0
16-jan.-2020,"8,777925","8,801713","8,721427","8,831448",28997400.0
17-jan.-2020,"8,876052","8,837396","8,783872","8,876052",34908000.0
20-jan.-2020,"8,920655","8,831448","8,816581","8,950391",31241400.0
21-jan.-2020,"8,80766","8,861184","8,786845","8,902814",28577400.0
22-jan.-2020,"8,709533","8,840369","8,703586","8,864158",32491500.0
23-jan.-2020,"8,801713","8,650062","8,569776","8,84929",53752100.0
24-jan.-2020,"8,712506","8,789819","8,66493","8,855237",36898700.0
27-jan.-2020,"8,334865","8,513278","8,227817","8,516252",66105300.0
28-jan.-2020,"8,563829","8,453807","8,450834","8,66493",47259100.0
29-jan.-2020,"8,578697","8,6233","8,525173","8,647088",42297500.0
30-jan.-2020,"8,605459","8,409204","8,379469","8,635194",44266800.0
31-jan.-2020,"8,459755","8,513278","8,418125","8,575723",55446700.0
3-fev.-2020,"8,379469","8,480569","8,373522","8,543014",39452800.0
4-fev.-2020,"8,513278","8,519226","8,492464","8,635194",57658400.0
5-fev.-2020,"8,441913","8,638168","8,441913","8,688718",67994500.0
6-fev.-2020,"8,676824","8,534093","8,361627","8,774951",126114000.0
7-fev.-2020,"8,602485","8,6233","8,543014","8,727374",54514600.0
10-fev.-2020,"8,661956","8,590591","8,516252","8,661956",45328100.0
11-fev.-2020,"8,76603","8,742242","8,700612","8,810634",37518200.0
12-fev.-2020,"8,959311","8,813607","8,810634","9,003914",64851000.0
13-fev.-2020,"8,837396","8,852263","8,813607","8,9831",55277100.0
14-fev.-2020,"8,748189","8,879025","8,724401","8,908761",30399900.0
17-fev.-2020,"8,730348","8,810634","8,71548","8,852263",38684900.0
18-fev.-2020,"8,846316","8,641141","8,608432","8,852263",33890900.0
19-fev.-2020,"9,0842","8,881999","8,84929","9,0842",44181800.0
20-fev.-2020,"8,896867","9,158539","8,846316","9,185301",73522900.0
21-fev.-2020,"8,66493","8,774951","8,63222","8,825501",47805100.0
26-fev.-2020,"7,793679","8,040484","7,740155","8,144558",89207100.0
27-fev.-2020,"7,523086","7,647975","7,40117","7,888833",100112100.0
28-fev.-2020,"7,53498","7,481456","7,320884","7,600398",89095300.0
2-mar.-2020,"7,888833","7,582557","7,57661","7,954251",71596400.0
3-mar.-2020,"7,746102","7,900727","7,659869","8,17132",86855700.0
4-mar.-2020,"7,99588","8,001828","7,8026","8,010748",42320500.0
5-mar.-2020,"7,520112","7,829362","7,347646","7,930462",69722300.0
6-mar.-2020,"6,788618","7,16626","6,705359","7,17518",138597600.0
9-mar.-2020,"4,77255","5,295896","4,582243","5,420785",252818600.0
10-mar.-2020,"5,221557","5,545674","4,867704","5,545674",169491500.0
11-mar.-2020,"4,713079","4,965831","4,460328","5,093694",129762400.0
12-mar.-2020,"3,746675","4,061872","3,294695","4,121343",149988500.0
13-mar.-2020,"4,57927","4,490063","3,776411","4,57927",173046800.0
16-mar.-2020,"3,892379","3,838855","3,731807","4,192708",125346000.0
17-mar.-2020,"3,865617","4,04403","3,865617","4,115396",148051800.0
18-mar.-2020,"3,35714","3,505817","3,232251","3,654495",161408100.0
19-mar.-2020,"3,630707","3,291722","3,226304","3,886432",155410800.0
20-mar.-2020,"3,568262","3,898326","3,517712","4,014295",148237800.0
23-mar.-2020,"3,419584","3,600971","3,354166","3,621786",106106400.0
24-mar.-2020,"3,939956","3,737754","3,651521","4,026189",113403000.0
25-mar.-2020,"4,258126","3,936982","3,815067","4,397883",157331500.0
26-mar.-2020,"4,278941","4,281914","4,106475","4,516825",129591700.0
27-mar.-2020,"3,954824","3,954824","3,939956","4,070792",100330500.0
30-mar.-2020,"3,978612","3,91022","3,815067","4,08566",110533100.0
31-mar.-2020,"4,159999","4,04403","4,04403","4,323544",155314800.0
1-abr.-2020,"4,252179","3,999427","3,960771","4,326518",113484400.0
2-abr.-2020,"4,611979","4,57927","4,463301","4,921228",233805800.0
3-abr.-2020,"4,561428","4,846889","4,439513","4,864731",142008100.0
6-abr.-2020,"4,689291","4,77255","4,513851","4,787418",122543300.0
7-abr.-2020,"4,876625","4,939069","4,858783","5,075853",139719500.0
8-abr.-2020,"5,150191","4,90636","4,876625","5,212636",114581800.0
9-abr.-2020,"5,001514","5,334552","4,90636","5,557568",184868500.0
13-abr.-2020,"5,034223","5,001514","4,85581","5,0818",93256500.0
14-abr.-2020,"4,974752","5,060985","4,939069","5,144244",90489300.0
15-abr.-2020,"4,870678","4,769577","4,716053","4,89744",86289800.0
16-abr.-2020,"4,674423","4,956911","4,617926","4,983673",113215600.0
17-abr.-2020,"4,796339","4,683344","4,626846","4,796339",116224800.0
20-abr.-2020,"4,742815","4,603058","4,561428","4,85581",132867000.0
22-abr.-2020,"4,980699","4,713079","4,692265","4,980699",114260100.0
23-abr.-2020,"5,04017","5,114509","4,942043","5,182901",94317800.0
24-abr.-2020,"4,742815","4,962858","4,543587","4,992593",160177100.0
27-abr.-2020,"4,891492","4,799312","4,692265","4,915281",85572700.0
28-abr.-2020,"5,129377","5,066932","4,945016","5,129377",91135200.0
29-abr.-2020,"5,411864","5,292922","5,212636","5,495123",94046400.0
30-abr.-2020,"5,367261","5,346446","5,263186","5,477282",79395500.0
4-mai.-2020,"5,168033","5,182901","5,108562","5,239398",59671300.0
5-mai.-2020,"5,334552","5,322657","5,313737","5,495123",74531300.0
6-mai.-2020,"5,138297","5,313737","5,138297","5,370234",66938500.0
7-mai.-2020,"5,185874","5,278054","5,159112","5,313737",80905000.0
8-mai.-2020,"5,495123","5,275081","5,26616","5,524859",82592000.0
11-mai.-2020,"5,396996","5,4416","5,385102","5,628933",64537800.0
12-mai.-2020,"5,394023","5,509991","5,391049","5,599198",70454500.0
13-mai.-2020,"5,230477","5,429705","5,209663","5,456467",86698900.0
14-mai.-2020,"5,17398","5,17398","4,971778","5,194795",118694900.0
15-mai.-2020,"5,099641","5,349419","5,099641","5,40889",132872000.0
18-mai.-2020,"5,512965","5,382129","5,328605","5,512965",116002500.0
19-mai.-2020,"5,554595","5,504044","5,474309","5,628933",79690300.0
20-mai.-2020,"5,738955","5,67651","5,667589","5,780584",74120000.0
21-mai.-2020,"5,706246","5,798426","5,670563","5,878712",80924000.0
22-mai.-2020,"5,551621","5,590277","5,456467","5,620013",68842900.0
25-mai.-2020,"5,792479","5,792479","5,727061","5,816267",37579800.0
26-mai.-2020,"5,848976","5,941156","5,747875","5,973865",68286900.0
27-mai.-2020,"5,926288","5,887632","5,694351","5,926288",74305600.0
28-mai.-2020,"5,878712","5,854923","5,783558","5,970892",64397500.0
29-mai.-2020,"6,048204","5,813294","5,738955","6,048204",127224200.0
1-jun.-2020,"6,045231","5,991707","5,947103","6,113622",86102800.0
2-jun.-2020,"6,363401","6,17012","6,125516","6,363401",76091600.0
3-jun.-2020,"6,384215","6,500184","6,366374","6,515052",85619700.0
4-jun.-2020,"6,372321","6,360427","6,256353","6,476396",106930600.0
5-jun.-2020,"6,571549","6,628047","6,559655","6,848089",113411100.0
8-jun.-2020,"6,699412","6,705359","6,544787","6,717253",81483200.0
9-jun.-2020,"6,458554","6,550734","6,434766","6,553708",95479100.0
10-jun.-2020,"6,363401","6,509105","6,244459","6,512078",102038500.0
12-jun.-2020,"6,125516","6,131464","5,976839","6,295009",116292700.0
15-jun.-2020,"6,155252","5,890606","5,81032","6,27122",99368100.0
16-jun.-2020,"6,35448","6,410977","6,295009","6,515052",94174100.0
17-jun.-2020,"6,375295","6,387189","6,289062","6,49721",62473100.0
18-jun.-2020,"6,422872","6,297982","6,268247","6,473422",56615400.0
19-jun.-2020,"6,384215","6,541814","6,309877","6,607232",90347500.0
22-jun.-2020,"6,229591","6,422872","6,214723","6,422872",44564500.0
23-jun.-2020,"6,437739","6,309877","6,286088","6,562629",78515800.0
24-jun.-2020,"6,244459","6,390163","6,158226","6,410977",64931700.0
25-jun.-2020,"6,384215","6,217697","6,164173","6,384215",46882800.0
26-jun.-2020,"6,196882","6,306903","6,17904","6,384215",54467400.0
29-jun.-2020,"6,440713","6,274194","6,223644","6,440713",59392900.0
30-jun.-2020,"6,408004","6,345559","6,27122","6,482343",64520500.0
1-jul.-2020,"6,455581","6,467475","6,399083","6,616152",78526100.0
2-jul.-2020,"6,559655","6,571549","6,500184","6,604258",55971200.0
3-jul.-2020,"6,535867","6,526946","6,482343","6,595338",23640600.0
6-jul.-2020,"6,693465","6,657782","6,633994","6,797539",57602900.0
7-jul.-2020,"6,610205","6,642914","6,583443","6,681571",46331400.0
8-jul.-2020,"6,735095","6,675624","6,660756","6,767804",48726500.0
9-jul.-2020,"6,583443","6,773751","6,559655","6,782671",56600800.0
10-jul.-2020,"6,693465","6,598311","6,559655","6,735095",56923000.0
13-jul.-2020,"6,589391","6,7232","6,589391","6,735095",54696000.0
14-jul.-2020,"6,809433","6,58047","6,500184","6,827275",88800300.0
15-jul.-2020,"6,94027","6,89864","6,794566","6,967032",58107800.0
16-jul.-2020,"6,755909","6,886746","6,696438","6,922428",69009100.0
17-jul.-2020,"6,761856","6,788618","6,71428","6,848089",49418800.0
20-jul.-2020,"6,761856","6,749962","6,696438","6,812407",48365700.0
21-jul.-2020,"6,94919","6,883772","6,880799","7,017582",101156900.0
22-jul.-2020,"6,854037","6,928375","6,842142","6,961084",42831800.0
23-jul.-2020,"6,711434","6,886877","6,702513","6,907692",63721900.0
24-jul.-2020,"6,759011","6,702513","6,66683","6,85714",42775600.0
27-jul.-2020,"6,898771","6,800642","6,67575","6,913639",56264900.0
28-jul.-2020,"6,779827","6,851193","6,779827","6,934454",47674800.0
29-jul.-2020,"6,88985","6,84822","6,81551","6,913639",43656500.0
30-jul.-2020,"6,785774","6,81551","6,690618","6,81551",57402100.0
31-jul.-2020,"6,60141","6,81551","6,589516","6,880929",74904100.0
3-ago.-2020,"6,482466","6,702513","6,458677","6,705486",62839300.0
4-ago.-2020,"6,476519","6,381363","6,318917","6,556806",62517000.0
5-ago.-2020,"6,892824","6,610331","6,610331","6,92256",136721000.0
6-ago.-2020,"6,904718","6,92256","6,842272","6,9969",56092200.0
7-ago.-2020,"6,776853","6,797668","6,705486","6,812536",55685400.0
10-ago.-2020,"6,973111","6,809563","6,732249","6,973111",52093800.0
11-ago.-2020,"6,863088","7,050425","6,85714","7,100976",66049000.0
12-ago.-2020,"6,982032","6,946349","6,863088","7,041504",66472600.0
13-ago.-2020,"6,791721","6,973111","6,753064","7,011768",44083100.0
14-ago.-2020,"6,74117","6,770906","6,699539","6,833352",38146700.0
17-ago.-2020,"6,720354","6,744143","6,586542","6,791721",51694700.0
18-ago.-2020,"6,845246","6,818484","6,770906","6,910665",49006700.0
19-ago.-2020,"6,806589","6,824431","6,764959","6,934454",51571400.0
20-ago.-2020,"6,759011","6,696566","6,646014","6,800642",54782900.0
21-ago.-2020,"6,70846","6,702513","6,646014","6,729275",38238900.0
24-ago.-2020,"6,830378","6,797668","6,779827","6,877956",51450200.0
25-ago.-2020,"6,800642","6,866061","6,747117","6,883903",37574100.0
26-ago.-2020,"6,607357","6,773879","6,553832","6,809563",69152900.0
27-ago.-2020,"6,586542","6,637093","6,553832","6,681698",34933800.0
28-ago.-2020,"6,702513","6,616278","6,55978","6,702513",30657700.0
31-ago.-2020,"6,509228","6,637093","6,509228","6,669803",47680200.0
1-set.-2020,"6,800642","6,60141","6,577621","6,806589",65900700.0
2-set.-2020,"6,779827","6,818484","6,696566","6,869035",53146000.0
3-set.-2020,"6,803615","6,723328","6,711434","6,874982",87433200.0
4-set.-2020,"6,81551","6,839299","6,714407","6,84822",51907000.0
8-set.-2020,"6,619252","6,690618","6,515175","6,690618",74104000.0
9-set.-2020,"6,759011","6,687645","6,687645","6,770906",41878600.0
10-set.-2020,"6,577621","6,714407","6,574648","6,714407",57036600.0
11-set.-2020,"6,506255","6,577621","6,467598","6,619252",70477200.0
14-set.-2020,"6,446783","6,524096","6,372442","6,535991",45765900.0
15-set.-2020,"6,443809","6,535991","6,408126","6,565727",58189800.0
16-set.-2020,"6,461651","6,497334","6,422994","6,538964",50028700.0
17-set.-2020,"6,586542","6,396231","6,381363","6,592489",59981900.0
18-set.-2020,"6,437862","6,538964","6,408126","6,586542",63612700.0
21-set.-2020,"6,214841","6,330812","6,188079","6,381363",72733900.0
22-set.-2020,"6,185105","6,232683","6,170237","6,348653",46689800.0
23-set.-2020,"6,015609","6,185105","6,006689","6,232683",56396300.0
24-set.-2020,"6,066161","6,018583","5,965058","6,158343",76033500.0
25-set.-2020,"5,985873","5,99182","5,908559","6,02453",39909500.0
28-set.-2020,"5,837193","6,045345","5,837193","6,113738",48198300.0
29-set.-2020,"5,742037","5,837193","5,724196","5,905586",52488700.0
30-set.-2020,"5,831246","5,798536","5,777721","5,959111",68791100.0
1-out.-2020,"5,902612","5,840166","5,688512","5,965058",76064500.0
2-out.-2020,"5,655803","5,866929","5,655803","5,869903",83732400.0
5-out.-2020,"5,956137","5,756905","5,721222","5,994794",72633800.0
6-out.-2020,"5,926401","6,086976","5,926401","6,155369",76272200.0
7-out.-2020,"5,884771","5,947216","5,816378","5,962084",52972500.0
8-out.-2020,"6,078055","5,959111","5,905586","6,122659",77718500.0
9-out.-2020,"5,887744","6,048319","5,887744","6,063187",67290200.0
13-out.-2020,"5,985873","5,920454","5,866929","5,985873",54825900.0
14-out.-2020,"5,938296","5,973979","5,938296","6,05724",43909700.0
15-out.-2020,"5,872876","5,834219","5,780694","5,878823",56247400.0
16-out.-2020,"5,747985","5,849087","5,745011","5,860982",49142500.0
19-out.-2020,"5,804483","5,771773","5,724196","5,929375",107219900.0
20-out.-2020,"6,000741","5,849087","5,825298","6,027504",68008500.0
21-out.-2020,"5,994794","5,994794","5,896665","6,045345",60195500.0
22-out.-2020,"6,196999","5,976952","5,962084","6,196999",98359400.0
23-out.-2020,"6,116712","6,226736","6,107791","6,286208",61328500.0
26-out.-2020,"6,021557","6,045345","5,956137","6,104818",57573100.0
27-out.-2020,"5,911533","6,02453","5,890718","6,05724",47473400.0
28-out.-2020,"5,551726","5,753932","5,551726","5,780694",78431300.0
29-out.-2020,"5,73609","5,48036","5,275181","5,759879",85502000.0
30-out.-2020,"5,632014","5,691486","5,611199","5,81043",63575300.0
3-nov.-2020,"5,84314","5,80151","5,747985","5,91748",66290900.0
4-nov.-2020,"5,863955","5,95019","5,730143","5,968032",65777600.0
5-nov.-2020,"5,914507","5,932348","5,863955","5,944243",40874800.0
6-nov.-2020,"5,872876","5,813404","5,81043","5,932348",37273300.0
9-nov.-2020,"6,425967","6,277287","6,256472","6,747117",164904100.0
10-nov.-2020,"6,863088","6,509228","6,485439","6,883903",163589600.0
11-nov.-2020,"6,803615","6,943375","6,660882","6,946349",93072900.0
12-nov.-2020,"6,515175","6,761985","6,473545","6,785774",77275000.0
13-nov.-2020,"6,729275","6,547885","6,509228","6,779827",66065200.0
16-nov.-2020,"6,925533","6,898771","6,877956","7,026636",101583300.0
17-nov.-2020,"7,044478","6,854167","6,833352","7,17829",94082100.0
18-nov.-2020,"7,002847","7,133686","7,002847","7,175317",68540400.0
19-nov.-2020,"7,083135","7,002847","6,949322","7,118818",65382100.0
20-nov.-2020,"7,032583","7,089082","6,979058","7,133686",38137700.0
23-nov.-2020,"7,463757","7,151528","7,148554","7,463757",125645300.0
24-nov.-2020,"7,796801","7,624331","7,624331","7,930613",153293500.0
25-nov.-2020,"7,805721","7,790853","7,633252","7,880062",73971200.0
26-nov.-2020,"7,677856","7,71354","7,600542","7,716513",41935900.0
27-nov.-2020,"7,582701","7,707592","7,567833","7,749223",49863500.0
30-nov.-2020,"7,404284","7,511334","7,386443","7,695698",90207700.0
1-dez.-2020,"7,612437","7,552965","7,520255","7,662988",58866000.0
2-dez.-2020,"7,704619","7,612437","7,532149","7,880062",88089900.0
3-dez.-2020,"7,921692","7,775985","7,746249","7,996032",62424500.0
4-dez.-2020,"8,186343","8,085241","8,046584","8,198238",61652400.0
7-dez.-2020,"8,028742","8,109029","7,930613","8,263657",72664200.0
8-dez.-2020,"7,927639","7,972244","7,868167","8,070373",46276700.0
9-dez.-2020,"8,0109","7,918719","7,850326","8,019821",52448300.0
10-dez.-2020,"8,272578","8,085241","8,067399","8,385575",97537100.0
11-dez.-2020,"8,198238","8,174449","8,112003","8,278525",48334300.0
14-dez.-2020,"8,213106","8,335024","8,213106","8,40639",53159500.0
15-dez.-2020,"8,281499","8,266631","8,219053","8,323129",47208200.0
16-dez.-2020,"8,382601","8,281499","8,168502","8,397469",59399200.0
17-dez.-2020,"8,397469","8,415311","8,346918","8,442074",39149200.0
18-dez.-2020,"8,355839","8,355839","8,33205","8,421258",44707900.0
21-dez.-2020,"8,034689","8,085241","7,886009","8,174449",99988800.0
22-dez.-2020,"8,112003","8,088214","8,04361","8,168502",46513200.0
23-dez.-2020,"8,311235","8,156607","8,132818","8,400443",49038900.0
28-dez.-2020,"8,379628","8,433153","8,379628","8,48073",36313300.0
29-dez.-2020,"8,40639","8,4391","8,323129","8,453968",29891100.0
30-dez.-2020,"8,427206","8,430179","8,385575","8,47181",36968200.0
4-jan.-2021,"8,596701","8,519387","8,483704","8,676989",74719700.0
5-jan.-2021,"8,932719","8,593728","8,397469","8,974349",95181100.0
6-jan.-2021,"8,94164","8,968402","8,935693","9,188449",96562500.0
7-jan.-2021,"9,218185","9,021927","9,021927","9,262789",56164100.0
8-jan.-2021,"9,253869","9,354971","9,024901","9,44418",67136300.0
11-jan.-2021,"9,176555","9,102215","9,039769","9,236027",48743700.0
12-jan.-2021,"9,108162","9,253869","9,108162","9,384707",65691900.0
13-jan.-2021,"8,668068","9,12303","8,623464","9,176555",93826600.0
14-jan.-2021,"8,757276","8,674015","8,540203","8,822695",50728700.0
15-jan.-2021,"8,361786","8,638332","8,335024","8,647253",80673300.0
18-jan.-2021,"8,346918","8,418285","8,329076","8,57886",68855700.0
19-jan.-2021,"8,531282","8,468836","8,219053","8,581833",61652300.0
20-jan.-2021,"8,388549","8,608596","8,358813","8,659147",60306200.0
21-jan.-2021,"8,192291","8,33205","8,180396","8,445047",41284900.0
22-jan.-2021,"8,055505","8,007927","7,897903","8,100109",51181900.0
26-jan.-2021,"8,028742","8,103082","7,975217","8,317182",64514600.0
27-jan.-2021,"8,141739","7,972244","7,888982","8,376654",68337800.0
28-jan.-2021,"8,254736","8,123898","8,120924","8,459915",67827000.0
29-jan.-2021,"7,93656","8,18337","7,93656","8,230947",67555300.0
1-fev.-2021,"8,186343","8,106056","7,978191","8,230947",44449500.0
2-fev.-2021,"8,522361","8,445047","8,385575","8,665094",91663000.0
3-fev.-2021,"8,57886","8,617516","8,522361","8,665094",51765400.0
4-fev.-2021,"8,569939","8,572912","8,388549","8,62049",41444100.0
5-fev.-2021,"8,629411","8,617516","8,421258","8,947587",121098700.0
8-fev.-2021,"8,358813","8,477757","8,266631","8,712672",98821700.0
9-fev.-2021,"8,189317","8,340971","8,141739","8,436126",63662200.0
10-fev.-2021,"8,266631","8,248789","8,064425","8,337997",52949900.0
11-fev.-2021,"8,349892","8,367733","8,287446","8,474783",61158600.0
12-fev.-2021,"8,456942","8,269604","8,210132","8,47181",47801100.0
17-fev.-2021,"8,798907","8,48073","8,36476","8,80188",54973400.0
18-fev.-2021,"8,703751","9,033822","8,635358","9,194396",105539200.0
19-fev.-2021,"8,126871","8,335024","8,079293","8,47181",215834800.0
22-fev.-2021,"6,37839","6,779827","6,363521","6,898771",490230400.0
23-fev.-2021,"7,154501","6,854167","6,753064","7,213973",293503100.0
24-fev.-2021,"7,255604","7,300208","7,139633","7,43402",155246400.0
25-fev.-2021,"6,895797","7,43402","6,869035","7,508361",170149400.0
26-fev.-2021,"6,613305","6,898771","6,533017","6,96419",159881000.0
1-mar.-2021,"6,541938","6,779827","6,518149","6,851193",90330100.0
2-mar.-2021,"6,538964","6,49436","6,146448","6,640067",147772300.0
3-mar.-2021,"6,301076","6,482466","6,08995","6,509228",185688500.0
4-mar.-2021,"6,607357","6,333785","6,28026","6,660882",127843200.0
5-mar.-2021,"6,657909","6,672777","6,628173","6,904718",126306300.0
8-mar.-2021,"6,274313","6,524096","6,232683","6,625199",141142800.0
9-mar.-2021,"6,42002","6,351627","6,202947","6,52707",122553300.0
10-mar.-2021,"6,643041","6,524096","6,417046","6,643041",111744100.0
11-mar.-2021,"6,925533","6,726302","6,723328","6,985006",130577500.0
12-mar.-2021,"6,88985","6,883903","6,797668","6,952296",68123200.0
15-mar.-2021,"7,032583","6,872008","6,869035","7,038531",67541300.0
16-mar.-2021,"6,92256","7,026636","6,907692","7,041504",43116200.0
17-mar.-2021,"7,160448","6,880929","6,872008","7,175317",77629300.0
18-mar.-2021,"6,910665","7,100976","6,860114","7,106924",76651800.0
19-mar.-2021,"7,13666","6,919586","6,892824","7,148554",89619900.0
22-mar.-2021,"6,993926","7,044478","6,907692","7,07124",43730900.0
23-mar.-2021,"6,779827","6,88985","6,779827","7,026636",56425900.0
24-mar.-2021,"6,785774","6,895797","6,785774","6,999874",62209500.0
25-mar.-2021,"6,898771","6,750091","6,589516","6,928507",78839800.0
26-mar.-2021,"6,976085","6,982032","6,872008","7,100976",60631800.0
29-mar.-2021,"7,086108","6,940401","6,92256","7,086108",49670900.0
30-mar.-2021,"7,086108","7,02961","7,008794","7,133686",40703300.0
31-mar.-2021,"7,166396","7,077187","7,07124","7,205053",68266700.0
1-abr.-2021,"7,10395","7,222894","7,07124","7,25263",46754100.0
5-abr.-2021,"7,148554","7,175317","7,041504","7,196132",40178900.0
6-abr.-2021,"7,142607","7,190185","7,109897","7,246683",45508400.0
7-abr.-2021,"7,13666","7,118818","7,115844","7,237762",55068500.0
8-abr.-2021,"7,047451","7,130712","6,949322","7,148554",62739100.0
9-abr.-2021,"7,032583","6,987979","6,949322","7,07124",46820500.0
12-abr.-2021,"7,10395","7,124765","7,07124","7,246683",50143300.0
13-abr.-2021,"7,127739","7,130712","7,044478","7,169369",52780600.0
14-abr.-2021,"7,240736","7,196132","7,130712","7,309129",90286200.0
15-abr.-2021,"7,095523","7,282976","7,074012","7,322924",63513500.0
16-abr.-2021,"7,052502","7,107815","7,00948","7,141618",59150700.0
19-abr.-2021,"7,461209","7,052502","6,997188","7,648661",194997500.0
20-abr.-2021,"7,319851","7,476574","7,301413","7,556471",93935900.0
22-abr.-2021,"7,286048","7,418187","7,267611","7,433552",46186100.0
23-abr.-2021,"7,279903","7,338289","7,224589","7,356727",59817700.0
26-abr.-2021,"7,307559","7,32907","7,255319","7,39053",33017500.0
27-abr.-2021,"7,098596","7,319851","7,098596","7,427406",75803200.0
28-abr.-2021,"7,356727","7,190786","7,178494","7,402822",65861100.0
29-abr.-2021,"7,258392","7,412041","7,196932","7,464282",49200500.0
30-abr.-2021,"7,258392","7,190786","7,15391","7,353654",60379700.0
3-mai.-2021,"7,200005","7,313705","7,160056","7,316778",47970600.0
4-mai.-2021,"7,034064","7,233808","7,030991","7,264538",43705000.0
5-mai.-2021,"7,322924","7,120107","7,104742","7,3598",75377300.0
6-mai.-2021,"7,221516","7,286048","7,190786","7,32907",53646000.0
7-mai.-2021,"7,491939","7,264538","7,209224","7,513449",73691000.0
10-mai.-2021,"7,590274","7,621004","7,553398","7,676318",73594200.0
11-mai.-2021,"7,728558","7,510376","7,473501","7,734704",73355200.0
12-mai.-2021,"7,614858","7,667099","7,587201","7,845332",89346200.0
13-mai.-2021,"7,679391","7,608712","7,507303","7,713193",76723900.0
14-mai.-2021,"8,075806","7,928302","7,851478","8,106536",195808600.0
17-mai.-2021,"8,192579","8,081952","8,051222","8,192579",82937500.0
18-mai.-2021,"8,097317","8,204871","8,072733","8,235601",62023800.0
19-mai.-2021,"8,035857","7,943667","7,928302","8,097317",84349300.0
20-mai.-2021,"7,968251","8,035857","7,903719","8,075806",70987600.0
21-mai.-2021,"7,974397","8,014346","7,971324","8,085025",81335700.0
24-mai.-2021,"8,109609","8,075806","7,986689","8,149557",62784900.0
25-mai.-2021,"7,940594","8,137265","7,922156","8,180287",63206400.0
26-mai.-2021,"8,017419","7,962105","7,882208","8,045076",46252000.0
27-mai.-2021,"7,962105","8,014346","7,919083","8,066587",48450100.0
28-mai.-2021,"8,293988","8,051222","8,035857","8,303207",128991900.0
31-mai.-2021,"8,257112","8,284769","8,229455","8,35852",46031300.0
1-jun.-2021,"8,386177","8,41998","8,300134","8,51217",90018200.0
2-jun.-2021,"8,622797","8,404615","8,376958","8,62587",104088900.0
4-jun.-2021,"8,758009","8,622797","8,579775","8,794884",102398400.0
7-jun.-2021,"8,693476","8,758009","8,607432","8,773373",74026100.0
8-jun.-2021,"8,807176","8,6566","8,592067","8,850198",88138200.0
9-jun.-2021,"8,807176","8,825614","8,764154","8,936242",60370100.0
10-jun.-2021,"8,813322","8,859417","8,779519","8,920877",35660200.0
11-jun.-2021,"8,779519","8,850198","8,684257","8,865563",54778000.0
14-jun.-2021,"8,834833","8,880928","8,791811","9,019212",64040200.0
15-jun.-2021,"8,920877","8,899366","8,797957","8,930096",42302800.0
16-jun.-2021,"8,95468","8,936242","8,840979","9,000774",76779000.0
17-jun.-2021,"8,644308","8,914731","8,576702","8,973118",94481900.0
18-jun.-2021,"8,702695","8,604359","8,493732","8,733425",114058600.0
21-jun.-2021,"8,896293","8,727279","8,727279","8,911658",50412800.0
22-jun.-2021,"8,942388","8,911658","8,810249","8,994628",41436800.0
23-jun.-2021,"9,003847","8,988482","8,911658","9,071453",57108000.0
24-jun.-2021,"9,111402","9,062234","8,979263","9,111402",51139500.0
25-jun.-2021,"8,942388","9,123694","8,896293","9,154424",84491400.0
28-jun.-2021,"8,927023","8,966972","8,810249","8,994628",40163600.0
29-jun.-2021,"8,966972","8,939315","8,83176","8,966972",43097700.0
30-jun.-2021,"9,043796","8,920877","8,887074","9,086818",70912600.0
1-jul.-2021,"8,930096","9,139059","8,887074","9,182081",64861900.0
2-jul.-2021,"8,966972","9,003847","8,828687","9,028431",37220500.0
5-jul.-2021,"8,865563","8,914731","8,71806","8,960826",55757300.0
6-jul.-2021,"8,502951","8,819468","8,502951","8,850198",97035400.0
7-jul.-2021,"8,619724","8,650454","8,423053","8,650454",73364500.0
8-jul.-2021,"8,447637","8,41998","8,380031","8,506024",80200100.0
12-jul.-2021,"8,521389","8,475294","8,383104","8,536754",52411700.0
13-jul.-2021,"8,573629","8,469148","8,413834","8,59514",41201300.0
14-jul.-2021,"8,502951","8,635089","8,463002","8,665819",51396600.0
15-jul.-2021,"8,321645","8,447637","8,272477","8,490659",67607200.0
16-jul.-2021,"8,198725","8,367739","8,167995","8,413834",67461300.0
19-jul.-2021,"8,063514","7,980543","7,94674","8,128047",79830300.0
20-jul.-2021,"8,171068","8,048149","7,959032","8,278623",63094600.0
21-jul.-2021,"8,284769","8,232528","8,171068","8,370812",50123800.0
22-jul.-2021,"8,266331","8,297061","8,207944","8,364666",37427800.0
23-jul.-2021,"8,217163","8,327791","8,198725","8,349301",33771100.0
26-jul.-2021,"8,441491","8,217163","8,211017","8,441491",46397400.0
27-jul.-2021,"8,343155","8,404615","8,266331","8,41998",51657100.0
28-jul.-2021,"8,515243","8,429199","8,35852","8,573629",46578000.0
29-jul.-2021,"8,545973","8,5429","8,45071","8,579775",43599300.0
30-jul.-2021,"8,269404","8,48144","8,24482","8,552118",73599300.0
2-ago.-2021,"8,115755","8,35852","8,103463","8,423053",70038500.0
3-ago.-2021,"8,250966","8,10039","7,925229","8,257112",71528500.0
4-ago.-2021,"8,075806","8,158776","7,974397","8,226382",87584700.0
5-ago.-2021,"8,711914","8,834833","8,622797","8,905512",222989400.0
6-ago.-2021,"8,724206","8,758009","8,610505","8,7703",50795800.0
9-ago.-2021,"8,662746","8,588994","8,502951","8,668892",75027900.0
10-ago.-2021,"8,690403","8,696549","8,678111","8,844052",84020600.0
11-ago.-2021,"8,810249","8,653527","8,59514","8,908585",97606100.0
12-ago.-2021,"8,942388","8,807176","8,758009","8,970045",94924000.0
13-ago.-2021,"9,019212","8,930096","8,917804","9,09911",84744500.0
16-ago.-2021,"8,80103","8,973118","8,678111","8,985409",100305200.0
17-ago.-2021,"8,801002","8,739137","8,612153","8,996362",92955200.0
18-ago.-2021,"8,722857","8,801002","8,677273","8,89217",85278600.0
19-ago.-2021,"8,674017","8,550289","8,50796","8,748905",80252000.0
20-ago.-2021,"8,660993","8,595873","8,520984","8,670761",84938300.0
23-ago.-2021,"8,797746","8,771697","8,716345","8,89217",69504500.0
24-ago.-2021,"8,980082","8,885658","8,869378","8,996362",49604200.0
25-ago.-2021,"9,028922","8,996362","8,914962","9,061483",45925300.0
26-ago.-2021,"8,950778","8,980082","8,944266","9,077763",40644200.0
27-ago.-2021,"9,276379","9,019154","9,009386","9,276379",76095600.0
30-ago.-2021,"9,214515","9,247075","9,201491","9,348012",60857400.0
31-ago.-2021,"8,853098","9,181955","8,787978","9,191723",109914400.0
1-set.-2021,"8,804258","8,895426","8,573081","8,901938",69059900.0
2-set.-2021,"8,660993","8,791234","8,615409","8,905194",55501400.0
3-set.-2021,"8,573081","8,677273","8,498192","8,719601",57371100.0
6-set.-2021,"8,615409","8,534009","8,514472","8,696809",26295400.0
8-set.-2021,"8,130263","8,560057","8,071655","8,579593",79424600.0
9-set.-2021,"8,302832","8,166079","7,860014","8,42656",154708100.0
10-set.-2021,"8,250735","8,472144","8,247479","8,511216",78023700.0
13-set.-2021,"8,540521","8,400512","8,348416","8,592617",63014100.0
14-set.-2021,"8,42656","8,449352","8,374464","8,547033",65213000.0
15-set.-2021,"8,573081","8,465632","8,423304","8,615409",66928000.0
16-set.-2021,"8,498192","8,49168","8,306088","8,543777",65185800.0
17-set.-2021,"8,117239","8,455864","8,065143","8,472144",128315300.0
20-set.-2021,"8,026071","7,840478","7,746054","8,026071",79827200.0
21-set.-2021,"8,208407","8,166079","7,986998","8,234455",64349300.0
22-set.-2021,"8,416792","8,3126","8,309344","8,537265",69951500.0
23-set.-2021,"8,739137","8,449352","8,436328","8,774953",83860700.0
24-set.-2021,"8,758673","8,644713","8,618665","8,81077",44585500.0
27-set.-2021,"8,836818","8,836818","8,628433","8,94101",88965800.0
28-set.-2021,"8,778209","8,853098","8,700065","9,081019",117496300.0
29-set.-2021,"8,918218","8,85961","8,732625","8,963802",58554100.0
30-set.-2021,"8,866122","8,963802","8,846586","8,980082",65448700.0
1-out.-2021,"9,116835","8,830306","8,814026","9,116835",60610000.0
4-out.-2021,"9,37406","9,03869","9,025666","9,380572",106564500.0
5-out.-2021,"9,579189","9,442436","9,409876","9,595469",99460000.0
6-out.-2021,"9,32522","9,426156","9,269867","9,497788",84203000.0
7-out.-2021,"9,312196","9,344756","9,198235","9,435924",60190700.0
8-out.-2021,"9,481508","9,442436","9,348012","9,641053",83793900.0
11-out.-2021,"9,546628","9,605237","9,491276","9,719197",76298700.0
13-out.-2021,"9,647565","9,497788","9,468484","9,670357",55433400.0
14-out.-2021,"9,663845","9,722453","9,605237","9,83967",75908400.0
15-out.-2021,"9,637797","9,702917","9,608493","9,715941",71603100.0
18-out.-2021,"9,588957","9,572677","9,43918","9,650821",68745900.0
19-out.-2021,"9,120091","9,52058","9,071251","9,546628",111002700.0
20-out.-2021,"9,250331","9,204747","9,100555","9,377316",55255700.0
21-out.-2021,"8,937754","9,071251","8,765185","9,175443",100964100.0
22-out.-2021,"8,849842","8,823794","8,390744","9,03869",138155100.0
25-out.-2021,"9,45546","9,03869","9,002874","9,543372",135256700.0
26-out.-2021,"9,364292","9,377316","9,312196","9,517324",57540500.0
27-out.-2021,"9,3415","9,387084","9,269867","9,461972",57270700.0
28-out.-2021,"9,429412","9,289403","9,198235","9,523836",87347900.0
29-out.-2021,"8,872634","9,484764","8,781465","9,5043",156811300.0
1-nov.-2021,"9,116835","9,02241","8,911706","9,221027",101814500.0
3-nov.-2021,"8,742393","9,02241","8,726113","9,067995",81985600.0
4-nov.-2021,"8,465632","8,797746","8,416792","8,869378",91973600.0
5-nov.-2021,"8,416792","8,560057","8,394","8,641457",85791600.0
8-nov.-2021,"8,504704","8,403768","8,374464","8,680529",59704100.0
9-nov.-2021,"8,674017","8,530753","8,530753","8,774953",73021700.0
10-nov.-2021,"8,605641","8,660993","8,517728","8,768441",68176300.0
11-nov.-2021,"8,612153","8,752161","8,543777","8,752161",60848900.0
12-nov.-2021,"8,787978","8,566569","8,465632","8,84333",85962500.0
16-nov.-2021,"8,879146","8,87589","8,670761","8,97357",60978200.0
17-nov.-2021,"8,654481","8,918218","8,625177","8,934498",82106800.0
18-nov.-2021,"8,641457","8,690297","8,481912","8,709833",63993000.0
19-nov.-2021,"8,498192","8,498192","8,394","8,556801",84860400.0
22-nov.-2021,"8,582849","8,563313","8,560057","8,833562",59195200.0
23-nov.-2021,"9,051715","8,664249","8,628433","9,133115",108382300.0
24-nov.-2021,"9,237307","9,045202","8,95729","9,260099",64263300.0
25-nov.-2021,"9,644309","9,458716","9,299171","9,699661",104052200.0
26-nov.-2021,"9,269867","9,243819","9,139627","9,494532",108871800.0
29-nov.-2021,"9,595469","9,559652","9,380572","9,709429",84672200.0
30-nov.-2021,"9,582445","9,540116","9,396852","9,650821",129384600.0
1-dez.-2021,"9,637797","9,715941","9,598725","9,98619",135078600.0
2-dez.-2021,"10,373172","9,87207","9,583114","10,420722",191410300.0
3-dez.-2021,"10,519479","10,417064","10,321965","10,585317",105133000.0
6-dez.-2021,"10,567029","10,526795","10,490218","10,706021",66142300.0
7-dez.-2021,"10,73894","10,709678","10,53411","10,815751",98981000.0
8-dez.-2021,"10,735282","10,73894","10,687732","10,998635",71154300.0
9-dez.-2021,"10,713336","10,64384","10,530452","10,78649",67668200.0
10-dez.-2021,"10,845012","10,790147","10,782832","11,009608",38517500.0
13-dez.-2021,"10,779174","10,852328","10,713336","10,99132",45448700.0
14-dez.-2021,"10,651156","10,830382","10,610921","10,918166",56833800.0
15-dez.-2021,"10,716994","10,64384","10,457299","10,716994",55085100.0
16-dez.-2021,"10,859643","10,834039","10,790147","10,965716",56545700.0
17-dez.-2021,"10,603606","10,724309","10,526795","10,841355",93230800.0
20-dez.-2021,"10,300019","10,402434","10,12445","10,442668",106282500.0
21-dez.-2021,"10,314649","10,442668","10,285388","10,504849",40454500.0
22-dez.-2021,"10,300019","10,387803","10,230523","10,387803",33734500.0
23-dez.-2021,"10,362199","10,362199","10,296361","10,395118",28713600.0
27-dez.-2021,"10,515822","10,358541","10,296361","10,526795",44227900.0
28-dez.-2021,"10,526795","10,610921","10,497533","10,709678",30688100.0
29-dez.-2021,"10,43901","10,497533","10,395118","10,570687",35508400.0
30-dez.-2021,"10,406091","10,442668","10,384145","10,497533",43229100.0
3-jan.-2022,"10,640183","10,43901","10,435353","10,687732",52704700.0
4-jan.-2022,"10,680417","10,665786","10,574344","10,753571",51739200.0
5-jan.-2022,"10,2671","10,676759","10,21955","10,706021",78459800.0
6-jan.-2022,"10,259784","10,347568","10,182973","10,479245",61163100.0
7-jan.-2022,"10,307334","10,28173","10,175658","10,347568",47507600.0
10-jan.-2022,"10,245153","10,237838","10,139081","10,32928",37455200.0
11-jan.-2022,"10,548741","10,278073","10,186631","10,632867",73623800.0
12-jan.-2022,"10,870616","10,588975","10,588975","10,940112",81378200.0
13-jan.-2022,"11,090077","10,80112","10,790147","11,203465",76717500.0
14-jan.-2022,"11,503394","11,075446","11,060815","11,55826",96458800.0
17-jan.-2022,"11,521683","11,485106","11,430241","11,635071",35675900.0
18-jan.-2022,"11,57289","11,543629","11,327826","11,697251",78198800.0
19-jan.-2022,"11,518025","11,66799","11,499737","11,781378",77480200.0
20-jan.-2022,"11,602152","11,521683","11,379033","11,704567",85353100.0
21-jan.-2022,"11,62044","11,547286","11,532656","11,660674",60384100.0
24-jan.-2022,"11,686278","11,591179","11,35343","11,796009",79117100.0
25-jan.-2022,"12,066677","11,594836","11,550944","12,154461",98358500.0
26-jan.-2022,"12,388552","12,180065","12,180065","12,534859",98679900.0
27-jan.-2022,"12,39221","12,527544","12,132515","12,670193",90631000.0
28-jan.-2022,"11,902081","12,362948","11,77772","12,564121",117400500.0
31-jan.-2022,"11,832585","11,88745","11,73017","12,070334",62450300.0
1-fev.-2022,"12,070334","11,832585","11,686278","12,18738",57315200.0
2-fev.-2022,"11,894766","12,220299","11,836243","12,24956",36271700.0
3-fev.-2022,"11,73017","11,832585","11,565575","12,041073",51087800.0
4-fev.-2022,"11,935","11,854531","11,660674","12,154461",59346800.0
7-fev.-2022,"11,759432","11,905739","11,752116","11,989865",48868100.0
8-fev.-2022,"11,642386","11,66799","11,433898","11,686278",62590000.0
9-fev.-2022,"11,686278","11,609467","11,576548","11,956946",50960500.0
10-fev.-2022,"11,865504","11,814297","11,682621","12,033758",49534600.0
11-fev.-2022,"12,348318","11,986208","11,935","12,403183",88013400.0
14-fev.-2022,"12,070334","12,384895","12,004496","12,414156",55687000.0
15-fev.-2022,"11,880135","11,945973","11,664332","11,953289",65689000.0
16-fev.-2022,"12,044731","12,008154","11,986208","12,326372",65811600.0
17-fev.-2022,"11,997181","12,015469","11,905739","12,176407",43255200.0
18-fev.-2022,"12,070334","11,913054","11,803324","12,103253",58653300.0
21-fev.-2022,"12,381237","12,088623","12,070334","12,436102",51263800.0
22-fev.-2022,"12,341002","12,516571","12,147146","12,684824",80206700.0
23-fev.-2022,"12,516571","12,50194","12,362948","12,655563",86530100.0
24-fev.-2022,"12,212984","12,728716","11,953289","12,907942",139674100.0
25-fev.-2022,"12,436102","12,23493","12,033758","12,436102",86189100.0
2-mar.-2022,"12,681166","12,896969","12,578751","12,907942",58071800.0
3-mar.-2022,"12,523886","12,736032","12,494625","12,776266",69237400.0
4-mar.-2022,"12,520229","12,465363","12,370264","12,684824",55418000.0
7-mar.-2022,"11,631413","12,618986","11,569233","12,655563",110954100.0
8-mar.-2022,"11,87282","11,704567","11,52534","12,059361",111633500.0
9-mar.-2022,"11,909397","11,924027","11,609467","12,004496",87779300.0
10-mar.-2022,"12,326372","11,924027","11,894766","12,655563",136437700.0
11-mar.-2022,"11,883793","12,403183","11,73017","12,575094",92153700.0
14-mar.-2022,"11,657017","11,861847","11,528998","12,0301",52126100.0
15-mar.-2022,"11,375376","11,390006","11,144942","11,536313",66027700.0
16-mar.-2022,"11,276618","11,521683","11,108365","11,536313",71597800.0
17-mar.-2022,"10,976689","11,430241","10,790147","11,485106",177812100.0
18-mar.-2022,"11,196149","11,00595","10,921824","11,272961",92480600.0
21-mar.-2022,"11,616782","11,30588","11,207123","11,737486",67445700.0
22-mar.-2022,"11,565575","11,700909","11,466818","11,741143",55950200.0
23-mar.-2022,"11,722855","11,678963","11,591179","11,876477",52770900.0
24-mar.-2022,"11,858189","11,722855","11,583863","11,924027",48854400.0
25-mar.-2022,"11,814297","11,759432","11,675305","11,905739",51631700.0
28-mar.-2022,"11,55826","11,726513","11,331484","11,733828",67710300.0
29-mar.-2022,"11,814297","11,752116","11,675305","11,98255",93643600.0
30-mar.-2022,"12,066677","11,88745","11,843558","12,066677",69293000.0
31-mar.-2022,"12,23493","11,913054","11,88745","12,278822",94024100.0
1-abr.-2022,"12,073992","12,271507","12,037415","12,359291",72283700.0
4-abr.-2022,"11,960604","12,033758","11,796009","12,033758",55976200.0
5-abr.-2022,"11,847216","11,945973","11,847216","12,09228",45378200.0
6-abr.-2022,"11,836243","11,924027","11,719197","11,989865",56799800.0
7-abr.-2022,"12,450733","11,938658","11,88745","12,458048",118124700.0
8-abr.-2022,"12,512913","12,461706","12,381237","12,586067",60517000.0
11-abr.-2022,"12,417814","12,399525","12,355633","12,472679",47994900.0
12-abr.-2022,"12,381237","12,582409","12,362948","12,684824",67824000.0
13-abr.-2022,"12,64459","12,571436","12,472679","12,728716",100793800.0
14-abr.-2022,"12,469562","12,601156","12,425697","12,788579",118439600.0
18-abr.-2022,"12,250238","12,425697","12,150545","12,517415",76057100.0
19-abr.-2022,"12,621095","12,425697","12,409746","12,760665",88289000.0
20-abr.-2022,"12,680911","12,621095","12,493488","12,740726",34549100.0
22-abr.-2022,"12,186435","12,381832","12,09073","12,481525",74296700.0
25-abr.-2022,"12,006988","11,95116","11,779689","12,138582",66219200.0
26-abr.-2022,"11,987049","12,006988","11,919258","12,19441",48601500.0
27-abr.-2022,"11,987049","12,110668","11,943185","12,186435",41582300.0
28-abr.-2022,"12,066804","12,14257","12,062816","12,210361",43123200.0
29-abr.-2022,"12,074779","12,262201","12,074779","12,597169",75905900.0
2-mai.-2022,"11,955148","12,030914","11,695947","12,094718",72243800.0
3-mai.-2022,"12,062816","12,010976","11,891344","12,118644",52277700.0
4-mai.-2022,"12,788579","12,202386","12,122631","12,828456",108923000.0
5-mai.-2022,"12,764652","12,684898","12,369869","12,96005",98722000.0
6-mai.-2022,"13,183362","13,035817","12,720788","13,207288",129319100.0
9-mai.-2022,"12,824468","13,039804","12,784591","13,175386",91489600.0
10-mai.-2022,"12,936124","12,904222","12,840419","13,09962",60233600.0
11-mai.-2022,"13,386735","13,071706","13,035817","13,522317",108539800.0
12-mai.-2022,"13,490415","13,263116","13,263116","13,590108",114034500.0
13-mai.-2022,"13,665874","13,598083","13,518329","13,733665",66840400.0
16-mai.-2022,"13,801456","13,657899","13,562194","13,909125",91889700.0
17-mai.-2022,"13,62201","13,956977","13,614034","14,012805",90432500.0
18-mai.-2022,"13,398698","13,629985","13,330907","13,781518",80789700.0
19-mai.-2022,"13,625997","13,366796","13,29103","13,67385",63719600.0
20-mai.-2022,"13,889186","13,793481","13,657899","13,889186",77941500.0
23-mai.-2022,"14,435502","14,028756","14,016793","14,479367",93807400.0
24-mai.-2022,"14,042512","13,864758","13,647011","14,26026",153497100.0
25-mai.-2022,"14,242484","14,08695","13,891421","14,344692",69817000.0
26-mai.-2022,"14,278035","14,229153","14,198046","14,46912",78084400.0
27-mai.-2022,"13,598128","14,286923","13,584797","14,286923",117499600.0
30-mai.-2022,"13,327055","13,70478","12,940441","13,718112",97715000.0
31-mai.-2022,"13,358162","13,513696","13,247066","13,607016",83280400.0
1-jun.-2022,"13,340386","13,28706","13,264841","13,478145",46022100.0
2-jun.-2022,"13,224847","13,318167","13,131526","13,353718",50251300.0
3-jun.-2022,"13,455926","13,202627","13,122638","13,527027",60200400.0
6-jun.-2022,"13,464814","13,55369","13,291504","13,567022",38952200.0
7-jun.-2022,"13,624791","13,415931","13,4026","13,909197",79944300.0
8-jun.-2022,"13,558134","13,518139","13,478145","13,842539",65723800.0
9-jun.-2022,"13,362605","13,558134","13,322611","13,624791",53700900.0
10-jun.-2022,"13,175964","13,335942","12,913778","13,335942",62632100.0
13-jun.-2022,"13,007099","12,896003","12,740469","13,144858",64360500.0
14-jun.-2022,"13,153745","13,180408","12,993767","13,442594",68566500.0
15-jun.-2022,"12,922666","13,331499","12,816014","13,340386",72192000.0
17-jun.-2022,"12,136107","12,518277","11,611735","12,642704",183265500.0
20-jun.-2022,"12,273866","11,562853","11,513971","12,553828",92328100.0
21-jun.-2022,"12,029455","12,353855","11,86059","12,513833",84684300.0
22-jun.-2022,"11,993905","11,811708","11,727275","12,242759",57649700.0
23-jun.-2022,"11,771713","11,989461","11,607291","12,167214",68918000.0
24-jun.-2022,"11,682837","11,891697","11,633954","12,038343",53087400.0
27-jun.-2022,"12,433844","11,91836","11,847258","12,473839",90057300.0
28-jun.-2022,"12,589378","12,700474","12,45162","12,81157",51241400.0
29-jun.-2022,"12,478283","12,656036","12,371631","12,807126",51269100.0
30-jun.-2022,"12,411625","12,287198","12,176102","12,469395",49620500.0
1-jul.-2022,"12,678255","12,478283","12,229428","12,820458",64804500.0
4-jul.-2022,"12,949329","12,682699","12,682699","13,011543",37136300.0
5-jul.-2022,"12,456063","12,842677","12,242759","12,864896",78211900.0
6-jul.-2022,"12,296085","12,513833","11,958354","12,656036",57181300.0
7-jul.-2022,"12,656036","12,442732","12,442732","12,851565",52037300.0
8-jul.-2022,"12,798239","12,678255","12,607154","12,873784",42801300.0
11-jul.-2022,"12,736025","12,584935","12,553828","12,793795",39392200.0
12-jul.-2022,"12,54494","12,576047","12,4294","12,633817",46309700.0
13-jul.-2022,"12,553828","12,500502","12,433844","12,656036",35313200.0
14-jul.-2022,"12,216096","12,442732","12,105001","12,442732",46879200.0
15-jul.-2022,"12,424957","12,309417","12,216096","12,464951",37779100.0
18-jul.-2022,"12,709362","12,616041","12,576047","12,749356",46613800.0
19-jul.-2022,"12,967104","12,687143","12,620485","12,993767",48223700.0
20-jul.-2022,"12,96266","12,918222","12,81157","12,98488",43384300.0
21-jul.-2022,"12,896003","12,878228","12,531609","12,944885",58683600.0
22-jul.-2022,"13,033762","12,904891","12,820458","13,095975",55554500.0
25-jul.-2022,"13,642567","13,158189","13,158189","13,664786",78678100.0
26-jul.-2022,"13,780326","13,864758","13,593685","14,051399",78129900.0
27-jul.-2022,"13,931416","13,909197","13,607016","13,984742",55889500.0
28-jul.-2022,"14,349136","14,038068","13,966967","14,500227",113619900.0
29-jul.-2022,"15,175689","14,931278","14,589103","15,402325",180757200.0
1-ago.-2022,"14,966829","15,109032","14,762413","15,175689",81093900.0
2-ago.-2022,"15,033486","15,006823","14,877952","15,331223",68730600.0
3-ago.-2022,"15,055706","15,113475","14,913503","15,180133",65496700.0
4-ago.-2022,"15,202352","15,144582","14,922391","15,286785",53950400.0
5-ago.-2022,"15,495645","15,175689","15,162358","15,580078",77557900.0
8-ago.-2022,"16,27776","15,615629","15,611185","16,339973",109005600.0
9-ago.-2022,"16,54439","16,446625","16,375524","16,646598",78064000.0
10-ago.-2022,"16,491064","16,731031","16,268872","16,731031",77379500.0
11-ago.-2022,"16,108894","16,642154","16,108894","16,824351",127296200.0
12-ago.-2022,"17,305141","15,880782","15,869868","17,370629",170411400.0
15-ago.-2022,"17,310599","16,852184","16,672093","17,588922",96422800.0
16-ago.-2022,"17,468861","17,310599","17,190538","17,501605",64015000.0
17-ago.-2022,"17,878159","17,272397","17,245111","17,910903",72587900.0
18-ago.-2022,"18,238342","18,063708","17,93819","18,369317",84063000.0
19-ago.-2022,"17,316056","17,965476","17,097763","18,090994",124266100.0
22-ago.-2022,"17,687153","17,321513","16,633892","17,779928",92049700.0
23-ago.-2022,"18,249257","17,807214","17,801757","18,282",72903200.0
24-ago.-2022,"18,358403","18,30383","18,145568","18,620354",60670300.0
25-ago.-2022,"18,16194","18,609439","17,829043","18,751329",99214200.0
26-ago.-2022,"18,358403","18,16194","17,77447","18,374775",63335100.0
29-ago.-2022,"18,816817","18,309287","18,254714","19,144256",72914500.0
30-ago.-2022,"17,698068","18,554866","17,610751","18,674927",98286300.0
31-ago.-2022,"18,134653","17,501605","17,365172","18,249257",113976000.0
1-set.-2022,"18,473006","18,205598","17,878159","18,52758",68756700.0
2-set.-2022,"18,238342","18,794988","18,151025","18,865933",81579000.0
5-set.-2022,"18,189226","18,473006","18,090994","18,614897",75748300.0
6-set.-2022,"17,517977","17,610751","17,195995","17,785385",111163800.0
8-set.-2022,"17,354257","17,63258","17,135965","17,889074",62878700.0
9-set.-2022,"17,3488","17,730812","17,299684","17,829043",49488400.0
12-set.-2022,"17,234196","17,545263","17,168708","17,861787",71029800.0
13-set.-2022,"16,726666","16,884928","16,655721","17,157794",87983400.0
14-set.-2022,"16,98316","16,781239","16,715751","17,152337",48807000.0
15-set.-2022,"16,950416","16,874014","16,808526","17,04319",45273400.0
16-set.-2022,"16,797611","16,84127","16,557489","16,890385",106177600.0
19-set.-2022,"17,06502","16,644806","16,306453","17,12505",65077000.0
20-set.-2022,"16,966788","17,146879","16,830355","17,245111",67062600.0
21-set.-2022,"17,010446","17,108678","16,857642","17,174166",58249000.0
22-set.-2022,"17,43066","17,179623","16,934044","17,507062",69488700.0
23-set.-2022,"16,339197","17,092306","16,246422","17,130507",137588500.0
26-set.-2022,"16,077246","16,219136","15,940813","16,415599",79420700.0
27-set.-2022,"16,191849","16,317368","16,104532","16,481087",70821700.0
28-set.-2022,"15,973557","16,191849","15,597002","16,273709",104270600.0
29-set.-2022,"15,995386","15,820752","15,607917","16,044502",87316600.0
30-set.-2022,"16,262794","15,94627","15,826209","16,639349",121098300.0
3-out.-2022,"17,561635","17,414288","17,277855","17,812671",177579000.0
4-out.-2022,"17,119593","17,954562","16,955873","17,99822",115437200.0
5-out.-2022,"17,763556","17,141422","17,026818","17,910903",91971800.0
6-out.-2022,"18,369317","18,009135","17,703525","18,440263",82058800.0
7-out.-2022,"18,352946","18,325659","18,129196","18,7295",72701500.0
10-out.-2022,"18,145568","18,36386","18,009135","18,494836",51814400.0
11-out.-2022,"18,009135","17,949104","17,7963","18,189226",58031100.0
13-out.-2022,"18,522122","17,736269","17,687153","18,822274",90841000.0
14-out.-2022,"18,238342","18,538494","18,172854","18,631269",61926100.0
17-out.-2022,"18,22197","18,14011","17,921818","18,636726",100617400.0
18-out.-2022,"18,66947","18,500293","18,096452","18,680384",81207100.0
19-out.-2022,"19,329805","18,625811","18,565781","19,406207",113197700.0
20-out.-2022,"19,902823","19,700902","19,520811","19,946481",113783300.0
21-out.-2022,"20,584987","19,891908","19,859164","20,950627",138716100.0
24-out.-2022,"18,691299","19,919195","18,680384","20,093829",141295900.0
25-out.-2022,"18,298372","18,576695","18,123738","18,827732",111559100.0
26-out.-2022,"17,850873","17,790842","17,40883","18,298372",120939000.0
27-out.-2022,"17,987306","17,905446","17,829043","18,30383",110143700.0
28-out.-2022,"17,77447","17,845415","17,387001","18,074623",128499800.0
31-out.-2022,"16,268252","16,704837","15,913526","17,245111",261684400.0
1-nov.-2022,"16,295538","16,683008","16,131819","16,737581",114888300.0
3-nov.-2022,"16,344654","16,262794","16,066331","16,584776",137787400.0
4-nov.-2022,"15,444197","16,808526","15,37871","16,863099",193762100.0
7-nov.-2022,"14,816606","15,258649","14,772948","15,444197",117206600.0
8-nov.-2022,"14,925753","14,767491","14,598314","15,023984",94745400.0
9-nov.-2022,"14,680173","14,816606","14,538283","15,253191",103303500.0
10-nov.-2022,"14,254503","14,232674","13,97618","14,674716",145470100.0
11-nov.-2022,"14,729289","14,079869","14,025296","14,93121",146364300.0
14-nov.-2022,"15,116759","14,876637","14,783862","15,37871",66639500.0
16-nov.-2022,"14,816606","15,176789","14,696545","15,340508",85549900.0
17-nov.-2022,"14,822064","14,734747","14,489168","14,898466",101525800.0
18-nov.-2022,"14,571027","14,953039","14,309076","15,062185",127175600.0
21-nov.-2022,"14,614686","14,800234","14,216302","15,045814",164898100.0
22-nov.-2022,"14,551625","14,345794","13,909183","14,613998",164261300.0
23-nov.-2022,"14,620235","14,345794","14,221048","14,751219",77317300.0
24-nov.-2022,"15,125457","14,670134","14,501727","15,362474",94233800.0
25-nov.-2022,"14,882202","15,131694","14,720032","15,175355",58635900.0
28-nov.-2022,"15,194067","14,751219","14,682608","15,312576",56067400.0
29-nov.-2022,"15,830272","15,343762","15,268915","16,142137",96151500.0
30-nov.-2022,"16,628647","15,967493","15,90512","16,628647",120774700.0
1-dez.-2022,"15,961255","16,578748","15,942543","16,709732",71259400.0
2-dez.-2022,"16,160849","16,023628","15,786611","16,497663",66301000.0
5-dez.-2022,"15,979967","16,216985","15,936306","16,578748",56065400.0
6-dez.-2022,"15,992442","16,104713","15,855221","16,460239",74991200.0
7-dez.-2022,"15,81156","15,805323","15,761662","16,260646",57008400.0
8-dez.-2022,"15,456034","15,936306","15,368712","16,086001",55567700.0
9-dez.-2022,"15,412373","15,587017","15,275152","15,624441",61586200.0
12-dez.-2022,"14,913389","15,331288","14,426879","15,381186",111293100.0
13-dez.-2022,"14,545388","15,031897","14,539151","15,09427",102533100.0
14-dez.-2022,"13,391487","14,033929","12,954876","14,096302",319501600.0
15-dez.-2022,"13,747013","13,098334","12,9923","13,952844",132385600.0
16-dez.-2022,"13,75325","13,697115","13,416436","13,790674",89835200.0
19-dez.-2022,"13,959081","13,784437","13,497521","14,040166",63074100.0
20-dez.-2022,"14,389455","13,965319","13,853047","14,495489",71875500.0
21-dez.-2022,"14,70132","14,657659","14,252235","14,79488",74252800.0
22-dez.-2022,"14,963287","14,907151","14,782405","15,318813",81894800.0
23-dez.-2022,"15,668102","15,050609","15,050609","15,730475",68387900.0
26-dez.-2022,"15,555831","15,668102","15,480983","15,780374",28765200.0
27-dez.-2022,"15,661865","15,749187","15,312576","15,786611",50803200.0
28-dez.-2022,"15,468508","15,655628","15,437322","15,792848",57293500.0
29-dez.-2022,"15,281389","15,587017","15,237728","15,624441",57901800.0
